======================================================================
🚀 TRINO WORKER STARTED
======================================================================
📍 PostgreSQL: localhost:5432/trino_charts
📅 Backfill start date: 2025-01-01
⏱️  Poll interval: 10s
🔄 Max retries: 3
======================================================================


🔄 Processing job #344 (backfill) - attempt 4/3
   SQL hash: a485ee54bddcb29985c302eaf5fb03f2
   📅 Backfill (resume): existing 1 rows (0 months), 15 missing months
   🔧 Filling 15 missing months...
      Fetching 2026-03-01 (1/15)... ❌ Error: Execution failed on sql '-- Description: Total volume by pool category
-- Shows volume distribution across SOL-stable, stable-stable, and others
-- Priority-based volume calculation for accurate USD valuation

/*
Logic:
- SOL-stable: one token is SOL, other is stablecoin
- Stable-stable: both tokens are stablecoins
- Others: everything else
- Volume calculation priority: SOL → stablecoin → token price
- Daily and cumulative totals per category
*/

WITH excluded_pools AS (
    SELECT DISTINCT pool_address
    FROM orca.whirlpool_config
    WHERE config <> '2LecshUwdy9xi7meFgHtFJQNSKk4KdTrcpvaB56dP2NQ'
),

stablecoins AS (
    SELECT mint FROM (VALUES 
        ('EPjFWdd5AufqSSqeM2qN1xzybapC8G4wEGGkZwyTDt1v'),
        ('Es9vMFrzaCERmJfrF4H2FYD4KCoNkY11McCe8BenwNYB'),
        ('2b1kV6DkPAnxd5ixfnxCpjxmKwqjjaYmCZfHsFu24GXo'),
        ('DEkqHyPN7GMRJ5cArtQFAWefqbZb33Hyf6s5iCwjEonT'),
        ('USDSwr9ApdHk5bvJKMjzff41FfuX8bSxdKcR81vTwcA'),
        ('9zNQRsGLjNKwCUU5Gq5LR8beUCPzQMVMqKAi3SSZh54u'),
        ('HzwqbKZw8HxMN6bF2yFZNrht3c2iXXzpKcFu7uBEDKtr'),
        ('susdabGDNbhrnCa6ncrYo81u4s9GM8ecK2UwMyZiq4X'),
        ('AUSD1jCcCyPLybk1YnvPWsHQSrZ46dxwoMniN4N2UEB9'),
        ('2VhjJ9WxaGC3EZFwJG9BDUs9KxKCAjQY4vgd1qxgYWVg'),
        ('A1KLoBrKBde8Ty9qtNQUtq3C2ortoC3u7twggz7sEto6'),
        ('2u1tszSeqZ3qBWF3uNGPFc8TzMk2tdiwknnRMWGWjGWH'),
        ('5H4voZhzySsVvwVYDAKku8MZGuYBC7cXaBKDPW4YHWW1'),
        ('C4Kkr9NZU3VbyedcgutU6LKmi6MKz81sx6gRmk5pX519'),
        ('AhhdRu5YZdjVkKR3wbnUDaymVQL2ucjMQ63sZ3LFHsch'),
        ('9TPL8droGJ7jThsq4momaoz6uhTcvX2SeMqipoPmNa8R'),
        ('Crn4x1Y2HUKko7ox2EZMT6N2t2ZyH7eKtwkBGVnhEq1g'),
        ('FrBfWJ4qE5sCzKm3k3JaAtqZcXUh4LvJygDeketsrsH4'),
        ('AvZZF1YaZDziPY2RCK4oJrRVrbN3mTD9NL24hPeaZeUj'),
        ('6FrrzDk5mQARGc1TDYoyVnSyRdds1t4PbtohCD6p3tgG')
    ) AS t(mint)
),

categorized_trades AS (
    SELECT 
        t.block_date,
        CASE
            WHEN (t.token_sold_mint = 'So11111111111111111111111111111111111111112' AND sb.mint IS NOT NULL) 
              OR (ss.mint IS NOT NULL AND t.token_bought_mint = 'So11111111111111111111111111111111111111112') THEN 'SOL-stable'
            WHEN ss.mint IS NOT NULL AND sb.mint IS NOT NULL THEN 'stable-stable'
            ELSE 'others'
        END as pool_category,
        SUM(
            CASE 
                -- Priority 1: If SOL is bought, use SOL amount * price
                WHEN t.token_bought_mint = 'So11111111111111111111111111111111111111112'
                THEN t.token_bought_amount * COALESCE(psol.price_in_usd, 0)
                -- Priority 2: If SOL is sold, use SOL amount * price
                WHEN t.token_sold_mint = 'So11111111111111111111111111111111111111112'
                THEN t.token_sold_amount * COALESCE(psol.price_in_usd, 0)
                -- Priority 3: If stablecoin is bought, use stablecoin amount * price
                WHEN sb.mint IS NOT NULL
                THEN t.token_bought_amount * COALESCE(pb.price_in_usd, 0)
                -- Priority 4: If stablecoin is sold, use stablecoin amount * price
                WHEN ss.mint IS NOT NULL
                THEN t.token_sold_amount * COALESCE(ps.price_in_usd, 0)
                -- Priority 5: Neither has SOL or stablecoin, use bought token price
                ELSE t.token_bought_amount * COALESCE(pb.price_in_usd, 0)
            END
        ) as volume_usd
    FROM solana.dex_trades t
    LEFT JOIN stablecoins ss ON t.token_sold_mint = ss.mint
    LEFT JOIN stablecoins sb ON t.token_bought_mint = sb.mint
    LEFT JOIN solana.token_prices_1m psol ON psol.mint = 'So11111111111111111111111111111111111111112'
        AND DATE_TRUNC('minute', t.block_time) = psol.minute
    LEFT JOIN solana.token_prices_1m pb ON t.token_bought_mint = pb.mint
        AND DATE_TRUNC('minute', t.block_time) = pb.minute
        AND pb.mint <> 'FATYxjEcXNYinyoR8SzHBKtzLz8qYRdUaHpxPS7dvirt'
    LEFT JOIN solana.token_prices_1m ps ON t.token_sold_mint = ps.mint
        AND DATE_TRUNC('minute', t.block_time) = ps.minute
        AND ps.mint <> 'FATYxjEcXNYinyoR8SzHBKtzLz8qYRdUaHpxPS7dvirt'
    WHERE DATE_TRUNC('month', t.block_date) = DATE('2026-03-01')
      AND t.block_date < CURRENT_DATE
      AND t.pool_address NOT IN (SELECT pool_address FROM excluded_pools)
    GROUP BY 1, 2
)

SELECT 
    block_date,
    pool_category,
    ROUND(volume_usd, 2) as daily_volume_usd,
    ROUND(SUM(volume_usd) OVER (PARTITION BY pool_category ORDER BY block_date), 2) as cumulative_volume_usd
FROM categorized_trades
ORDER BY block_date, daily_volume_usd DESC
 LIMIT 10000': (trino.exceptions.TrinoExternalError) TrinoExternalError(type=EXTERNAL, name=ICEBERG_CANNOT_OPEN_SPLIT, message="Error opening Iceberg split s3://iceberg-warehouse/solana/token_prices_1m/data/block_date=2026-02-24/20260224_130003_00278_rdt68-e226a663-1601-4b06-b3e3-b90c724b505a.parquet (offset=4, length=273734): Failed to open S3 file: s3://iceberg-warehouse/solana/token_prices_1m/data/block_date=2026-02-24/20260224_130003_00278_rdt68-e226a663-1601-4b06-b3e3-b90c724b505a.parquet", query_id=20260310_071444_00376_tt3h2)
[SQL: -- Description: Total volume by pool category
-- Shows volume distribution across SOL-stable, stable-stable, and others
-- Priority-based volume calculation for accurate USD valuation

/*
Logic:
- SOL-stable: one token is SOL, other is stablecoin
- Stable-stable: both tokens are stablecoins
- Others: everything else
- Volume calculation priority: SOL → stablecoin → token price
- Daily and cumulative totals per category
*/

WITH excluded_pools AS (
    SELECT DISTINCT pool_address
    FROM orca.whirlpool_config
    WHERE config <> '2LecshUwdy9xi7meFgHtFJQNSKk4KdTrcpvaB56dP2NQ'
),

stablecoins AS (
    SELECT mint FROM (VALUES 
        ('EPjFWdd5AufqSSqeM2qN1xzybapC8G4wEGGkZwyTDt1v'),
        ('Es9vMFrzaCERmJfrF4H2FYD4KCoNkY11McCe8BenwNYB'),
        ('2b1kV6DkPAnxd5ixfnxCpjxmKwqjjaYmCZfHsFu24GXo'),
        ('DEkqHyPN7GMRJ5cArtQFAWefqbZb33Hyf6s5iCwjEonT'),
        ('USDSwr9ApdHk5bvJKMjzff41FfuX8bSxdKcR81vTwcA'),
        ('9zNQRsGLjNKwCUU5Gq5LR8beUCPzQMVMqKAi3SSZh54u'),
        ('HzwqbKZw8HxMN6bF2yFZNrht3c2iXXzpKcFu7uBEDKtr'),
        ('susdabGDNbhrnCa6ncrYo81u4s9GM8ecK2UwMyZiq4X'),
        ('AUSD1jCcCyPLybk1YnvPWsHQSrZ46dxwoMniN4N2UEB9'),
        ('2VhjJ9WxaGC3EZFwJG9BDUs9KxKCAjQY4vgd1qxgYWVg'),
        ('A1KLoBrKBde8Ty9qtNQUtq3C2ortoC3u7twggz7sEto6'),
        ('2u1tszSeqZ3qBWF3uNGPFc8TzMk2tdiwknnRMWGWjGWH'),
        ('5H4voZhzySsVvwVYDAKku8MZGuYBC7cXaBKDPW4YHWW1'),
        ('C4Kkr9NZU3VbyedcgutU6LKmi6MKz81sx6gRmk5pX519'),
        ('AhhdRu5YZdjVkKR3wbnUDaymVQL2ucjMQ63sZ3LFHsch'),
        ('9TPL8droGJ7jThsq4momaoz6uhTcvX2SeMqipoPmNa8R'),
        ('Crn4x1Y2HUKko7ox2EZMT6N2t2ZyH7eKtwkBGVnhEq1g'),
        ('FrBfWJ4qE5sCzKm3k3JaAtqZcXUh4LvJygDeketsrsH4'),
        ('AvZZF1YaZDziPY2RCK4oJrRVrbN3mTD9NL24hPeaZeUj'),
        ('6FrrzDk5mQARGc1TDYoyVnSyRdds1t4PbtohCD6p3tgG')
    ) AS t(mint)
),

categorized_trades AS (
    SELECT 
        t.block_date,
        CASE
            WHEN (t.token_sold_mint = 'So11111111111111111111111111111111111111112' AND sb.mint IS NOT NULL) 
              OR (ss.mint IS NOT NULL AND t.token_bought_mint = 'So11111111111111111111111111111111111111112') THEN 'SOL-stable'
            WHEN ss.mint IS NOT NULL AND sb.mint IS NOT NULL THEN 'stable-stable'
            ELSE 'others'
        END as pool_category,
        SUM(
            CASE 
                -- Priority 1: If SOL is bought, use SOL amount * price
                WHEN t.token_bought_mint = 'So11111111111111111111111111111111111111112'
                THEN t.token_bought_amount * COALESCE(psol.price_in_usd, 0)
                -- Priority 2: If SOL is sold, use SOL amount * price
                WHEN t.token_sold_mint = 'So11111111111111111111111111111111111111112'
                THEN t.token_sold_amount * COALESCE(psol.price_in_usd, 0)
                -- Priority 3: If stablecoin is bought, use stablecoin amount * price
                WHEN sb.mint IS NOT NULL
                THEN t.token_bought_amount * COALESCE(pb.price_in_usd, 0)
                -- Priority 4: If stablecoin is sold, use stablecoin amount * price
                WHEN ss.mint IS NOT NULL
                THEN t.token_sold_amount * COALESCE(ps.price_in_usd, 0)
                -- Priority 5: Neither has SOL or stablecoin, use bought token price
                ELSE t.token_bought_amount * COALESCE(pb.price_in_usd, 0)
            END
        ) as volume_usd
    FROM solana.dex_trades t
    LEFT JOIN stablecoins ss ON t.token_sold_mint = ss.mint
    LEFT JOIN stablecoins sb ON t.token_bought_mint = sb.mint
    LEFT JOIN solana.token_prices_1m psol ON psol.mint = 'So11111111111111111111111111111111111111112'
        AND DATE_TRUNC('minute', t.block_time) = psol.minute
    LEFT JOIN solana.token_prices_1m pb ON t.token_bought_mint = pb.mint
        AND DATE_TRUNC('minute', t.block_time) = pb.minute
        AND pb.mint <> 'FATYxjEcXNYinyoR8SzHBKtzLz8qYRdUaHpxPS7dvirt'
    LEFT JOIN solana.token_prices_1m ps ON t.token_sold_mint = ps.mint
        AND DATE_TRUNC('minute', t.block_time) = ps.minute
        AND ps.mint <> 'FATYxjEcXNYinyoR8SzHBKtzLz8qYRdUaHpxPS7dvirt'
    WHERE DATE_TRUNC('month', t.block_date) = DATE('2026-03-01')
      AND t.block_date < CURRENT_DATE
      AND t.pool_address NOT IN (SELECT pool_address FROM excluded_pools)
    GROUP BY 1, 2
)

SELECT 
    block_date,
    pool_category,
    ROUND(volume_usd, 2) as daily_volume_usd,
    ROUND(SUM(volume_usd) OVER (PARTITION BY pool_category ORDER BY block_date), 2) as cumulative_volume_usd
FROM categorized_trades
ORDER BY block_date, daily_volume_usd DESC
 LIMIT 10000]
(Background on this error at: https://sqlalche.me/e/20/e3q8)
      Fetching 2026-02-01 (2/15)... ❌ Error: Execution failed on sql '-- Description: Total volume by pool category
-- Shows volume distribution across SOL-stable, stable-stable, and others
-- Priority-based volume calculation for accurate USD valuation

/*
Logic:
- SOL-stable: one token is SOL, other is stablecoin
- Stable-stable: both tokens are stablecoins
- Others: everything else
- Volume calculation priority: SOL → stablecoin → token price
- Daily and cumulative totals per category
*/

WITH excluded_pools AS (
    SELECT DISTINCT pool_address
    FROM orca.whirlpool_config
    WHERE config <> '2LecshUwdy9xi7meFgHtFJQNSKk4KdTrcpvaB56dP2NQ'
),

stablecoins AS (
    SELECT mint FROM (VALUES 
        ('EPjFWdd5AufqSSqeM2qN1xzybapC8G4wEGGkZwyTDt1v'),
        ('Es9vMFrzaCERmJfrF4H2FYD4KCoNkY11McCe8BenwNYB'),
        ('2b1kV6DkPAnxd5ixfnxCpjxmKwqjjaYmCZfHsFu24GXo'),
        ('DEkqHyPN7GMRJ5cArtQFAWefqbZb33Hyf6s5iCwjEonT'),
        ('USDSwr9ApdHk5bvJKMjzff41FfuX8bSxdKcR81vTwcA'),
        ('9zNQRsGLjNKwCUU5Gq5LR8beUCPzQMVMqKAi3SSZh54u'),
        ('HzwqbKZw8HxMN6bF2yFZNrht3c2iXXzpKcFu7uBEDKtr'),
        ('susdabGDNbhrnCa6ncrYo81u4s9GM8ecK2UwMyZiq4X'),
        ('AUSD1jCcCyPLybk1YnvPWsHQSrZ46dxwoMniN4N2UEB9'),
        ('2VhjJ9WxaGC3EZFwJG9BDUs9KxKCAjQY4vgd1qxgYWVg'),
        ('A1KLoBrKBde8Ty9qtNQUtq3C2ortoC3u7twggz7sEto6'),
        ('2u1tszSeqZ3qBWF3uNGPFc8TzMk2tdiwknnRMWGWjGWH'),
        ('5H4voZhzySsVvwVYDAKku8MZGuYBC7cXaBKDPW4YHWW1'),
        ('C4Kkr9NZU3VbyedcgutU6LKmi6MKz81sx6gRmk5pX519'),
        ('AhhdRu5YZdjVkKR3wbnUDaymVQL2ucjMQ63sZ3LFHsch'),
        ('9TPL8droGJ7jThsq4momaoz6uhTcvX2SeMqipoPmNa8R'),
        ('Crn4x1Y2HUKko7ox2EZMT6N2t2ZyH7eKtwkBGVnhEq1g'),
        ('FrBfWJ4qE5sCzKm3k3JaAtqZcXUh4LvJygDeketsrsH4'),
        ('AvZZF1YaZDziPY2RCK4oJrRVrbN3mTD9NL24hPeaZeUj'),
        ('6FrrzDk5mQARGc1TDYoyVnSyRdds1t4PbtohCD6p3tgG')
    ) AS t(mint)
),

categorized_trades AS (
    SELECT 
        t.block_date,
        CASE
            WHEN (t.token_sold_mint = 'So11111111111111111111111111111111111111112' AND sb.mint IS NOT NULL) 
              OR (ss.mint IS NOT NULL AND t.token_bought_mint = 'So11111111111111111111111111111111111111112') THEN 'SOL-stable'
            WHEN ss.mint IS NOT NULL AND sb.mint IS NOT NULL THEN 'stable-stable'
            ELSE 'others'
        END as pool_category,
        SUM(
            CASE 
                -- Priority 1: If SOL is bought, use SOL amount * price
                WHEN t.token_bought_mint = 'So11111111111111111111111111111111111111112'
                THEN t.token_bought_amount * COALESCE(psol.price_in_usd, 0)
                -- Priority 2: If SOL is sold, use SOL amount * price
                WHEN t.token_sold_mint = 'So11111111111111111111111111111111111111112'
                THEN t.token_sold_amount * COALESCE(psol.price_in_usd, 0)
                -- Priority 3: If stablecoin is bought, use stablecoin amount * price
                WHEN sb.mint IS NOT NULL
                THEN t.token_bought_amount * COALESCE(pb.price_in_usd, 0)
                -- Priority 4: If stablecoin is sold, use stablecoin amount * price
                WHEN ss.mint IS NOT NULL
                THEN t.token_sold_amount * COALESCE(ps.price_in_usd, 0)
                -- Priority 5: Neither has SOL or stablecoin, use bought token price
                ELSE t.token_bought_amount * COALESCE(pb.price_in_usd, 0)
            END
        ) as volume_usd
    FROM solana.dex_trades t
    LEFT JOIN stablecoins ss ON t.token_sold_mint = ss.mint
    LEFT JOIN stablecoins sb ON t.token_bought_mint = sb.mint
    LEFT JOIN solana.token_prices_1m psol ON psol.mint = 'So11111111111111111111111111111111111111112'
        AND DATE_TRUNC('minute', t.block_time) = psol.minute
    LEFT JOIN solana.token_prices_1m pb ON t.token_bought_mint = pb.mint
        AND DATE_TRUNC('minute', t.block_time) = pb.minute
        AND pb.mint <> 'FATYxjEcXNYinyoR8SzHBKtzLz8qYRdUaHpxPS7dvirt'
    LEFT JOIN solana.token_prices_1m ps ON t.token_sold_mint = ps.mint
        AND DATE_TRUNC('minute', t.block_time) = ps.minute
        AND ps.mint <> 'FATYxjEcXNYinyoR8SzHBKtzLz8qYRdUaHpxPS7dvirt'
    WHERE DATE_TRUNC('month', t.block_date) = DATE('2026-02-01')
      AND t.block_date < CURRENT_DATE
      AND t.pool_address NOT IN (SELECT pool_address FROM excluded_pools)
    GROUP BY 1, 2
)

SELECT 
    block_date,
    pool_category,
    ROUND(volume_usd, 2) as daily_volume_usd,
    ROUND(SUM(volume_usd) OVER (PARTITION BY pool_category ORDER BY block_date), 2) as cumulative_volume_usd
FROM categorized_trades
ORDER BY block_date, daily_volume_usd DESC
 LIMIT 10000': (trino.exceptions.TrinoExternalError) TrinoExternalError(type=EXTERNAL, name=ICEBERG_CANNOT_OPEN_SPLIT, message="Error opening Iceberg split s3://iceberg-warehouse/solana/token_prices_1m/data/block_date=2026-03-06/20260306_130007_01188_tt3h2-d9818cec-1a85-4550-90ef-853f9f771bf1.parquet (offset=4, length=383003): Failed to open S3 file: s3://iceberg-warehouse/solana/token_prices_1m/data/block_date=2026-03-06/20260306_130007_01188_tt3h2-d9818cec-1a85-4550-90ef-853f9f771bf1.parquet", query_id=20260310_071456_00378_tt3h2)
[SQL: -- Description: Total volume by pool category
-- Shows volume distribution across SOL-stable, stable-stable, and others
-- Priority-based volume calculation for accurate USD valuation

/*
Logic:
- SOL-stable: one token is SOL, other is stablecoin
- Stable-stable: both tokens are stablecoins
- Others: everything else
- Volume calculation priority: SOL → stablecoin → token price
- Daily and cumulative totals per category
*/

WITH excluded_pools AS (
    SELECT DISTINCT pool_address
    FROM orca.whirlpool_config
    WHERE config <> '2LecshUwdy9xi7meFgHtFJQNSKk4KdTrcpvaB56dP2NQ'
),

stablecoins AS (
    SELECT mint FROM (VALUES 
        ('EPjFWdd5AufqSSqeM2qN1xzybapC8G4wEGGkZwyTDt1v'),
        ('Es9vMFrzaCERmJfrF4H2FYD4KCoNkY11McCe8BenwNYB'),
        ('2b1kV6DkPAnxd5ixfnxCpjxmKwqjjaYmCZfHsFu24GXo'),
        ('DEkqHyPN7GMRJ5cArtQFAWefqbZb33Hyf6s5iCwjEonT'),
        ('USDSwr9ApdHk5bvJKMjzff41FfuX8bSxdKcR81vTwcA'),
        ('9zNQRsGLjNKwCUU5Gq5LR8beUCPzQMVMqKAi3SSZh54u'),
        ('HzwqbKZw8HxMN6bF2yFZNrht3c2iXXzpKcFu7uBEDKtr'),
        ('susdabGDNbhrnCa6ncrYo81u4s9GM8ecK2UwMyZiq4X'),
        ('AUSD1jCcCyPLybk1YnvPWsHQSrZ46dxwoMniN4N2UEB9'),
        ('2VhjJ9WxaGC3EZFwJG9BDUs9KxKCAjQY4vgd1qxgYWVg'),
        ('A1KLoBrKBde8Ty9qtNQUtq3C2ortoC3u7twggz7sEto6'),
        ('2u1tszSeqZ3qBWF3uNGPFc8TzMk2tdiwknnRMWGWjGWH'),
        ('5H4voZhzySsVvwVYDAKku8MZGuYBC7cXaBKDPW4YHWW1'),
        ('C4Kkr9NZU3VbyedcgutU6LKmi6MKz81sx6gRmk5pX519'),
        ('AhhdRu5YZdjVkKR3wbnUDaymVQL2ucjMQ63sZ3LFHsch'),
        ('9TPL8droGJ7jThsq4momaoz6uhTcvX2SeMqipoPmNa8R'),
        ('Crn4x1Y2HUKko7ox2EZMT6N2t2ZyH7eKtwkBGVnhEq1g'),
        ('FrBfWJ4qE5sCzKm3k3JaAtqZcXUh4LvJygDeketsrsH4'),
        ('AvZZF1YaZDziPY2RCK4oJrRVrbN3mTD9NL24hPeaZeUj'),
        ('6FrrzDk5mQARGc1TDYoyVnSyRdds1t4PbtohCD6p3tgG')
    ) AS t(mint)
),

categorized_trades AS (
    SELECT 
        t.block_date,
        CASE
            WHEN (t.token_sold_mint = 'So11111111111111111111111111111111111111112' AND sb.mint IS NOT NULL) 
              OR (ss.mint IS NOT NULL AND t.token_bought_mint = 'So11111111111111111111111111111111111111112') THEN 'SOL-stable'
            WHEN ss.mint IS NOT NULL AND sb.mint IS NOT NULL THEN 'stable-stable'
            ELSE 'others'
        END as pool_category,
        SUM(
            CASE 
                -- Priority 1: If SOL is bought, use SOL amount * price
                WHEN t.token_bought_mint = 'So11111111111111111111111111111111111111112'
                THEN t.token_bought_amount * COALESCE(psol.price_in_usd, 0)
                -- Priority 2: If SOL is sold, use SOL amount * price
                WHEN t.token_sold_mint = 'So11111111111111111111111111111111111111112'
                THEN t.token_sold_amount * COALESCE(psol.price_in_usd, 0)
                -- Priority 3: If stablecoin is bought, use stablecoin amount * price
                WHEN sb.mint IS NOT NULL
                THEN t.token_bought_amount * COALESCE(pb.price_in_usd, 0)
                -- Priority 4: If stablecoin is sold, use stablecoin amount * price
                WHEN ss.mint IS NOT NULL
                THEN t.token_sold_amount * COALESCE(ps.price_in_usd, 0)
                -- Priority 5: Neither has SOL or stablecoin, use bought token price
                ELSE t.token_bought_amount * COALESCE(pb.price_in_usd, 0)
            END
        ) as volume_usd
    FROM solana.dex_trades t
    LEFT JOIN stablecoins ss ON t.token_sold_mint = ss.mint
    LEFT JOIN stablecoins sb ON t.token_bought_mint = sb.mint
    LEFT JOIN solana.token_prices_1m psol ON psol.mint = 'So11111111111111111111111111111111111111112'
        AND DATE_TRUNC('minute', t.block_time) = psol.minute
    LEFT JOIN solana.token_prices_1m pb ON t.token_bought_mint = pb.mint
        AND DATE_TRUNC('minute', t.block_time) = pb.minute
        AND pb.mint <> 'FATYxjEcXNYinyoR8SzHBKtzLz8qYRdUaHpxPS7dvirt'
    LEFT JOIN solana.token_prices_1m ps ON t.token_sold_mint = ps.mint
        AND DATE_TRUNC('minute', t.block_time) = ps.minute
        AND ps.mint <> 'FATYxjEcXNYinyoR8SzHBKtzLz8qYRdUaHpxPS7dvirt'
    WHERE DATE_TRUNC('month', t.block_date) = DATE('2026-02-01')
      AND t.block_date < CURRENT_DATE
      AND t.pool_address NOT IN (SELECT pool_address FROM excluded_pools)
    GROUP BY 1, 2
)

SELECT 
    block_date,
    pool_category,
    ROUND(volume_usd, 2) as daily_volume_usd,
    ROUND(SUM(volume_usd) OVER (PARTITION BY pool_category ORDER BY block_date), 2) as cumulative_volume_usd
FROM categorized_trades
ORDER BY block_date, daily_volume_usd DESC
 LIMIT 10000]
(Background on this error at: https://sqlalche.me/e/20/e3q8)
      Fetching 2026-01-01 (3/15)... ❌ Error: Execution failed on sql '-- Description: Total volume by pool category
-- Shows volume distribution across SOL-stable, stable-stable, and others
-- Priority-based volume calculation for accurate USD valuation

/*
Logic:
- SOL-stable: one token is SOL, other is stablecoin
- Stable-stable: both tokens are stablecoins
- Others: everything else
- Volume calculation priority: SOL → stablecoin → token price
- Daily and cumulative totals per category
*/

WITH excluded_pools AS (
    SELECT DISTINCT pool_address
    FROM orca.whirlpool_config
    WHERE config <> '2LecshUwdy9xi7meFgHtFJQNSKk4KdTrcpvaB56dP2NQ'
),

stablecoins AS (
    SELECT mint FROM (VALUES 
        ('EPjFWdd5AufqSSqeM2qN1xzybapC8G4wEGGkZwyTDt1v'),
        ('Es9vMFrzaCERmJfrF4H2FYD4KCoNkY11McCe8BenwNYB'),
        ('2b1kV6DkPAnxd5ixfnxCpjxmKwqjjaYmCZfHsFu24GXo'),
        ('DEkqHyPN7GMRJ5cArtQFAWefqbZb33Hyf6s5iCwjEonT'),
        ('USDSwr9ApdHk5bvJKMjzff41FfuX8bSxdKcR81vTwcA'),
        ('9zNQRsGLjNKwCUU5Gq5LR8beUCPzQMVMqKAi3SSZh54u'),
        ('HzwqbKZw8HxMN6bF2yFZNrht3c2iXXzpKcFu7uBEDKtr'),
        ('susdabGDNbhrnCa6ncrYo81u4s9GM8ecK2UwMyZiq4X'),
        ('AUSD1jCcCyPLybk1YnvPWsHQSrZ46dxwoMniN4N2UEB9'),
        ('2VhjJ9WxaGC3EZFwJG9BDUs9KxKCAjQY4vgd1qxgYWVg'),
        ('A1KLoBrKBde8Ty9qtNQUtq3C2ortoC3u7twggz7sEto6'),
        ('2u1tszSeqZ3qBWF3uNGPFc8TzMk2tdiwknnRMWGWjGWH'),
        ('5H4voZhzySsVvwVYDAKku8MZGuYBC7cXaBKDPW4YHWW1'),
        ('C4Kkr9NZU3VbyedcgutU6LKmi6MKz81sx6gRmk5pX519'),
        ('AhhdRu5YZdjVkKR3wbnUDaymVQL2ucjMQ63sZ3LFHsch'),
        ('9TPL8droGJ7jThsq4momaoz6uhTcvX2SeMqipoPmNa8R'),
        ('Crn4x1Y2HUKko7ox2EZMT6N2t2ZyH7eKtwkBGVnhEq1g'),
        ('FrBfWJ4qE5sCzKm3k3JaAtqZcXUh4LvJygDeketsrsH4'),
        ('AvZZF1YaZDziPY2RCK4oJrRVrbN3mTD9NL24hPeaZeUj'),
        ('6FrrzDk5mQARGc1TDYoyVnSyRdds1t4PbtohCD6p3tgG')
    ) AS t(mint)
),

categorized_trades AS (
    SELECT 
        t.block_date,
        CASE
            WHEN (t.token_sold_mint = 'So11111111111111111111111111111111111111112' AND sb.mint IS NOT NULL) 
              OR (ss.mint IS NOT NULL AND t.token_bought_mint = 'So11111111111111111111111111111111111111112') THEN 'SOL-stable'
            WHEN ss.mint IS NOT NULL AND sb.mint IS NOT NULL THEN 'stable-stable'
            ELSE 'others'
        END as pool_category,
        SUM(
            CASE 
                -- Priority 1: If SOL is bought, use SOL amount * price
                WHEN t.token_bought_mint = 'So11111111111111111111111111111111111111112'
                THEN t.token_bought_amount * COALESCE(psol.price_in_usd, 0)
                -- Priority 2: If SOL is sold, use SOL amount * price
                WHEN t.token_sold_mint = 'So11111111111111111111111111111111111111112'
                THEN t.token_sold_amount * COALESCE(psol.price_in_usd, 0)
                -- Priority 3: If stablecoin is bought, use stablecoin amount * price
                WHEN sb.mint IS NOT NULL
                THEN t.token_bought_amount * COALESCE(pb.price_in_usd, 0)
                -- Priority 4: If stablecoin is sold, use stablecoin amount * price
                WHEN ss.mint IS NOT NULL
                THEN t.token_sold_amount * COALESCE(ps.price_in_usd, 0)
                -- Priority 5: Neither has SOL or stablecoin, use bought token price
                ELSE t.token_bought_amount * COALESCE(pb.price_in_usd, 0)
            END
        ) as volume_usd
    FROM solana.dex_trades t
    LEFT JOIN stablecoins ss ON t.token_sold_mint = ss.mint
    LEFT JOIN stablecoins sb ON t.token_bought_mint = sb.mint
    LEFT JOIN solana.token_prices_1m psol ON psol.mint = 'So11111111111111111111111111111111111111112'
        AND DATE_TRUNC('minute', t.block_time) = psol.minute
    LEFT JOIN solana.token_prices_1m pb ON t.token_bought_mint = pb.mint
        AND DATE_TRUNC('minute', t.block_time) = pb.minute
        AND pb.mint <> 'FATYxjEcXNYinyoR8SzHBKtzLz8qYRdUaHpxPS7dvirt'
    LEFT JOIN solana.token_prices_1m ps ON t.token_sold_mint = ps.mint
        AND DATE_TRUNC('minute', t.block_time) = ps.minute
        AND ps.mint <> 'FATYxjEcXNYinyoR8SzHBKtzLz8qYRdUaHpxPS7dvirt'
    WHERE DATE_TRUNC('month', t.block_date) = DATE('2026-01-01')
      AND t.block_date < CURRENT_DATE
      AND t.pool_address NOT IN (SELECT pool_address FROM excluded_pools)
    GROUP BY 1, 2
)

SELECT 
    block_date,
    pool_category,
    ROUND(volume_usd, 2) as daily_volume_usd,
    ROUND(SUM(volume_usd) OVER (PARTITION BY pool_category ORDER BY block_date), 2) as cumulative_volume_usd
FROM categorized_trades
ORDER BY block_date, daily_volume_usd DESC
 LIMIT 10000': (trino.exceptions.TrinoExternalError) TrinoExternalError(type=EXTERNAL, name=ICEBERG_CANNOT_OPEN_SPLIT, message="Error opening Iceberg split s3://iceberg-warehouse/solana/token_prices_1m/data/block_date=2026-03-04/20260304_060001_00167_tt3h2-f64fcfef-539e-4dd9-85ba-f9793ee5baea.parquet (offset=4, length=161216): Failed to open S3 file: s3://iceberg-warehouse/solana/token_prices_1m/data/block_date=2026-03-04/20260304_060001_00167_tt3h2-f64fcfef-539e-4dd9-85ba-f9793ee5baea.parquet", query_id=20260310_071458_00380_tt3h2)
[SQL: -- Description: Total volume by pool category
-- Shows volume distribution across SOL-stable, stable-stable, and others
-- Priority-based volume calculation for accurate USD valuation

/*
Logic:
- SOL-stable: one token is SOL, other is stablecoin
- Stable-stable: both tokens are stablecoins
- Others: everything else
- Volume calculation priority: SOL → stablecoin → token price
- Daily and cumulative totals per category
*/

WITH excluded_pools AS (
    SELECT DISTINCT pool_address
    FROM orca.whirlpool_config
    WHERE config <> '2LecshUwdy9xi7meFgHtFJQNSKk4KdTrcpvaB56dP2NQ'
),

stablecoins AS (
    SELECT mint FROM (VALUES 
        ('EPjFWdd5AufqSSqeM2qN1xzybapC8G4wEGGkZwyTDt1v'),
        ('Es9vMFrzaCERmJfrF4H2FYD4KCoNkY11McCe8BenwNYB'),
        ('2b1kV6DkPAnxd5ixfnxCpjxmKwqjjaYmCZfHsFu24GXo'),
        ('DEkqHyPN7GMRJ5cArtQFAWefqbZb33Hyf6s5iCwjEonT'),
        ('USDSwr9ApdHk5bvJKMjzff41FfuX8bSxdKcR81vTwcA'),
        ('9zNQRsGLjNKwCUU5Gq5LR8beUCPzQMVMqKAi3SSZh54u'),
        ('HzwqbKZw8HxMN6bF2yFZNrht3c2iXXzpKcFu7uBEDKtr'),
        ('susdabGDNbhrnCa6ncrYo81u4s9GM8ecK2UwMyZiq4X'),
        ('AUSD1jCcCyPLybk1YnvPWsHQSrZ46dxwoMniN4N2UEB9'),
        ('2VhjJ9WxaGC3EZFwJG9BDUs9KxKCAjQY4vgd1qxgYWVg'),
        ('A1KLoBrKBde8Ty9qtNQUtq3C2ortoC3u7twggz7sEto6'),
        ('2u1tszSeqZ3qBWF3uNGPFc8TzMk2tdiwknnRMWGWjGWH'),
        ('5H4voZhzySsVvwVYDAKku8MZGuYBC7cXaBKDPW4YHWW1'),
        ('C4Kkr9NZU3VbyedcgutU6LKmi6MKz81sx6gRmk5pX519'),
        ('AhhdRu5YZdjVkKR3wbnUDaymVQL2ucjMQ63sZ3LFHsch'),
        ('9TPL8droGJ7jThsq4momaoz6uhTcvX2SeMqipoPmNa8R'),
        ('Crn4x1Y2HUKko7ox2EZMT6N2t2ZyH7eKtwkBGVnhEq1g'),
        ('FrBfWJ4qE5sCzKm3k3JaAtqZcXUh4LvJygDeketsrsH4'),
        ('AvZZF1YaZDziPY2RCK4oJrRVrbN3mTD9NL24hPeaZeUj'),
        ('6FrrzDk5mQARGc1TDYoyVnSyRdds1t4PbtohCD6p3tgG')
    ) AS t(mint)
),

categorized_trades AS (
    SELECT 
        t.block_date,
        CASE
            WHEN (t.token_sold_mint = 'So11111111111111111111111111111111111111112' AND sb.mint IS NOT NULL) 
              OR (ss.mint IS NOT NULL AND t.token_bought_mint = 'So11111111111111111111111111111111111111112') THEN 'SOL-stable'
            WHEN ss.mint IS NOT NULL AND sb.mint IS NOT NULL THEN 'stable-stable'
            ELSE 'others'
        END as pool_category,
        SUM(
            CASE 
                -- Priority 1: If SOL is bought, use SOL amount * price
                WHEN t.token_bought_mint = 'So11111111111111111111111111111111111111112'
                THEN t.token_bought_amount * COALESCE(psol.price_in_usd, 0)
                -- Priority 2: If SOL is sold, use SOL amount * price
                WHEN t.token_sold_mint = 'So11111111111111111111111111111111111111112'
                THEN t.token_sold_amount * COALESCE(psol.price_in_usd, 0)
                -- Priority 3: If stablecoin is bought, use stablecoin amount * price
                WHEN sb.mint IS NOT NULL
                THEN t.token_bought_amount * COALESCE(pb.price_in_usd, 0)
                -- Priority 4: If stablecoin is sold, use stablecoin amount * price
                WHEN ss.mint IS NOT NULL
                THEN t.token_sold_amount * COALESCE(ps.price_in_usd, 0)
                -- Priority 5: Neither has SOL or stablecoin, use bought token price
                ELSE t.token_bought_amount * COALESCE(pb.price_in_usd, 0)
            END
        ) as volume_usd
    FROM solana.dex_trades t
    LEFT JOIN stablecoins ss ON t.token_sold_mint = ss.mint
    LEFT JOIN stablecoins sb ON t.token_bought_mint = sb.mint
    LEFT JOIN solana.token_prices_1m psol ON psol.mint = 'So11111111111111111111111111111111111111112'
        AND DATE_TRUNC('minute', t.block_time) = psol.minute
    LEFT JOIN solana.token_prices_1m pb ON t.token_bought_mint = pb.mint
        AND DATE_TRUNC('minute', t.block_time) = pb.minute
        AND pb.mint <> 'FATYxjEcXNYinyoR8SzHBKtzLz8qYRdUaHpxPS7dvirt'
    LEFT JOIN solana.token_prices_1m ps ON t.token_sold_mint = ps.mint
        AND DATE_TRUNC('minute', t.block_time) = ps.minute
        AND ps.mint <> 'FATYxjEcXNYinyoR8SzHBKtzLz8qYRdUaHpxPS7dvirt'
    WHERE DATE_TRUNC('month', t.block_date) = DATE('2026-01-01')
      AND t.block_date < CURRENT_DATE
      AND t.pool_address NOT IN (SELECT pool_address FROM excluded_pools)
    GROUP BY 1, 2
)

SELECT 
    block_date,
    pool_category,
    ROUND(volume_usd, 2) as daily_volume_usd,
    ROUND(SUM(volume_usd) OVER (PARTITION BY pool_category ORDER BY block_date), 2) as cumulative_volume_usd
FROM categorized_trades
ORDER BY block_date, daily_volume_usd DESC
 LIMIT 10000]
(Background on this error at: https://sqlalche.me/e/20/e3q8)
      Fetching 2025-12-01 (4/15)... ❌ Error: Execution failed on sql '-- Description: Total volume by pool category
-- Shows volume distribution across SOL-stable, stable-stable, and others
-- Priority-based volume calculation for accurate USD valuation

/*
Logic:
- SOL-stable: one token is SOL, other is stablecoin
- Stable-stable: both tokens are stablecoins
- Others: everything else
- Volume calculation priority: SOL → stablecoin → token price
- Daily and cumulative totals per category
*/

WITH excluded_pools AS (
    SELECT DISTINCT pool_address
    FROM orca.whirlpool_config
    WHERE config <> '2LecshUwdy9xi7meFgHtFJQNSKk4KdTrcpvaB56dP2NQ'
),

stablecoins AS (
    SELECT mint FROM (VALUES 
        ('EPjFWdd5AufqSSqeM2qN1xzybapC8G4wEGGkZwyTDt1v'),
        ('Es9vMFrzaCERmJfrF4H2FYD4KCoNkY11McCe8BenwNYB'),
        ('2b1kV6DkPAnxd5ixfnxCpjxmKwqjjaYmCZfHsFu24GXo'),
        ('DEkqHyPN7GMRJ5cArtQFAWefqbZb33Hyf6s5iCwjEonT'),
        ('USDSwr9ApdHk5bvJKMjzff41FfuX8bSxdKcR81vTwcA'),
        ('9zNQRsGLjNKwCUU5Gq5LR8beUCPzQMVMqKAi3SSZh54u'),
        ('HzwqbKZw8HxMN6bF2yFZNrht3c2iXXzpKcFu7uBEDKtr'),
        ('susdabGDNbhrnCa6ncrYo81u4s9GM8ecK2UwMyZiq4X'),
        ('AUSD1jCcCyPLybk1YnvPWsHQSrZ46dxwoMniN4N2UEB9'),
        ('2VhjJ9WxaGC3EZFwJG9BDUs9KxKCAjQY4vgd1qxgYWVg'),
        ('A1KLoBrKBde8Ty9qtNQUtq3C2ortoC3u7twggz7sEto6'),
        ('2u1tszSeqZ3qBWF3uNGPFc8TzMk2tdiwknnRMWGWjGWH'),
        ('5H4voZhzySsVvwVYDAKku8MZGuYBC7cXaBKDPW4YHWW1'),
        ('C4Kkr9NZU3VbyedcgutU6LKmi6MKz81sx6gRmk5pX519'),
        ('AhhdRu5YZdjVkKR3wbnUDaymVQL2ucjMQ63sZ3LFHsch'),
        ('9TPL8droGJ7jThsq4momaoz6uhTcvX2SeMqipoPmNa8R'),
        ('Crn4x1Y2HUKko7ox2EZMT6N2t2ZyH7eKtwkBGVnhEq1g'),
        ('FrBfWJ4qE5sCzKm3k3JaAtqZcXUh4LvJygDeketsrsH4'),
        ('AvZZF1YaZDziPY2RCK4oJrRVrbN3mTD9NL24hPeaZeUj'),
        ('6FrrzDk5mQARGc1TDYoyVnSyRdds1t4PbtohCD6p3tgG')
    ) AS t(mint)
),

categorized_trades AS (
    SELECT 
        t.block_date,
        CASE
            WHEN (t.token_sold_mint = 'So11111111111111111111111111111111111111112' AND sb.mint IS NOT NULL) 
              OR (ss.mint IS NOT NULL AND t.token_bought_mint = 'So11111111111111111111111111111111111111112') THEN 'SOL-stable'
            WHEN ss.mint IS NOT NULL AND sb.mint IS NOT NULL THEN 'stable-stable'
            ELSE 'others'
        END as pool_category,
        SUM(
            CASE 
                -- Priority 1: If SOL is bought, use SOL amount * price
                WHEN t.token_bought_mint = 'So11111111111111111111111111111111111111112'
                THEN t.token_bought_amount * COALESCE(psol.price_in_usd, 0)
                -- Priority 2: If SOL is sold, use SOL amount * price
                WHEN t.token_sold_mint = 'So11111111111111111111111111111111111111112'
                THEN t.token_sold_amount * COALESCE(psol.price_in_usd, 0)
                -- Priority 3: If stablecoin is bought, use stablecoin amount * price
                WHEN sb.mint IS NOT NULL
                THEN t.token_bought_amount * COALESCE(pb.price_in_usd, 0)
                -- Priority 4: If stablecoin is sold, use stablecoin amount * price
                WHEN ss.mint IS NOT NULL
                THEN t.token_sold_amount * COALESCE(ps.price_in_usd, 0)
                -- Priority 5: Neither has SOL or stablecoin, use bought token price
                ELSE t.token_bought_amount * COALESCE(pb.price_in_usd, 0)
            END
        ) as volume_usd
    FROM solana.dex_trades t
    LEFT JOIN stablecoins ss ON t.token_sold_mint = ss.mint
    LEFT JOIN stablecoins sb ON t.token_bought_mint = sb.mint
    LEFT JOIN solana.token_prices_1m psol ON psol.mint = 'So11111111111111111111111111111111111111112'
        AND DATE_TRUNC('minute', t.block_time) = psol.minute
    LEFT JOIN solana.token_prices_1m pb ON t.token_bought_mint = pb.mint
        AND DATE_TRUNC('minute', t.block_time) = pb.minute
        AND pb.mint <> 'FATYxjEcXNYinyoR8SzHBKtzLz8qYRdUaHpxPS7dvirt'
    LEFT JOIN solana.token_prices_1m ps ON t.token_sold_mint = ps.mint
        AND DATE_TRUNC('minute', t.block_time) = ps.minute
        AND ps.mint <> 'FATYxjEcXNYinyoR8SzHBKtzLz8qYRdUaHpxPS7dvirt'
    WHERE DATE_TRUNC('month', t.block_date) = DATE('2025-12-01')
      AND t.block_date < CURRENT_DATE
      AND t.pool_address NOT IN (SELECT pool_address FROM excluded_pools)
    GROUP BY 1, 2
)

SELECT 
    block_date,
    pool_category,
    ROUND(volume_usd, 2) as daily_volume_usd,
    ROUND(SUM(volume_usd) OVER (PARTITION BY pool_category ORDER BY block_date), 2) as cumulative_volume_usd
FROM categorized_trades
ORDER BY block_date, daily_volume_usd DESC
 LIMIT 10000': (trino.exceptions.TrinoExternalError) TrinoExternalError(type=EXTERNAL, name=ICEBERG_CANNOT_OPEN_SPLIT, message="Error opening Iceberg split s3://iceberg-warehouse/solana/token_prices_1m/data/block_date=2026-03-09/20260309_040004_03094_tt3h2-f93062d4-d87b-415e-8ba0-0feeafa0167f.parquet (offset=4, length=383377): Failed to open S3 file: s3://iceberg-warehouse/solana/token_prices_1m/data/block_date=2026-03-09/20260309_040004_03094_tt3h2-f93062d4-d87b-415e-8ba0-0feeafa0167f.parquet", query_id=20260310_071500_00382_tt3h2)
[SQL: -- Description: Total volume by pool category
-- Shows volume distribution across SOL-stable, stable-stable, and others
-- Priority-based volume calculation for accurate USD valuation

/*
Logic:
- SOL-stable: one token is SOL, other is stablecoin
- Stable-stable: both tokens are stablecoins
- Others: everything else
- Volume calculation priority: SOL → stablecoin → token price
- Daily and cumulative totals per category
*/

WITH excluded_pools AS (
    SELECT DISTINCT pool_address
    FROM orca.whirlpool_config
    WHERE config <> '2LecshUwdy9xi7meFgHtFJQNSKk4KdTrcpvaB56dP2NQ'
),

stablecoins AS (
    SELECT mint FROM (VALUES 
        ('EPjFWdd5AufqSSqeM2qN1xzybapC8G4wEGGkZwyTDt1v'),
        ('Es9vMFrzaCERmJfrF4H2FYD4KCoNkY11McCe8BenwNYB'),
        ('2b1kV6DkPAnxd5ixfnxCpjxmKwqjjaYmCZfHsFu24GXo'),
        ('DEkqHyPN7GMRJ5cArtQFAWefqbZb33Hyf6s5iCwjEonT'),
        ('USDSwr9ApdHk5bvJKMjzff41FfuX8bSxdKcR81vTwcA'),
        ('9zNQRsGLjNKwCUU5Gq5LR8beUCPzQMVMqKAi3SSZh54u'),
        ('HzwqbKZw8HxMN6bF2yFZNrht3c2iXXzpKcFu7uBEDKtr'),
        ('susdabGDNbhrnCa6ncrYo81u4s9GM8ecK2UwMyZiq4X'),
        ('AUSD1jCcCyPLybk1YnvPWsHQSrZ46dxwoMniN4N2UEB9'),
        ('2VhjJ9WxaGC3EZFwJG9BDUs9KxKCAjQY4vgd1qxgYWVg'),
        ('A1KLoBrKBde8Ty9qtNQUtq3C2ortoC3u7twggz7sEto6'),
        ('2u1tszSeqZ3qBWF3uNGPFc8TzMk2tdiwknnRMWGWjGWH'),
        ('5H4voZhzySsVvwVYDAKku8MZGuYBC7cXaBKDPW4YHWW1'),
        ('C4Kkr9NZU3VbyedcgutU6LKmi6MKz81sx6gRmk5pX519'),
        ('AhhdRu5YZdjVkKR3wbnUDaymVQL2ucjMQ63sZ3LFHsch'),
        ('9TPL8droGJ7jThsq4momaoz6uhTcvX2SeMqipoPmNa8R'),
        ('Crn4x1Y2HUKko7ox2EZMT6N2t2ZyH7eKtwkBGVnhEq1g'),
        ('FrBfWJ4qE5sCzKm3k3JaAtqZcXUh4LvJygDeketsrsH4'),
        ('AvZZF1YaZDziPY2RCK4oJrRVrbN3mTD9NL24hPeaZeUj'),
        ('6FrrzDk5mQARGc1TDYoyVnSyRdds1t4PbtohCD6p3tgG')
    ) AS t(mint)
),

categorized_trades AS (
    SELECT 
        t.block_date,
        CASE
            WHEN (t.token_sold_mint = 'So11111111111111111111111111111111111111112' AND sb.mint IS NOT NULL) 
              OR (ss.mint IS NOT NULL AND t.token_bought_mint = 'So11111111111111111111111111111111111111112') THEN 'SOL-stable'
            WHEN ss.mint IS NOT NULL AND sb.mint IS NOT NULL THEN 'stable-stable'
            ELSE 'others'
        END as pool_category,
        SUM(
            CASE 
                -- Priority 1: If SOL is bought, use SOL amount * price
                WHEN t.token_bought_mint = 'So11111111111111111111111111111111111111112'
                THEN t.token_bought_amount * COALESCE(psol.price_in_usd, 0)
                -- Priority 2: If SOL is sold, use SOL amount * price
                WHEN t.token_sold_mint = 'So11111111111111111111111111111111111111112'
                THEN t.token_sold_amount * COALESCE(psol.price_in_usd, 0)
                -- Priority 3: If stablecoin is bought, use stablecoin amount * price
                WHEN sb.mint IS NOT NULL
                THEN t.token_bought_amount * COALESCE(pb.price_in_usd, 0)
                -- Priority 4: If stablecoin is sold, use stablecoin amount * price
                WHEN ss.mint IS NOT NULL
                THEN t.token_sold_amount * COALESCE(ps.price_in_usd, 0)
                -- Priority 5: Neither has SOL or stablecoin, use bought token price
                ELSE t.token_bought_amount * COALESCE(pb.price_in_usd, 0)
            END
        ) as volume_usd
    FROM solana.dex_trades t
    LEFT JOIN stablecoins ss ON t.token_sold_mint = ss.mint
    LEFT JOIN stablecoins sb ON t.token_bought_mint = sb.mint
    LEFT JOIN solana.token_prices_1m psol ON psol.mint = 'So11111111111111111111111111111111111111112'
        AND DATE_TRUNC('minute', t.block_time) = psol.minute
    LEFT JOIN solana.token_prices_1m pb ON t.token_bought_mint = pb.mint
        AND DATE_TRUNC('minute', t.block_time) = pb.minute
        AND pb.mint <> 'FATYxjEcXNYinyoR8SzHBKtzLz8qYRdUaHpxPS7dvirt'
    LEFT JOIN solana.token_prices_1m ps ON t.token_sold_mint = ps.mint
        AND DATE_TRUNC('minute', t.block_time) = ps.minute
        AND ps.mint <> 'FATYxjEcXNYinyoR8SzHBKtzLz8qYRdUaHpxPS7dvirt'
    WHERE DATE_TRUNC('month', t.block_date) = DATE('2025-12-01')
      AND t.block_date < CURRENT_DATE
      AND t.pool_address NOT IN (SELECT pool_address FROM excluded_pools)
    GROUP BY 1, 2
)

SELECT 
    block_date,
    pool_category,
    ROUND(volume_usd, 2) as daily_volume_usd,
    ROUND(SUM(volume_usd) OVER (PARTITION BY pool_category ORDER BY block_date), 2) as cumulative_volume_usd
FROM categorized_trades
ORDER BY block_date, daily_volume_usd DESC
 LIMIT 10000]
(Background on this error at: https://sqlalche.me/e/20/e3q8)
      Fetching 2025-11-01 (5/15)... ❌ Error: Execution failed on sql '-- Description: Total volume by pool category
-- Shows volume distribution across SOL-stable, stable-stable, and others
-- Priority-based volume calculation for accurate USD valuation

/*
Logic:
- SOL-stable: one token is SOL, other is stablecoin
- Stable-stable: both tokens are stablecoins
- Others: everything else
- Volume calculation priority: SOL → stablecoin → token price
- Daily and cumulative totals per category
*/

WITH excluded_pools AS (
    SELECT DISTINCT pool_address
    FROM orca.whirlpool_config
    WHERE config <> '2LecshUwdy9xi7meFgHtFJQNSKk4KdTrcpvaB56dP2NQ'
),

stablecoins AS (
    SELECT mint FROM (VALUES 
        ('EPjFWdd5AufqSSqeM2qN1xzybapC8G4wEGGkZwyTDt1v'),
        ('Es9vMFrzaCERmJfrF4H2FYD4KCoNkY11McCe8BenwNYB'),
        ('2b1kV6DkPAnxd5ixfnxCpjxmKwqjjaYmCZfHsFu24GXo'),
        ('DEkqHyPN7GMRJ5cArtQFAWefqbZb33Hyf6s5iCwjEonT'),
        ('USDSwr9ApdHk5bvJKMjzff41FfuX8bSxdKcR81vTwcA'),
        ('9zNQRsGLjNKwCUU5Gq5LR8beUCPzQMVMqKAi3SSZh54u'),
        ('HzwqbKZw8HxMN6bF2yFZNrht3c2iXXzpKcFu7uBEDKtr'),
        ('susdabGDNbhrnCa6ncrYo81u4s9GM8ecK2UwMyZiq4X'),
        ('AUSD1jCcCyPLybk1YnvPWsHQSrZ46dxwoMniN4N2UEB9'),
        ('2VhjJ9WxaGC3EZFwJG9BDUs9KxKCAjQY4vgd1qxgYWVg'),
        ('A1KLoBrKBde8Ty9qtNQUtq3C2ortoC3u7twggz7sEto6'),
        ('2u1tszSeqZ3qBWF3uNGPFc8TzMk2tdiwknnRMWGWjGWH'),
        ('5H4voZhzySsVvwVYDAKku8MZGuYBC7cXaBKDPW4YHWW1'),
        ('C4Kkr9NZU3VbyedcgutU6LKmi6MKz81sx6gRmk5pX519'),
        ('AhhdRu5YZdjVkKR3wbnUDaymVQL2ucjMQ63sZ3LFHsch'),
        ('9TPL8droGJ7jThsq4momaoz6uhTcvX2SeMqipoPmNa8R'),
        ('Crn4x1Y2HUKko7ox2EZMT6N2t2ZyH7eKtwkBGVnhEq1g'),
        ('FrBfWJ4qE5sCzKm3k3JaAtqZcXUh4LvJygDeketsrsH4'),
        ('AvZZF1YaZDziPY2RCK4oJrRVrbN3mTD9NL24hPeaZeUj'),
        ('6FrrzDk5mQARGc1TDYoyVnSyRdds1t4PbtohCD6p3tgG')
    ) AS t(mint)
),

categorized_trades AS (
    SELECT 
        t.block_date,
        CASE
            WHEN (t.token_sold_mint = 'So11111111111111111111111111111111111111112' AND sb.mint IS NOT NULL) 
              OR (ss.mint IS NOT NULL AND t.token_bought_mint = 'So11111111111111111111111111111111111111112') THEN 'SOL-stable'
            WHEN ss.mint IS NOT NULL AND sb.mint IS NOT NULL THEN 'stable-stable'
            ELSE 'others'
        END as pool_category,
        SUM(
            CASE 
                -- Priority 1: If SOL is bought, use SOL amount * price
                WHEN t.token_bought_mint = 'So11111111111111111111111111111111111111112'
                THEN t.token_bought_amount * COALESCE(psol.price_in_usd, 0)
                -- Priority 2: If SOL is sold, use SOL amount * price
                WHEN t.token_sold_mint = 'So11111111111111111111111111111111111111112'
                THEN t.token_sold_amount * COALESCE(psol.price_in_usd, 0)
                -- Priority 3: If stablecoin is bought, use stablecoin amount * price
                WHEN sb.mint IS NOT NULL
                THEN t.token_bought_amount * COALESCE(pb.price_in_usd, 0)
                -- Priority 4: If stablecoin is sold, use stablecoin amount * price
                WHEN ss.mint IS NOT NULL
                THEN t.token_sold_amount * COALESCE(ps.price_in_usd, 0)
                -- Priority 5: Neither has SOL or stablecoin, use bought token price
                ELSE t.token_bought_amount * COALESCE(pb.price_in_usd, 0)
            END
        ) as volume_usd
    FROM solana.dex_trades t
    LEFT JOIN stablecoins ss ON t.token_sold_mint = ss.mint
    LEFT JOIN stablecoins sb ON t.token_bought_mint = sb.mint
    LEFT JOIN solana.token_prices_1m psol ON psol.mint = 'So11111111111111111111111111111111111111112'
        AND DATE_TRUNC('minute', t.block_time) = psol.minute
    LEFT JOIN solana.token_prices_1m pb ON t.token_bought_mint = pb.mint
        AND DATE_TRUNC('minute', t.block_time) = pb.minute
        AND pb.mint <> 'FATYxjEcXNYinyoR8SzHBKtzLz8qYRdUaHpxPS7dvirt'
    LEFT JOIN solana.token_prices_1m ps ON t.token_sold_mint = ps.mint
        AND DATE_TRUNC('minute', t.block_time) = ps.minute
        AND ps.mint <> 'FATYxjEcXNYinyoR8SzHBKtzLz8qYRdUaHpxPS7dvirt'
    WHERE DATE_TRUNC('month', t.block_date) = DATE('2025-11-01')
      AND t.block_date < CURRENT_DATE
      AND t.pool_address NOT IN (SELECT pool_address FROM excluded_pools)
    GROUP BY 1, 2
)

SELECT 
    block_date,
    pool_category,
    ROUND(volume_usd, 2) as daily_volume_usd,
    ROUND(SUM(volume_usd) OVER (PARTITION BY pool_category ORDER BY block_date), 2) as cumulative_volume_usd
FROM categorized_trades
ORDER BY block_date, daily_volume_usd DESC
 LIMIT 10000': (trino.exceptions.TrinoExternalError) TrinoExternalError(type=EXTERNAL, name=ICEBERG_CANNOT_OPEN_SPLIT, message="Error opening Iceberg split s3://iceberg-warehouse/solana/token_prices_1m/data/block_date=2026-03-07/20260307_150001_04410_tt3h2-7352e2de-1ff3-4235-a32c-639641d60ec5.parquet (offset=4, length=331694): Failed to open S3 file: s3://iceberg-warehouse/solana/token_prices_1m/data/block_date=2026-03-07/20260307_150001_04410_tt3h2-7352e2de-1ff3-4235-a32c-639641d60ec5.parquet", query_id=20260310_071501_00384_tt3h2)
[SQL: -- Description: Total volume by pool category
-- Shows volume distribution across SOL-stable, stable-stable, and others
-- Priority-based volume calculation for accurate USD valuation

/*
Logic:
- SOL-stable: one token is SOL, other is stablecoin
- Stable-stable: both tokens are stablecoins
- Others: everything else
- Volume calculation priority: SOL → stablecoin → token price
- Daily and cumulative totals per category
*/

WITH excluded_pools AS (
    SELECT DISTINCT pool_address
    FROM orca.whirlpool_config
    WHERE config <> '2LecshUwdy9xi7meFgHtFJQNSKk4KdTrcpvaB56dP2NQ'
),

stablecoins AS (
    SELECT mint FROM (VALUES 
        ('EPjFWdd5AufqSSqeM2qN1xzybapC8G4wEGGkZwyTDt1v'),
        ('Es9vMFrzaCERmJfrF4H2FYD4KCoNkY11McCe8BenwNYB'),
        ('2b1kV6DkPAnxd5ixfnxCpjxmKwqjjaYmCZfHsFu24GXo'),
        ('DEkqHyPN7GMRJ5cArtQFAWefqbZb33Hyf6s5iCwjEonT'),
        ('USDSwr9ApdHk5bvJKMjzff41FfuX8bSxdKcR81vTwcA'),
        ('9zNQRsGLjNKwCUU5Gq5LR8beUCPzQMVMqKAi3SSZh54u'),
        ('HzwqbKZw8HxMN6bF2yFZNrht3c2iXXzpKcFu7uBEDKtr'),
        ('susdabGDNbhrnCa6ncrYo81u4s9GM8ecK2UwMyZiq4X'),
        ('AUSD1jCcCyPLybk1YnvPWsHQSrZ46dxwoMniN4N2UEB9'),
        ('2VhjJ9WxaGC3EZFwJG9BDUs9KxKCAjQY4vgd1qxgYWVg'),
        ('A1KLoBrKBde8Ty9qtNQUtq3C2ortoC3u7twggz7sEto6'),
        ('2u1tszSeqZ3qBWF3uNGPFc8TzMk2tdiwknnRMWGWjGWH'),
        ('5H4voZhzySsVvwVYDAKku8MZGuYBC7cXaBKDPW4YHWW1'),
        ('C4Kkr9NZU3VbyedcgutU6LKmi6MKz81sx6gRmk5pX519'),
        ('AhhdRu5YZdjVkKR3wbnUDaymVQL2ucjMQ63sZ3LFHsch'),
        ('9TPL8droGJ7jThsq4momaoz6uhTcvX2SeMqipoPmNa8R'),
        ('Crn4x1Y2HUKko7ox2EZMT6N2t2ZyH7eKtwkBGVnhEq1g'),
        ('FrBfWJ4qE5sCzKm3k3JaAtqZcXUh4LvJygDeketsrsH4'),
        ('AvZZF1YaZDziPY2RCK4oJrRVrbN3mTD9NL24hPeaZeUj'),
        ('6FrrzDk5mQARGc1TDYoyVnSyRdds1t4PbtohCD6p3tgG')
    ) AS t(mint)
),

categorized_trades AS (
    SELECT 
        t.block_date,
        CASE
            WHEN (t.token_sold_mint = 'So11111111111111111111111111111111111111112' AND sb.mint IS NOT NULL) 
              OR (ss.mint IS NOT NULL AND t.token_bought_mint = 'So11111111111111111111111111111111111111112') THEN 'SOL-stable'
            WHEN ss.mint IS NOT NULL AND sb.mint IS NOT NULL THEN 'stable-stable'
            ELSE 'others'
        END as pool_category,
        SUM(
            CASE 
                -- Priority 1: If SOL is bought, use SOL amount * price
                WHEN t.token_bought_mint = 'So11111111111111111111111111111111111111112'
                THEN t.token_bought_amount * COALESCE(psol.price_in_usd, 0)
                -- Priority 2: If SOL is sold, use SOL amount * price
                WHEN t.token_sold_mint = 'So11111111111111111111111111111111111111112'
                THEN t.token_sold_amount * COALESCE(psol.price_in_usd, 0)
                -- Priority 3: If stablecoin is bought, use stablecoin amount * price
                WHEN sb.mint IS NOT NULL
                THEN t.token_bought_amount * COALESCE(pb.price_in_usd, 0)
                -- Priority 4: If stablecoin is sold, use stablecoin amount * price
                WHEN ss.mint IS NOT NULL
                THEN t.token_sold_amount * COALESCE(ps.price_in_usd, 0)
                -- Priority 5: Neither has SOL or stablecoin, use bought token price
                ELSE t.token_bought_amount * COALESCE(pb.price_in_usd, 0)
            END
        ) as volume_usd
    FROM solana.dex_trades t
    LEFT JOIN stablecoins ss ON t.token_sold_mint = ss.mint
    LEFT JOIN stablecoins sb ON t.token_bought_mint = sb.mint
    LEFT JOIN solana.token_prices_1m psol ON psol.mint = 'So11111111111111111111111111111111111111112'
        AND DATE_TRUNC('minute', t.block_time) = psol.minute
    LEFT JOIN solana.token_prices_1m pb ON t.token_bought_mint = pb.mint
        AND DATE_TRUNC('minute', t.block_time) = pb.minute
        AND pb.mint <> 'FATYxjEcXNYinyoR8SzHBKtzLz8qYRdUaHpxPS7dvirt'
    LEFT JOIN solana.token_prices_1m ps ON t.token_sold_mint = ps.mint
        AND DATE_TRUNC('minute', t.block_time) = ps.minute
        AND ps.mint <> 'FATYxjEcXNYinyoR8SzHBKtzLz8qYRdUaHpxPS7dvirt'
    WHERE DATE_TRUNC('month', t.block_date) = DATE('2025-11-01')
      AND t.block_date < CURRENT_DATE
      AND t.pool_address NOT IN (SELECT pool_address FROM excluded_pools)
    GROUP BY 1, 2
)

SELECT 
    block_date,
    pool_category,
    ROUND(volume_usd, 2) as daily_volume_usd,
    ROUND(SUM(volume_usd) OVER (PARTITION BY pool_category ORDER BY block_date), 2) as cumulative_volume_usd
FROM categorized_trades
ORDER BY block_date, daily_volume_usd DESC
 LIMIT 10000]
(Background on this error at: https://sqlalche.me/e/20/e3q8)
      Fetching 2025-10-01 (6/15)... ❌ Error: Execution failed on sql '-- Description: Total volume by pool category
-- Shows volume distribution across SOL-stable, stable-stable, and others
-- Priority-based volume calculation for accurate USD valuation

/*
Logic:
- SOL-stable: one token is SOL, other is stablecoin
- Stable-stable: both tokens are stablecoins
- Others: everything else
- Volume calculation priority: SOL → stablecoin → token price
- Daily and cumulative totals per category
*/

WITH excluded_pools AS (
    SELECT DISTINCT pool_address
    FROM orca.whirlpool_config
    WHERE config <> '2LecshUwdy9xi7meFgHtFJQNSKk4KdTrcpvaB56dP2NQ'
),

stablecoins AS (
    SELECT mint FROM (VALUES 
        ('EPjFWdd5AufqSSqeM2qN1xzybapC8G4wEGGkZwyTDt1v'),
        ('Es9vMFrzaCERmJfrF4H2FYD4KCoNkY11McCe8BenwNYB'),
        ('2b1kV6DkPAnxd5ixfnxCpjxmKwqjjaYmCZfHsFu24GXo'),
        ('DEkqHyPN7GMRJ5cArtQFAWefqbZb33Hyf6s5iCwjEonT'),
        ('USDSwr9ApdHk5bvJKMjzff41FfuX8bSxdKcR81vTwcA'),
        ('9zNQRsGLjNKwCUU5Gq5LR8beUCPzQMVMqKAi3SSZh54u'),
        ('HzwqbKZw8HxMN6bF2yFZNrht3c2iXXzpKcFu7uBEDKtr'),
        ('susdabGDNbhrnCa6ncrYo81u4s9GM8ecK2UwMyZiq4X'),
        ('AUSD1jCcCyPLybk1YnvPWsHQSrZ46dxwoMniN4N2UEB9'),
        ('2VhjJ9WxaGC3EZFwJG9BDUs9KxKCAjQY4vgd1qxgYWVg'),
        ('A1KLoBrKBde8Ty9qtNQUtq3C2ortoC3u7twggz7sEto6'),
        ('2u1tszSeqZ3qBWF3uNGPFc8TzMk2tdiwknnRMWGWjGWH'),
        ('5H4voZhzySsVvwVYDAKku8MZGuYBC7cXaBKDPW4YHWW1'),
        ('C4Kkr9NZU3VbyedcgutU6LKmi6MKz81sx6gRmk5pX519'),
        ('AhhdRu5YZdjVkKR3wbnUDaymVQL2ucjMQ63sZ3LFHsch'),
        ('9TPL8droGJ7jThsq4momaoz6uhTcvX2SeMqipoPmNa8R'),
        ('Crn4x1Y2HUKko7ox2EZMT6N2t2ZyH7eKtwkBGVnhEq1g'),
        ('FrBfWJ4qE5sCzKm3k3JaAtqZcXUh4LvJygDeketsrsH4'),
        ('AvZZF1YaZDziPY2RCK4oJrRVrbN3mTD9NL24hPeaZeUj'),
        ('6FrrzDk5mQARGc1TDYoyVnSyRdds1t4PbtohCD6p3tgG')
    ) AS t(mint)
),

categorized_trades AS (
    SELECT 
        t.block_date,
        CASE
            WHEN (t.token_sold_mint = 'So11111111111111111111111111111111111111112' AND sb.mint IS NOT NULL) 
              OR (ss.mint IS NOT NULL AND t.token_bought_mint = 'So11111111111111111111111111111111111111112') THEN 'SOL-stable'
            WHEN ss.mint IS NOT NULL AND sb.mint IS NOT NULL THEN 'stable-stable'
            ELSE 'others'
        END as pool_category,
        SUM(
            CASE 
                -- Priority 1: If SOL is bought, use SOL amount * price
                WHEN t.token_bought_mint = 'So11111111111111111111111111111111111111112'
                THEN t.token_bought_amount * COALESCE(psol.price_in_usd, 0)
                -- Priority 2: If SOL is sold, use SOL amount * price
                WHEN t.token_sold_mint = 'So11111111111111111111111111111111111111112'
                THEN t.token_sold_amount * COALESCE(psol.price_in_usd, 0)
                -- Priority 3: If stablecoin is bought, use stablecoin amount * price
                WHEN sb.mint IS NOT NULL
                THEN t.token_bought_amount * COALESCE(pb.price_in_usd, 0)
                -- Priority 4: If stablecoin is sold, use stablecoin amount * price
                WHEN ss.mint IS NOT NULL
                THEN t.token_sold_amount * COALESCE(ps.price_in_usd, 0)
                -- Priority 5: Neither has SOL or stablecoin, use bought token price
                ELSE t.token_bought_amount * COALESCE(pb.price_in_usd, 0)
            END
        ) as volume_usd
    FROM solana.dex_trades t
    LEFT JOIN stablecoins ss ON t.token_sold_mint = ss.mint
    LEFT JOIN stablecoins sb ON t.token_bought_mint = sb.mint
    LEFT JOIN solana.token_prices_1m psol ON psol.mint = 'So11111111111111111111111111111111111111112'
        AND DATE_TRUNC('minute', t.block_time) = psol.minute
    LEFT JOIN solana.token_prices_1m pb ON t.token_bought_mint = pb.mint
        AND DATE_TRUNC('minute', t.block_time) = pb.minute
        AND pb.mint <> 'FATYxjEcXNYinyoR8SzHBKtzLz8qYRdUaHpxPS7dvirt'
    LEFT JOIN solana.token_prices_1m ps ON t.token_sold_mint = ps.mint
        AND DATE_TRUNC('minute', t.block_time) = ps.minute
        AND ps.mint <> 'FATYxjEcXNYinyoR8SzHBKtzLz8qYRdUaHpxPS7dvirt'
    WHERE DATE_TRUNC('month', t.block_date) = DATE('2025-10-01')
      AND t.block_date < CURRENT_DATE
      AND t.pool_address NOT IN (SELECT pool_address FROM excluded_pools)
    GROUP BY 1, 2
)

SELECT 
    block_date,
    pool_category,
    ROUND(volume_usd, 2) as daily_volume_usd,
    ROUND(SUM(volume_usd) OVER (PARTITION BY pool_category ORDER BY block_date), 2) as cumulative_volume_usd
FROM categorized_trades
ORDER BY block_date, daily_volume_usd DESC
 LIMIT 10000': (trino.exceptions.TrinoExternalError) TrinoExternalError(type=EXTERNAL, name=ICEBERG_CANNOT_OPEN_SPLIT, message="Error opening Iceberg split s3://iceberg-warehouse/solana/token_prices_1m/data/block_date=2026-03-07/20260307_230001_04696_tt3h2-ace4a844-2b44-4181-81aa-f2520cdffd34.parquet (offset=4, length=342957): Failed to open S3 file: s3://iceberg-warehouse/solana/token_prices_1m/data/block_date=2026-03-07/20260307_230001_04696_tt3h2-ace4a844-2b44-4181-81aa-f2520cdffd34.parquet", query_id=20260310_072000_00392_tt3h2)
[SQL: -- Description: Total volume by pool category
-- Shows volume distribution across SOL-stable, stable-stable, and others
-- Priority-based volume calculation for accurate USD valuation

/*
Logic:
- SOL-stable: one token is SOL, other is stablecoin
- Stable-stable: both tokens are stablecoins
- Others: everything else
- Volume calculation priority: SOL → stablecoin → token price
- Daily and cumulative totals per category
*/

WITH excluded_pools AS (
    SELECT DISTINCT pool_address
    FROM orca.whirlpool_config
    WHERE config <> '2LecshUwdy9xi7meFgHtFJQNSKk4KdTrcpvaB56dP2NQ'
),

stablecoins AS (
    SELECT mint FROM (VALUES 
        ('EPjFWdd5AufqSSqeM2qN1xzybapC8G4wEGGkZwyTDt1v'),
        ('Es9vMFrzaCERmJfrF4H2FYD4KCoNkY11McCe8BenwNYB'),
        ('2b1kV6DkPAnxd5ixfnxCpjxmKwqjjaYmCZfHsFu24GXo'),
        ('DEkqHyPN7GMRJ5cArtQFAWefqbZb33Hyf6s5iCwjEonT'),
        ('USDSwr9ApdHk5bvJKMjzff41FfuX8bSxdKcR81vTwcA'),
        ('9zNQRsGLjNKwCUU5Gq5LR8beUCPzQMVMqKAi3SSZh54u'),
        ('HzwqbKZw8HxMN6bF2yFZNrht3c2iXXzpKcFu7uBEDKtr'),
        ('susdabGDNbhrnCa6ncrYo81u4s9GM8ecK2UwMyZiq4X'),
        ('AUSD1jCcCyPLybk1YnvPWsHQSrZ46dxwoMniN4N2UEB9'),
        ('2VhjJ9WxaGC3EZFwJG9BDUs9KxKCAjQY4vgd1qxgYWVg'),
        ('A1KLoBrKBde8Ty9qtNQUtq3C2ortoC3u7twggz7sEto6'),
        ('2u1tszSeqZ3qBWF3uNGPFc8TzMk2tdiwknnRMWGWjGWH'),
        ('5H4voZhzySsVvwVYDAKku8MZGuYBC7cXaBKDPW4YHWW1'),
        ('C4Kkr9NZU3VbyedcgutU6LKmi6MKz81sx6gRmk5pX519'),
        ('AhhdRu5YZdjVkKR3wbnUDaymVQL2ucjMQ63sZ3LFHsch'),
        ('9TPL8droGJ7jThsq4momaoz6uhTcvX2SeMqipoPmNa8R'),
        ('Crn4x1Y2HUKko7ox2EZMT6N2t2ZyH7eKtwkBGVnhEq1g'),
        ('FrBfWJ4qE5sCzKm3k3JaAtqZcXUh4LvJygDeketsrsH4'),
        ('AvZZF1YaZDziPY2RCK4oJrRVrbN3mTD9NL24hPeaZeUj'),
        ('6FrrzDk5mQARGc1TDYoyVnSyRdds1t4PbtohCD6p3tgG')
    ) AS t(mint)
),

categorized_trades AS (
    SELECT 
        t.block_date,
        CASE
            WHEN (t.token_sold_mint = 'So11111111111111111111111111111111111111112' AND sb.mint IS NOT NULL) 
              OR (ss.mint IS NOT NULL AND t.token_bought_mint = 'So11111111111111111111111111111111111111112') THEN 'SOL-stable'
            WHEN ss.mint IS NOT NULL AND sb.mint IS NOT NULL THEN 'stable-stable'
            ELSE 'others'
        END as pool_category,
        SUM(
            CASE 
                -- Priority 1: If SOL is bought, use SOL amount * price
                WHEN t.token_bought_mint = 'So11111111111111111111111111111111111111112'
                THEN t.token_bought_amount * COALESCE(psol.price_in_usd, 0)
                -- Priority 2: If SOL is sold, use SOL amount * price
                WHEN t.token_sold_mint = 'So11111111111111111111111111111111111111112'
                THEN t.token_sold_amount * COALESCE(psol.price_in_usd, 0)
                -- Priority 3: If stablecoin is bought, use stablecoin amount * price
                WHEN sb.mint IS NOT NULL
                THEN t.token_bought_amount * COALESCE(pb.price_in_usd, 0)
                -- Priority 4: If stablecoin is sold, use stablecoin amount * price
                WHEN ss.mint IS NOT NULL
                THEN t.token_sold_amount * COALESCE(ps.price_in_usd, 0)
                -- Priority 5: Neither has SOL or stablecoin, use bought token price
                ELSE t.token_bought_amount * COALESCE(pb.price_in_usd, 0)
            END
        ) as volume_usd
    FROM solana.dex_trades t
    LEFT JOIN stablecoins ss ON t.token_sold_mint = ss.mint
    LEFT JOIN stablecoins sb ON t.token_bought_mint = sb.mint
    LEFT JOIN solana.token_prices_1m psol ON psol.mint = 'So11111111111111111111111111111111111111112'
        AND DATE_TRUNC('minute', t.block_time) = psol.minute
    LEFT JOIN solana.token_prices_1m pb ON t.token_bought_mint = pb.mint
        AND DATE_TRUNC('minute', t.block_time) = pb.minute
        AND pb.mint <> 'FATYxjEcXNYinyoR8SzHBKtzLz8qYRdUaHpxPS7dvirt'
    LEFT JOIN solana.token_prices_1m ps ON t.token_sold_mint = ps.mint
        AND DATE_TRUNC('minute', t.block_time) = ps.minute
        AND ps.mint <> 'FATYxjEcXNYinyoR8SzHBKtzLz8qYRdUaHpxPS7dvirt'
    WHERE DATE_TRUNC('month', t.block_date) = DATE('2025-10-01')
      AND t.block_date < CURRENT_DATE
      AND t.pool_address NOT IN (SELECT pool_address FROM excluded_pools)
    GROUP BY 1, 2
)

SELECT 
    block_date,
    pool_category,
    ROUND(volume_usd, 2) as daily_volume_usd,
    ROUND(SUM(volume_usd) OVER (PARTITION BY pool_category ORDER BY block_date), 2) as cumulative_volume_usd
FROM categorized_trades
ORDER BY block_date, daily_volume_usd DESC
 LIMIT 10000]
(Background on this error at: https://sqlalche.me/e/20/e3q8)
      Fetching 2025-09-01 (7/15)... ❌ Error: Execution failed on sql '-- Description: Total volume by pool category
-- Shows volume distribution across SOL-stable, stable-stable, and others
-- Priority-based volume calculation for accurate USD valuation

/*
Logic:
- SOL-stable: one token is SOL, other is stablecoin
- Stable-stable: both tokens are stablecoins
- Others: everything else
- Volume calculation priority: SOL → stablecoin → token price
- Daily and cumulative totals per category
*/

WITH excluded_pools AS (
    SELECT DISTINCT pool_address
    FROM orca.whirlpool_config
    WHERE config <> '2LecshUwdy9xi7meFgHtFJQNSKk4KdTrcpvaB56dP2NQ'
),

stablecoins AS (
    SELECT mint FROM (VALUES 
        ('EPjFWdd5AufqSSqeM2qN1xzybapC8G4wEGGkZwyTDt1v'),
        ('Es9vMFrzaCERmJfrF4H2FYD4KCoNkY11McCe8BenwNYB'),
        ('2b1kV6DkPAnxd5ixfnxCpjxmKwqjjaYmCZfHsFu24GXo'),
        ('DEkqHyPN7GMRJ5cArtQFAWefqbZb33Hyf6s5iCwjEonT'),
        ('USDSwr9ApdHk5bvJKMjzff41FfuX8bSxdKcR81vTwcA'),
        ('9zNQRsGLjNKwCUU5Gq5LR8beUCPzQMVMqKAi3SSZh54u'),
        ('HzwqbKZw8HxMN6bF2yFZNrht3c2iXXzpKcFu7uBEDKtr'),
        ('susdabGDNbhrnCa6ncrYo81u4s9GM8ecK2UwMyZiq4X'),
        ('AUSD1jCcCyPLybk1YnvPWsHQSrZ46dxwoMniN4N2UEB9'),
        ('2VhjJ9WxaGC3EZFwJG9BDUs9KxKCAjQY4vgd1qxgYWVg'),
        ('A1KLoBrKBde8Ty9qtNQUtq3C2ortoC3u7twggz7sEto6'),
        ('2u1tszSeqZ3qBWF3uNGPFc8TzMk2tdiwknnRMWGWjGWH'),
        ('5H4voZhzySsVvwVYDAKku8MZGuYBC7cXaBKDPW4YHWW1'),
        ('C4Kkr9NZU3VbyedcgutU6LKmi6MKz81sx6gRmk5pX519'),
        ('AhhdRu5YZdjVkKR3wbnUDaymVQL2ucjMQ63sZ3LFHsch'),
        ('9TPL8droGJ7jThsq4momaoz6uhTcvX2SeMqipoPmNa8R'),
        ('Crn4x1Y2HUKko7ox2EZMT6N2t2ZyH7eKtwkBGVnhEq1g'),
        ('FrBfWJ4qE5sCzKm3k3JaAtqZcXUh4LvJygDeketsrsH4'),
        ('AvZZF1YaZDziPY2RCK4oJrRVrbN3mTD9NL24hPeaZeUj'),
        ('6FrrzDk5mQARGc1TDYoyVnSyRdds1t4PbtohCD6p3tgG')
    ) AS t(mint)
),

categorized_trades AS (
    SELECT 
        t.block_date,
        CASE
            WHEN (t.token_sold_mint = 'So11111111111111111111111111111111111111112' AND sb.mint IS NOT NULL) 
              OR (ss.mint IS NOT NULL AND t.token_bought_mint = 'So11111111111111111111111111111111111111112') THEN 'SOL-stable'
            WHEN ss.mint IS NOT NULL AND sb.mint IS NOT NULL THEN 'stable-stable'
            ELSE 'others'
        END as pool_category,
        SUM(
            CASE 
                -- Priority 1: If SOL is bought, use SOL amount * price
                WHEN t.token_bought_mint = 'So11111111111111111111111111111111111111112'
                THEN t.token_bought_amount * COALESCE(psol.price_in_usd, 0)
                -- Priority 2: If SOL is sold, use SOL amount * price
                WHEN t.token_sold_mint = 'So11111111111111111111111111111111111111112'
                THEN t.token_sold_amount * COALESCE(psol.price_in_usd, 0)
                -- Priority 3: If stablecoin is bought, use stablecoin amount * price
                WHEN sb.mint IS NOT NULL
                THEN t.token_bought_amount * COALESCE(pb.price_in_usd, 0)
                -- Priority 4: If stablecoin is sold, use stablecoin amount * price
                WHEN ss.mint IS NOT NULL
                THEN t.token_sold_amount * COALESCE(ps.price_in_usd, 0)
                -- Priority 5: Neither has SOL or stablecoin, use bought token price
                ELSE t.token_bought_amount * COALESCE(pb.price_in_usd, 0)
            END
        ) as volume_usd
    FROM solana.dex_trades t
    LEFT JOIN stablecoins ss ON t.token_sold_mint = ss.mint
    LEFT JOIN stablecoins sb ON t.token_bought_mint = sb.mint
    LEFT JOIN solana.token_prices_1m psol ON psol.mint = 'So11111111111111111111111111111111111111112'
        AND DATE_TRUNC('minute', t.block_time) = psol.minute
    LEFT JOIN solana.token_prices_1m pb ON t.token_bought_mint = pb.mint
        AND DATE_TRUNC('minute', t.block_time) = pb.minute
        AND pb.mint <> 'FATYxjEcXNYinyoR8SzHBKtzLz8qYRdUaHpxPS7dvirt'
    LEFT JOIN solana.token_prices_1m ps ON t.token_sold_mint = ps.mint
        AND DATE_TRUNC('minute', t.block_time) = ps.minute
        AND ps.mint <> 'FATYxjEcXNYinyoR8SzHBKtzLz8qYRdUaHpxPS7dvirt'
    WHERE DATE_TRUNC('month', t.block_date) = DATE('2025-09-01')
      AND t.block_date < CURRENT_DATE
      AND t.pool_address NOT IN (SELECT pool_address FROM excluded_pools)
    GROUP BY 1, 2
)

SELECT 
    block_date,
    pool_category,
    ROUND(volume_usd, 2) as daily_volume_usd,
    ROUND(SUM(volume_usd) OVER (PARTITION BY pool_category ORDER BY block_date), 2) as cumulative_volume_usd
FROM categorized_trades
ORDER BY block_date, daily_volume_usd DESC
 LIMIT 10000': (trino.exceptions.TrinoExternalError) TrinoExternalError(type=EXTERNAL, name=ICEBERG_CANNOT_OPEN_SPLIT, message="Error opening Iceberg split s3://iceberg-warehouse/solana/token_prices_1m/data/block_date=2026-03-06/20260306_040001_00132_tt3h2-91adeaff-7e23-4128-86f3-8cf8057cff96.parquet (offset=4, length=360184): Failed to open S3 file: s3://iceberg-warehouse/solana/token_prices_1m/data/block_date=2026-03-06/20260306_040001_00132_tt3h2-91adeaff-7e23-4128-86f3-8cf8057cff96.parquet", query_id=20260310_072000_00394_tt3h2)
[SQL: -- Description: Total volume by pool category
-- Shows volume distribution across SOL-stable, stable-stable, and others
-- Priority-based volume calculation for accurate USD valuation

/*
Logic:
- SOL-stable: one token is SOL, other is stablecoin
- Stable-stable: both tokens are stablecoins
- Others: everything else
- Volume calculation priority: SOL → stablecoin → token price
- Daily and cumulative totals per category
*/

WITH excluded_pools AS (
    SELECT DISTINCT pool_address
    FROM orca.whirlpool_config
    WHERE config <> '2LecshUwdy9xi7meFgHtFJQNSKk4KdTrcpvaB56dP2NQ'
),

stablecoins AS (
    SELECT mint FROM (VALUES 
        ('EPjFWdd5AufqSSqeM2qN1xzybapC8G4wEGGkZwyTDt1v'),
        ('Es9vMFrzaCERmJfrF4H2FYD4KCoNkY11McCe8BenwNYB'),
        ('2b1kV6DkPAnxd5ixfnxCpjxmKwqjjaYmCZfHsFu24GXo'),
        ('DEkqHyPN7GMRJ5cArtQFAWefqbZb33Hyf6s5iCwjEonT'),
        ('USDSwr9ApdHk5bvJKMjzff41FfuX8bSxdKcR81vTwcA'),
        ('9zNQRsGLjNKwCUU5Gq5LR8beUCPzQMVMqKAi3SSZh54u'),
        ('HzwqbKZw8HxMN6bF2yFZNrht3c2iXXzpKcFu7uBEDKtr'),
        ('susdabGDNbhrnCa6ncrYo81u4s9GM8ecK2UwMyZiq4X'),
        ('AUSD1jCcCyPLybk1YnvPWsHQSrZ46dxwoMniN4N2UEB9'),
        ('2VhjJ9WxaGC3EZFwJG9BDUs9KxKCAjQY4vgd1qxgYWVg'),
        ('A1KLoBrKBde8Ty9qtNQUtq3C2ortoC3u7twggz7sEto6'),
        ('2u1tszSeqZ3qBWF3uNGPFc8TzMk2tdiwknnRMWGWjGWH'),
        ('5H4voZhzySsVvwVYDAKku8MZGuYBC7cXaBKDPW4YHWW1'),
        ('C4Kkr9NZU3VbyedcgutU6LKmi6MKz81sx6gRmk5pX519'),
        ('AhhdRu5YZdjVkKR3wbnUDaymVQL2ucjMQ63sZ3LFHsch'),
        ('9TPL8droGJ7jThsq4momaoz6uhTcvX2SeMqipoPmNa8R'),
        ('Crn4x1Y2HUKko7ox2EZMT6N2t2ZyH7eKtwkBGVnhEq1g'),
        ('FrBfWJ4qE5sCzKm3k3JaAtqZcXUh4LvJygDeketsrsH4'),
        ('AvZZF1YaZDziPY2RCK4oJrRVrbN3mTD9NL24hPeaZeUj'),
        ('6FrrzDk5mQARGc1TDYoyVnSyRdds1t4PbtohCD6p3tgG')
    ) AS t(mint)
),

categorized_trades AS (
    SELECT 
        t.block_date,
        CASE
            WHEN (t.token_sold_mint = 'So11111111111111111111111111111111111111112' AND sb.mint IS NOT NULL) 
              OR (ss.mint IS NOT NULL AND t.token_bought_mint = 'So11111111111111111111111111111111111111112') THEN 'SOL-stable'
            WHEN ss.mint IS NOT NULL AND sb.mint IS NOT NULL THEN 'stable-stable'
            ELSE 'others'
        END as pool_category,
        SUM(
            CASE 
                -- Priority 1: If SOL is bought, use SOL amount * price
                WHEN t.token_bought_mint = 'So11111111111111111111111111111111111111112'
                THEN t.token_bought_amount * COALESCE(psol.price_in_usd, 0)
                -- Priority 2: If SOL is sold, use SOL amount * price
                WHEN t.token_sold_mint = 'So11111111111111111111111111111111111111112'
                THEN t.token_sold_amount * COALESCE(psol.price_in_usd, 0)
                -- Priority 3: If stablecoin is bought, use stablecoin amount * price
                WHEN sb.mint IS NOT NULL
                THEN t.token_bought_amount * COALESCE(pb.price_in_usd, 0)
                -- Priority 4: If stablecoin is sold, use stablecoin amount * price
                WHEN ss.mint IS NOT NULL
                THEN t.token_sold_amount * COALESCE(ps.price_in_usd, 0)
                -- Priority 5: Neither has SOL or stablecoin, use bought token price
                ELSE t.token_bought_amount * COALESCE(pb.price_in_usd, 0)
            END
        ) as volume_usd
    FROM solana.dex_trades t
    LEFT JOIN stablecoins ss ON t.token_sold_mint = ss.mint
    LEFT JOIN stablecoins sb ON t.token_bought_mint = sb.mint
    LEFT JOIN solana.token_prices_1m psol ON psol.mint = 'So11111111111111111111111111111111111111112'
        AND DATE_TRUNC('minute', t.block_time) = psol.minute
    LEFT JOIN solana.token_prices_1m pb ON t.token_bought_mint = pb.mint
        AND DATE_TRUNC('minute', t.block_time) = pb.minute
        AND pb.mint <> 'FATYxjEcXNYinyoR8SzHBKtzLz8qYRdUaHpxPS7dvirt'
    LEFT JOIN solana.token_prices_1m ps ON t.token_sold_mint = ps.mint
        AND DATE_TRUNC('minute', t.block_time) = ps.minute
        AND ps.mint <> 'FATYxjEcXNYinyoR8SzHBKtzLz8qYRdUaHpxPS7dvirt'
    WHERE DATE_TRUNC('month', t.block_date) = DATE('2025-09-01')
      AND t.block_date < CURRENT_DATE
      AND t.pool_address NOT IN (SELECT pool_address FROM excluded_pools)
    GROUP BY 1, 2
)

SELECT 
    block_date,
    pool_category,
    ROUND(volume_usd, 2) as daily_volume_usd,
    ROUND(SUM(volume_usd) OVER (PARTITION BY pool_category ORDER BY block_date), 2) as cumulative_volume_usd
FROM categorized_trades
ORDER BY block_date, daily_volume_usd DESC
 LIMIT 10000]
(Background on this error at: https://sqlalche.me/e/20/e3q8)
      Fetching 2025-08-01 (8/15)... ❌ Error: Execution failed on sql '-- Description: Total volume by pool category
-- Shows volume distribution across SOL-stable, stable-stable, and others
-- Priority-based volume calculation for accurate USD valuation

/*
Logic:
- SOL-stable: one token is SOL, other is stablecoin
- Stable-stable: both tokens are stablecoins
- Others: everything else
- Volume calculation priority: SOL → stablecoin → token price
- Daily and cumulative totals per category
*/

WITH excluded_pools AS (
    SELECT DISTINCT pool_address
    FROM orca.whirlpool_config
    WHERE config <> '2LecshUwdy9xi7meFgHtFJQNSKk4KdTrcpvaB56dP2NQ'
),

stablecoins AS (
    SELECT mint FROM (VALUES 
        ('EPjFWdd5AufqSSqeM2qN1xzybapC8G4wEGGkZwyTDt1v'),
        ('Es9vMFrzaCERmJfrF4H2FYD4KCoNkY11McCe8BenwNYB'),
        ('2b1kV6DkPAnxd5ixfnxCpjxmKwqjjaYmCZfHsFu24GXo'),
        ('DEkqHyPN7GMRJ5cArtQFAWefqbZb33Hyf6s5iCwjEonT'),
        ('USDSwr9ApdHk5bvJKMjzff41FfuX8bSxdKcR81vTwcA'),
        ('9zNQRsGLjNKwCUU5Gq5LR8beUCPzQMVMqKAi3SSZh54u'),
        ('HzwqbKZw8HxMN6bF2yFZNrht3c2iXXzpKcFu7uBEDKtr'),
        ('susdabGDNbhrnCa6ncrYo81u4s9GM8ecK2UwMyZiq4X'),
        ('AUSD1jCcCyPLybk1YnvPWsHQSrZ46dxwoMniN4N2UEB9'),
        ('2VhjJ9WxaGC3EZFwJG9BDUs9KxKCAjQY4vgd1qxgYWVg'),
        ('A1KLoBrKBde8Ty9qtNQUtq3C2ortoC3u7twggz7sEto6'),
        ('2u1tszSeqZ3qBWF3uNGPFc8TzMk2tdiwknnRMWGWjGWH'),
        ('5H4voZhzySsVvwVYDAKku8MZGuYBC7cXaBKDPW4YHWW1'),
        ('C4Kkr9NZU3VbyedcgutU6LKmi6MKz81sx6gRmk5pX519'),
        ('AhhdRu5YZdjVkKR3wbnUDaymVQL2ucjMQ63sZ3LFHsch'),
        ('9TPL8droGJ7jThsq4momaoz6uhTcvX2SeMqipoPmNa8R'),
        ('Crn4x1Y2HUKko7ox2EZMT6N2t2ZyH7eKtwkBGVnhEq1g'),
        ('FrBfWJ4qE5sCzKm3k3JaAtqZcXUh4LvJygDeketsrsH4'),
        ('AvZZF1YaZDziPY2RCK4oJrRVrbN3mTD9NL24hPeaZeUj'),
        ('6FrrzDk5mQARGc1TDYoyVnSyRdds1t4PbtohCD6p3tgG')
    ) AS t(mint)
),

categorized_trades AS (
    SELECT 
        t.block_date,
        CASE
            WHEN (t.token_sold_mint = 'So11111111111111111111111111111111111111112' AND sb.mint IS NOT NULL) 
              OR (ss.mint IS NOT NULL AND t.token_bought_mint = 'So11111111111111111111111111111111111111112') THEN 'SOL-stable'
            WHEN ss.mint IS NOT NULL AND sb.mint IS NOT NULL THEN 'stable-stable'
            ELSE 'others'
        END as pool_category,
        SUM(
            CASE 
                -- Priority 1: If SOL is bought, use SOL amount * price
                WHEN t.token_bought_mint = 'So11111111111111111111111111111111111111112'
                THEN t.token_bought_amount * COALESCE(psol.price_in_usd, 0)
                -- Priority 2: If SOL is sold, use SOL amount * price
                WHEN t.token_sold_mint = 'So11111111111111111111111111111111111111112'
                THEN t.token_sold_amount * COALESCE(psol.price_in_usd, 0)
                -- Priority 3: If stablecoin is bought, use stablecoin amount * price
                WHEN sb.mint IS NOT NULL
                THEN t.token_bought_amount * COALESCE(pb.price_in_usd, 0)
                -- Priority 4: If stablecoin is sold, use stablecoin amount * price
                WHEN ss.mint IS NOT NULL
                THEN t.token_sold_amount * COALESCE(ps.price_in_usd, 0)
                -- Priority 5: Neither has SOL or stablecoin, use bought token price
                ELSE t.token_bought_amount * COALESCE(pb.price_in_usd, 0)
            END
        ) as volume_usd
    FROM solana.dex_trades t
    LEFT JOIN stablecoins ss ON t.token_sold_mint = ss.mint
    LEFT JOIN stablecoins sb ON t.token_bought_mint = sb.mint
    LEFT JOIN solana.token_prices_1m psol ON psol.mint = 'So11111111111111111111111111111111111111112'
        AND DATE_TRUNC('minute', t.block_time) = psol.minute
    LEFT JOIN solana.token_prices_1m pb ON t.token_bought_mint = pb.mint
        AND DATE_TRUNC('minute', t.block_time) = pb.minute
        AND pb.mint <> 'FATYxjEcXNYinyoR8SzHBKtzLz8qYRdUaHpxPS7dvirt'
    LEFT JOIN solana.token_prices_1m ps ON t.token_sold_mint = ps.mint
        AND DATE_TRUNC('minute', t.block_time) = ps.minute
        AND ps.mint <> 'FATYxjEcXNYinyoR8SzHBKtzLz8qYRdUaHpxPS7dvirt'
    WHERE DATE_TRUNC('month', t.block_date) = DATE('2025-08-01')
      AND t.block_date < CURRENT_DATE
      AND t.pool_address NOT IN (SELECT pool_address FROM excluded_pools)
    GROUP BY 1, 2
)

SELECT 
    block_date,
    pool_category,
    ROUND(volume_usd, 2) as daily_volume_usd,
    ROUND(SUM(volume_usd) OVER (PARTITION BY pool_category ORDER BY block_date), 2) as cumulative_volume_usd
FROM categorized_trades
ORDER BY block_date, daily_volume_usd DESC
 LIMIT 10000': (trino.exceptions.TrinoQueryError) TrinoQueryError(type=INTERNAL_ERROR, name=PAGE_TRANSPORT_ERROR, message="Error fetching http://10.42.4.117:8080/v1/task/20260310_072001_00396_tt3h2.10.14.0/results/12/30: Expected response code to be 200, but was 503:
Trino server is still initializing
", query_id=20260310_072001_00396_tt3h2)
[SQL: -- Description: Total volume by pool category
-- Shows volume distribution across SOL-stable, stable-stable, and others
-- Priority-based volume calculation for accurate USD valuation

/*
Logic:
- SOL-stable: one token is SOL, other is stablecoin
- Stable-stable: both tokens are stablecoins
- Others: everything else
- Volume calculation priority: SOL → stablecoin → token price
- Daily and cumulative totals per category
*/

WITH excluded_pools AS (
    SELECT DISTINCT pool_address
    FROM orca.whirlpool_config
    WHERE config <> '2LecshUwdy9xi7meFgHtFJQNSKk4KdTrcpvaB56dP2NQ'
),

stablecoins AS (
    SELECT mint FROM (VALUES 
        ('EPjFWdd5AufqSSqeM2qN1xzybapC8G4wEGGkZwyTDt1v'),
        ('Es9vMFrzaCERmJfrF4H2FYD4KCoNkY11McCe8BenwNYB'),
        ('2b1kV6DkPAnxd5ixfnxCpjxmKwqjjaYmCZfHsFu24GXo'),
        ('DEkqHyPN7GMRJ5cArtQFAWefqbZb33Hyf6s5iCwjEonT'),
        ('USDSwr9ApdHk5bvJKMjzff41FfuX8bSxdKcR81vTwcA'),
        ('9zNQRsGLjNKwCUU5Gq5LR8beUCPzQMVMqKAi3SSZh54u'),
        ('HzwqbKZw8HxMN6bF2yFZNrht3c2iXXzpKcFu7uBEDKtr'),
        ('susdabGDNbhrnCa6ncrYo81u4s9GM8ecK2UwMyZiq4X'),
        ('AUSD1jCcCyPLybk1YnvPWsHQSrZ46dxwoMniN4N2UEB9'),
        ('2VhjJ9WxaGC3EZFwJG9BDUs9KxKCAjQY4vgd1qxgYWVg'),
        ('A1KLoBrKBde8Ty9qtNQUtq3C2ortoC3u7twggz7sEto6'),
        ('2u1tszSeqZ3qBWF3uNGPFc8TzMk2tdiwknnRMWGWjGWH'),
        ('5H4voZhzySsVvwVYDAKku8MZGuYBC7cXaBKDPW4YHWW1'),
        ('C4Kkr9NZU3VbyedcgutU6LKmi6MKz81sx6gRmk5pX519'),
        ('AhhdRu5YZdjVkKR3wbnUDaymVQL2ucjMQ63sZ3LFHsch'),
        ('9TPL8droGJ7jThsq4momaoz6uhTcvX2SeMqipoPmNa8R'),
        ('Crn4x1Y2HUKko7ox2EZMT6N2t2ZyH7eKtwkBGVnhEq1g'),
        ('FrBfWJ4qE5sCzKm3k3JaAtqZcXUh4LvJygDeketsrsH4'),
        ('AvZZF1YaZDziPY2RCK4oJrRVrbN3mTD9NL24hPeaZeUj'),
        ('6FrrzDk5mQARGc1TDYoyVnSyRdds1t4PbtohCD6p3tgG')
    ) AS t(mint)
),

categorized_trades AS (
    SELECT 
        t.block_date,
        CASE
            WHEN (t.token_sold_mint = 'So11111111111111111111111111111111111111112' AND sb.mint IS NOT NULL) 
              OR (ss.mint IS NOT NULL AND t.token_bought_mint = 'So11111111111111111111111111111111111111112') THEN 'SOL-stable'
            WHEN ss.mint IS NOT NULL AND sb.mint IS NOT NULL THEN 'stable-stable'
            ELSE 'others'
        END as pool_category,
        SUM(
            CASE 
                -- Priority 1: If SOL is bought, use SOL amount * price
                WHEN t.token_bought_mint = 'So11111111111111111111111111111111111111112'
                THEN t.token_bought_amount * COALESCE(psol.price_in_usd, 0)
                -- Priority 2: If SOL is sold, use SOL amount * price
                WHEN t.token_sold_mint = 'So11111111111111111111111111111111111111112'
                THEN t.token_sold_amount * COALESCE(psol.price_in_usd, 0)
                -- Priority 3: If stablecoin is bought, use stablecoin amount * price
                WHEN sb.mint IS NOT NULL
                THEN t.token_bought_amount * COALESCE(pb.price_in_usd, 0)
                -- Priority 4: If stablecoin is sold, use stablecoin amount * price
                WHEN ss.mint IS NOT NULL
                THEN t.token_sold_amount * COALESCE(ps.price_in_usd, 0)
                -- Priority 5: Neither has SOL or stablecoin, use bought token price
                ELSE t.token_bought_amount * COALESCE(pb.price_in_usd, 0)
            END
        ) as volume_usd
    FROM solana.dex_trades t
    LEFT JOIN stablecoins ss ON t.token_sold_mint = ss.mint
    LEFT JOIN stablecoins sb ON t.token_bought_mint = sb.mint
    LEFT JOIN solana.token_prices_1m psol ON psol.mint = 'So11111111111111111111111111111111111111112'
        AND DATE_TRUNC('minute', t.block_time) = psol.minute
    LEFT JOIN solana.token_prices_1m pb ON t.token_bought_mint = pb.mint
        AND DATE_TRUNC('minute', t.block_time) = pb.minute
        AND pb.mint <> 'FATYxjEcXNYinyoR8SzHBKtzLz8qYRdUaHpxPS7dvirt'
    LEFT JOIN solana.token_prices_1m ps ON t.token_sold_mint = ps.mint
        AND DATE_TRUNC('minute', t.block_time) = ps.minute
        AND ps.mint <> 'FATYxjEcXNYinyoR8SzHBKtzLz8qYRdUaHpxPS7dvirt'
    WHERE DATE_TRUNC('month', t.block_date) = DATE('2025-08-01')
      AND t.block_date < CURRENT_DATE
      AND t.pool_address NOT IN (SELECT pool_address FROM excluded_pools)
    GROUP BY 1, 2
)

SELECT 
    block_date,
    pool_category,
    ROUND(volume_usd, 2) as daily_volume_usd,
    ROUND(SUM(volume_usd) OVER (PARTITION BY pool_category ORDER BY block_date), 2) as cumulative_volume_usd
FROM categorized_trades
ORDER BY block_date, daily_volume_usd DESC
 LIMIT 10000]
(Background on this error at: https://sqlalche.me/e/20/dbapi)
      Fetching 2025-07-01 (9/15)... ✅ 93 rows 💾
      Fetching 2025-06-01 (10/15)... ✅ 90 rows 💾
      Fetching 2025-05-01 (11/15)... ✅ 93 rows 💾
      Fetching 2025-04-01 (12/15)... ❌ Error: Execution failed on sql '-- Description: Total volume by pool category
-- Shows volume distribution across SOL-stable, stable-stable, and others
-- Priority-based volume calculation for accurate USD valuation

/*
Logic:
- SOL-stable: one token is SOL, other is stablecoin
- Stable-stable: both tokens are stablecoins
- Others: everything else
- Volume calculation priority: SOL → stablecoin → token price
- Daily and cumulative totals per category
*/

WITH excluded_pools AS (
    SELECT DISTINCT pool_address
    FROM orca.whirlpool_config
    WHERE config <> '2LecshUwdy9xi7meFgHtFJQNSKk4KdTrcpvaB56dP2NQ'
),

stablecoins AS (
    SELECT mint FROM (VALUES 
        ('EPjFWdd5AufqSSqeM2qN1xzybapC8G4wEGGkZwyTDt1v'),
        ('Es9vMFrzaCERmJfrF4H2FYD4KCoNkY11McCe8BenwNYB'),
        ('2b1kV6DkPAnxd5ixfnxCpjxmKwqjjaYmCZfHsFu24GXo'),
        ('DEkqHyPN7GMRJ5cArtQFAWefqbZb33Hyf6s5iCwjEonT'),
        ('USDSwr9ApdHk5bvJKMjzff41FfuX8bSxdKcR81vTwcA'),
        ('9zNQRsGLjNKwCUU5Gq5LR8beUCPzQMVMqKAi3SSZh54u'),
        ('HzwqbKZw8HxMN6bF2yFZNrht3c2iXXzpKcFu7uBEDKtr'),
        ('susdabGDNbhrnCa6ncrYo81u4s9GM8ecK2UwMyZiq4X'),
        ('AUSD1jCcCyPLybk1YnvPWsHQSrZ46dxwoMniN4N2UEB9'),
        ('2VhjJ9WxaGC3EZFwJG9BDUs9KxKCAjQY4vgd1qxgYWVg'),
        ('A1KLoBrKBde8Ty9qtNQUtq3C2ortoC3u7twggz7sEto6'),
        ('2u1tszSeqZ3qBWF3uNGPFc8TzMk2tdiwknnRMWGWjGWH'),
        ('5H4voZhzySsVvwVYDAKku8MZGuYBC7cXaBKDPW4YHWW1'),
        ('C4Kkr9NZU3VbyedcgutU6LKmi6MKz81sx6gRmk5pX519'),
        ('AhhdRu5YZdjVkKR3wbnUDaymVQL2ucjMQ63sZ3LFHsch'),
        ('9TPL8droGJ7jThsq4momaoz6uhTcvX2SeMqipoPmNa8R'),
        ('Crn4x1Y2HUKko7ox2EZMT6N2t2ZyH7eKtwkBGVnhEq1g'),
        ('FrBfWJ4qE5sCzKm3k3JaAtqZcXUh4LvJygDeketsrsH4'),
        ('AvZZF1YaZDziPY2RCK4oJrRVrbN3mTD9NL24hPeaZeUj'),
        ('6FrrzDk5mQARGc1TDYoyVnSyRdds1t4PbtohCD6p3tgG')
    ) AS t(mint)
),

categorized_trades AS (
    SELECT 
        t.block_date,
        CASE
            WHEN (t.token_sold_mint = 'So11111111111111111111111111111111111111112' AND sb.mint IS NOT NULL) 
              OR (ss.mint IS NOT NULL AND t.token_bought_mint = 'So11111111111111111111111111111111111111112') THEN 'SOL-stable'
            WHEN ss.mint IS NOT NULL AND sb.mint IS NOT NULL THEN 'stable-stable'
            ELSE 'others'
        END as pool_category,
        SUM(
            CASE 
                -- Priority 1: If SOL is bought, use SOL amount * price
                WHEN t.token_bought_mint = 'So11111111111111111111111111111111111111112'
                THEN t.token_bought_amount * COALESCE(psol.price_in_usd, 0)
                -- Priority 2: If SOL is sold, use SOL amount * price
                WHEN t.token_sold_mint = 'So11111111111111111111111111111111111111112'
                THEN t.token_sold_amount * COALESCE(psol.price_in_usd, 0)
                -- Priority 3: If stablecoin is bought, use stablecoin amount * price
                WHEN sb.mint IS NOT NULL
                THEN t.token_bought_amount * COALESCE(pb.price_in_usd, 0)
                -- Priority 4: If stablecoin is sold, use stablecoin amount * price
                WHEN ss.mint IS NOT NULL
                THEN t.token_sold_amount * COALESCE(ps.price_in_usd, 0)
                -- Priority 5: Neither has SOL or stablecoin, use bought token price
                ELSE t.token_bought_amount * COALESCE(pb.price_in_usd, 0)
            END
        ) as volume_usd
    FROM solana.dex_trades t
    LEFT JOIN stablecoins ss ON t.token_sold_mint = ss.mint
    LEFT JOIN stablecoins sb ON t.token_bought_mint = sb.mint
    LEFT JOIN solana.token_prices_1m psol ON psol.mint = 'So11111111111111111111111111111111111111112'
        AND DATE_TRUNC('minute', t.block_time) = psol.minute
    LEFT JOIN solana.token_prices_1m pb ON t.token_bought_mint = pb.mint
        AND DATE_TRUNC('minute', t.block_time) = pb.minute
        AND pb.mint <> 'FATYxjEcXNYinyoR8SzHBKtzLz8qYRdUaHpxPS7dvirt'
    LEFT JOIN solana.token_prices_1m ps ON t.token_sold_mint = ps.mint
        AND DATE_TRUNC('minute', t.block_time) = ps.minute
        AND ps.mint <> 'FATYxjEcXNYinyoR8SzHBKtzLz8qYRdUaHpxPS7dvirt'
    WHERE DATE_TRUNC('month', t.block_date) = DATE('2025-04-01')
      AND t.block_date < CURRENT_DATE
      AND t.pool_address NOT IN (SELECT pool_address FROM excluded_pools)
    GROUP BY 1, 2
)

SELECT 
    block_date,
    pool_category,
    ROUND(volume_usd, 2) as daily_volume_usd,
    ROUND(SUM(volume_usd) OVER (PARTITION BY pool_category ORDER BY block_date), 2) as cumulative_volume_usd
FROM categorized_trades
ORDER BY block_date, daily_volume_usd DESC
 LIMIT 10000': (trino.exceptions.TrinoExternalError) TrinoExternalError(type=EXTERNAL, name=ICEBERG_CANNOT_OPEN_SPLIT, message="Error opening Iceberg split s3://iceberg-warehouse/solana/token_prices_1m/data/block_date=2026-02-26/20260226_060001_00036_rdt68-7331604b-f255-4fd9-bbea-a50b09187285.parquet (offset=4, length=353573): Failed to open S3 file: s3://iceberg-warehouse/solana/token_prices_1m/data/block_date=2026-02-26/20260226_060001_00036_rdt68-7331604b-f255-4fd9-bbea-a50b09187285.parquet", query_id=20260310_072814_00408_tt3h2)
[SQL: -- Description: Total volume by pool category
-- Shows volume distribution across SOL-stable, stable-stable, and others
-- Priority-based volume calculation for accurate USD valuation

/*
Logic:
- SOL-stable: one token is SOL, other is stablecoin
- Stable-stable: both tokens are stablecoins
- Others: everything else
- Volume calculation priority: SOL → stablecoin → token price
- Daily and cumulative totals per category
*/

WITH excluded_pools AS (
    SELECT DISTINCT pool_address
    FROM orca.whirlpool_config
    WHERE config <> '2LecshUwdy9xi7meFgHtFJQNSKk4KdTrcpvaB56dP2NQ'
),

stablecoins AS (
    SELECT mint FROM (VALUES 
        ('EPjFWdd5AufqSSqeM2qN1xzybapC8G4wEGGkZwyTDt1v'),
        ('Es9vMFrzaCERmJfrF4H2FYD4KCoNkY11McCe8BenwNYB'),
        ('2b1kV6DkPAnxd5ixfnxCpjxmKwqjjaYmCZfHsFu24GXo'),
        ('DEkqHyPN7GMRJ5cArtQFAWefqbZb33Hyf6s5iCwjEonT'),
        ('USDSwr9ApdHk5bvJKMjzff41FfuX8bSxdKcR81vTwcA'),
        ('9zNQRsGLjNKwCUU5Gq5LR8beUCPzQMVMqKAi3SSZh54u'),
        ('HzwqbKZw8HxMN6bF2yFZNrht3c2iXXzpKcFu7uBEDKtr'),
        ('susdabGDNbhrnCa6ncrYo81u4s9GM8ecK2UwMyZiq4X'),
        ('AUSD1jCcCyPLybk1YnvPWsHQSrZ46dxwoMniN4N2UEB9'),
        ('2VhjJ9WxaGC3EZFwJG9BDUs9KxKCAjQY4vgd1qxgYWVg'),
        ('A1KLoBrKBde8Ty9qtNQUtq3C2ortoC3u7twggz7sEto6'),
        ('2u1tszSeqZ3qBWF3uNGPFc8TzMk2tdiwknnRMWGWjGWH'),
        ('5H4voZhzySsVvwVYDAKku8MZGuYBC7cXaBKDPW4YHWW1'),
        ('C4Kkr9NZU3VbyedcgutU6LKmi6MKz81sx6gRmk5pX519'),
        ('AhhdRu5YZdjVkKR3wbnUDaymVQL2ucjMQ63sZ3LFHsch'),
        ('9TPL8droGJ7jThsq4momaoz6uhTcvX2SeMqipoPmNa8R'),
        ('Crn4x1Y2HUKko7ox2EZMT6N2t2ZyH7eKtwkBGVnhEq1g'),
        ('FrBfWJ4qE5sCzKm3k3JaAtqZcXUh4LvJygDeketsrsH4'),
        ('AvZZF1YaZDziPY2RCK4oJrRVrbN3mTD9NL24hPeaZeUj'),
        ('6FrrzDk5mQARGc1TDYoyVnSyRdds1t4PbtohCD6p3tgG')
    ) AS t(mint)
),

categorized_trades AS (
    SELECT 
        t.block_date,
        CASE
            WHEN (t.token_sold_mint = 'So11111111111111111111111111111111111111112' AND sb.mint IS NOT NULL) 
              OR (ss.mint IS NOT NULL AND t.token_bought_mint = 'So11111111111111111111111111111111111111112') THEN 'SOL-stable'
            WHEN ss.mint IS NOT NULL AND sb.mint IS NOT NULL THEN 'stable-stable'
            ELSE 'others'
        END as pool_category,
        SUM(
            CASE 
                -- Priority 1: If SOL is bought, use SOL amount * price
                WHEN t.token_bought_mint = 'So11111111111111111111111111111111111111112'
                THEN t.token_bought_amount * COALESCE(psol.price_in_usd, 0)
                -- Priority 2: If SOL is sold, use SOL amount * price
                WHEN t.token_sold_mint = 'So11111111111111111111111111111111111111112'
                THEN t.token_sold_amount * COALESCE(psol.price_in_usd, 0)
                -- Priority 3: If stablecoin is bought, use stablecoin amount * price
                WHEN sb.mint IS NOT NULL
                THEN t.token_bought_amount * COALESCE(pb.price_in_usd, 0)
                -- Priority 4: If stablecoin is sold, use stablecoin amount * price
                WHEN ss.mint IS NOT NULL
                THEN t.token_sold_amount * COALESCE(ps.price_in_usd, 0)
                -- Priority 5: Neither has SOL or stablecoin, use bought token price
                ELSE t.token_bought_amount * COALESCE(pb.price_in_usd, 0)
            END
        ) as volume_usd
    FROM solana.dex_trades t
    LEFT JOIN stablecoins ss ON t.token_sold_mint = ss.mint
    LEFT JOIN stablecoins sb ON t.token_bought_mint = sb.mint
    LEFT JOIN solana.token_prices_1m psol ON psol.mint = 'So11111111111111111111111111111111111111112'
        AND DATE_TRUNC('minute', t.block_time) = psol.minute
    LEFT JOIN solana.token_prices_1m pb ON t.token_bought_mint = pb.mint
        AND DATE_TRUNC('minute', t.block_time) = pb.minute
        AND pb.mint <> 'FATYxjEcXNYinyoR8SzHBKtzLz8qYRdUaHpxPS7dvirt'
    LEFT JOIN solana.token_prices_1m ps ON t.token_sold_mint = ps.mint
        AND DATE_TRUNC('minute', t.block_time) = ps.minute
        AND ps.mint <> 'FATYxjEcXNYinyoR8SzHBKtzLz8qYRdUaHpxPS7dvirt'
    WHERE DATE_TRUNC('month', t.block_date) = DATE('2025-04-01')
      AND t.block_date < CURRENT_DATE
      AND t.pool_address NOT IN (SELECT pool_address FROM excluded_pools)
    GROUP BY 1, 2
)

SELECT 
    block_date,
    pool_category,
    ROUND(volume_usd, 2) as daily_volume_usd,
    ROUND(SUM(volume_usd) OVER (PARTITION BY pool_category ORDER BY block_date), 2) as cumulative_volume_usd
FROM categorized_trades
ORDER BY block_date, daily_volume_usd DESC
 LIMIT 10000]
(Background on this error at: https://sqlalche.me/e/20/e3q8)
      Fetching 2025-03-01 (13/15)... ❌ Error: Execution failed on sql '-- Description: Total volume by pool category
-- Shows volume distribution across SOL-stable, stable-stable, and others
-- Priority-based volume calculation for accurate USD valuation

/*
Logic:
- SOL-stable: one token is SOL, other is stablecoin
- Stable-stable: both tokens are stablecoins
- Others: everything else
- Volume calculation priority: SOL → stablecoin → token price
- Daily and cumulative totals per category
*/

WITH excluded_pools AS (
    SELECT DISTINCT pool_address
    FROM orca.whirlpool_config
    WHERE config <> '2LecshUwdy9xi7meFgHtFJQNSKk4KdTrcpvaB56dP2NQ'
),

stablecoins AS (
    SELECT mint FROM (VALUES 
        ('EPjFWdd5AufqSSqeM2qN1xzybapC8G4wEGGkZwyTDt1v'),
        ('Es9vMFrzaCERmJfrF4H2FYD4KCoNkY11McCe8BenwNYB'),
        ('2b1kV6DkPAnxd5ixfnxCpjxmKwqjjaYmCZfHsFu24GXo'),
        ('DEkqHyPN7GMRJ5cArtQFAWefqbZb33Hyf6s5iCwjEonT'),
        ('USDSwr9ApdHk5bvJKMjzff41FfuX8bSxdKcR81vTwcA'),
        ('9zNQRsGLjNKwCUU5Gq5LR8beUCPzQMVMqKAi3SSZh54u'),
        ('HzwqbKZw8HxMN6bF2yFZNrht3c2iXXzpKcFu7uBEDKtr'),
        ('susdabGDNbhrnCa6ncrYo81u4s9GM8ecK2UwMyZiq4X'),
        ('AUSD1jCcCyPLybk1YnvPWsHQSrZ46dxwoMniN4N2UEB9'),
        ('2VhjJ9WxaGC3EZFwJG9BDUs9KxKCAjQY4vgd1qxgYWVg'),
        ('A1KLoBrKBde8Ty9qtNQUtq3C2ortoC3u7twggz7sEto6'),
        ('2u1tszSeqZ3qBWF3uNGPFc8TzMk2tdiwknnRMWGWjGWH'),
        ('5H4voZhzySsVvwVYDAKku8MZGuYBC7cXaBKDPW4YHWW1'),
        ('C4Kkr9NZU3VbyedcgutU6LKmi6MKz81sx6gRmk5pX519'),
        ('AhhdRu5YZdjVkKR3wbnUDaymVQL2ucjMQ63sZ3LFHsch'),
        ('9TPL8droGJ7jThsq4momaoz6uhTcvX2SeMqipoPmNa8R'),
        ('Crn4x1Y2HUKko7ox2EZMT6N2t2ZyH7eKtwkBGVnhEq1g'),
        ('FrBfWJ4qE5sCzKm3k3JaAtqZcXUh4LvJygDeketsrsH4'),
        ('AvZZF1YaZDziPY2RCK4oJrRVrbN3mTD9NL24hPeaZeUj'),
        ('6FrrzDk5mQARGc1TDYoyVnSyRdds1t4PbtohCD6p3tgG')
    ) AS t(mint)
),

categorized_trades AS (
    SELECT 
        t.block_date,
        CASE
            WHEN (t.token_sold_mint = 'So11111111111111111111111111111111111111112' AND sb.mint IS NOT NULL) 
              OR (ss.mint IS NOT NULL AND t.token_bought_mint = 'So11111111111111111111111111111111111111112') THEN 'SOL-stable'
            WHEN ss.mint IS NOT NULL AND sb.mint IS NOT NULL THEN 'stable-stable'
            ELSE 'others'
        END as pool_category,
        SUM(
            CASE 
                -- Priority 1: If SOL is bought, use SOL amount * price
                WHEN t.token_bought_mint = 'So11111111111111111111111111111111111111112'
                THEN t.token_bought_amount * COALESCE(psol.price_in_usd, 0)
                -- Priority 2: If SOL is sold, use SOL amount * price
                WHEN t.token_sold_mint = 'So11111111111111111111111111111111111111112'
                THEN t.token_sold_amount * COALESCE(psol.price_in_usd, 0)
                -- Priority 3: If stablecoin is bought, use stablecoin amount * price
                WHEN sb.mint IS NOT NULL
                THEN t.token_bought_amount * COALESCE(pb.price_in_usd, 0)
                -- Priority 4: If stablecoin is sold, use stablecoin amount * price
                WHEN ss.mint IS NOT NULL
                THEN t.token_sold_amount * COALESCE(ps.price_in_usd, 0)
                -- Priority 5: Neither has SOL or stablecoin, use bought token price
                ELSE t.token_bought_amount * COALESCE(pb.price_in_usd, 0)
            END
        ) as volume_usd
    FROM solana.dex_trades t
    LEFT JOIN stablecoins ss ON t.token_sold_mint = ss.mint
    LEFT JOIN stablecoins sb ON t.token_bought_mint = sb.mint
    LEFT JOIN solana.token_prices_1m psol ON psol.mint = 'So11111111111111111111111111111111111111112'
        AND DATE_TRUNC('minute', t.block_time) = psol.minute
    LEFT JOIN solana.token_prices_1m pb ON t.token_bought_mint = pb.mint
        AND DATE_TRUNC('minute', t.block_time) = pb.minute
        AND pb.mint <> 'FATYxjEcXNYinyoR8SzHBKtzLz8qYRdUaHpxPS7dvirt'
    LEFT JOIN solana.token_prices_1m ps ON t.token_sold_mint = ps.mint
        AND DATE_TRUNC('minute', t.block_time) = ps.minute
        AND ps.mint <> 'FATYxjEcXNYinyoR8SzHBKtzLz8qYRdUaHpxPS7dvirt'
    WHERE DATE_TRUNC('month', t.block_date) = DATE('2025-03-01')
      AND t.block_date < CURRENT_DATE
      AND t.pool_address NOT IN (SELECT pool_address FROM excluded_pools)
    GROUP BY 1, 2
)

SELECT 
    block_date,
    pool_category,
    ROUND(volume_usd, 2) as daily_volume_usd,
    ROUND(SUM(volume_usd) OVER (PARTITION BY pool_category ORDER BY block_date), 2) as cumulative_volume_usd
FROM categorized_trades
ORDER BY block_date, daily_volume_usd DESC
 LIMIT 10000': (trino.exceptions.TrinoExternalError) TrinoExternalError(type=EXTERNAL, name=ICEBERG_CANNOT_OPEN_SPLIT, message="Error opening Iceberg split s3://iceberg-warehouse/solana/token_prices_1m/data/block_date=2026-03-07/20260307_210003_04629_tt3h2-4959865d-6f79-413d-9ae2-d609576c08f8.parquet (offset=4, length=183097): Failed to open S3 file: s3://iceberg-warehouse/solana/token_prices_1m/data/block_date=2026-03-07/20260307_210003_04629_tt3h2-4959865d-6f79-413d-9ae2-d609576c08f8.parquet", query_id=20260310_072958_00410_tt3h2)
[SQL: -- Description: Total volume by pool category
-- Shows volume distribution across SOL-stable, stable-stable, and others
-- Priority-based volume calculation for accurate USD valuation

/*
Logic:
- SOL-stable: one token is SOL, other is stablecoin
- Stable-stable: both tokens are stablecoins
- Others: everything else
- Volume calculation priority: SOL → stablecoin → token price
- Daily and cumulative totals per category
*/

WITH excluded_pools AS (
    SELECT DISTINCT pool_address
    FROM orca.whirlpool_config
    WHERE config <> '2LecshUwdy9xi7meFgHtFJQNSKk4KdTrcpvaB56dP2NQ'
),

stablecoins AS (
    SELECT mint FROM (VALUES 
        ('EPjFWdd5AufqSSqeM2qN1xzybapC8G4wEGGkZwyTDt1v'),
        ('Es9vMFrzaCERmJfrF4H2FYD4KCoNkY11McCe8BenwNYB'),
        ('2b1kV6DkPAnxd5ixfnxCpjxmKwqjjaYmCZfHsFu24GXo'),
        ('DEkqHyPN7GMRJ5cArtQFAWefqbZb33Hyf6s5iCwjEonT'),
        ('USDSwr9ApdHk5bvJKMjzff41FfuX8bSxdKcR81vTwcA'),
        ('9zNQRsGLjNKwCUU5Gq5LR8beUCPzQMVMqKAi3SSZh54u'),
        ('HzwqbKZw8HxMN6bF2yFZNrht3c2iXXzpKcFu7uBEDKtr'),
        ('susdabGDNbhrnCa6ncrYo81u4s9GM8ecK2UwMyZiq4X'),
        ('AUSD1jCcCyPLybk1YnvPWsHQSrZ46dxwoMniN4N2UEB9'),
        ('2VhjJ9WxaGC3EZFwJG9BDUs9KxKCAjQY4vgd1qxgYWVg'),
        ('A1KLoBrKBde8Ty9qtNQUtq3C2ortoC3u7twggz7sEto6'),
        ('2u1tszSeqZ3qBWF3uNGPFc8TzMk2tdiwknnRMWGWjGWH'),
        ('5H4voZhzySsVvwVYDAKku8MZGuYBC7cXaBKDPW4YHWW1'),
        ('C4Kkr9NZU3VbyedcgutU6LKmi6MKz81sx6gRmk5pX519'),
        ('AhhdRu5YZdjVkKR3wbnUDaymVQL2ucjMQ63sZ3LFHsch'),
        ('9TPL8droGJ7jThsq4momaoz6uhTcvX2SeMqipoPmNa8R'),
        ('Crn4x1Y2HUKko7ox2EZMT6N2t2ZyH7eKtwkBGVnhEq1g'),
        ('FrBfWJ4qE5sCzKm3k3JaAtqZcXUh4LvJygDeketsrsH4'),
        ('AvZZF1YaZDziPY2RCK4oJrRVrbN3mTD9NL24hPeaZeUj'),
        ('6FrrzDk5mQARGc1TDYoyVnSyRdds1t4PbtohCD6p3tgG')
    ) AS t(mint)
),

categorized_trades AS (
    SELECT 
        t.block_date,
        CASE
            WHEN (t.token_sold_mint = 'So11111111111111111111111111111111111111112' AND sb.mint IS NOT NULL) 
              OR (ss.mint IS NOT NULL AND t.token_bought_mint = 'So11111111111111111111111111111111111111112') THEN 'SOL-stable'
            WHEN ss.mint IS NOT NULL AND sb.mint IS NOT NULL THEN 'stable-stable'
            ELSE 'others'
        END as pool_category,
        SUM(
            CASE 
                -- Priority 1: If SOL is bought, use SOL amount * price
                WHEN t.token_bought_mint = 'So11111111111111111111111111111111111111112'
                THEN t.token_bought_amount * COALESCE(psol.price_in_usd, 0)
                -- Priority 2: If SOL is sold, use SOL amount * price
                WHEN t.token_sold_mint = 'So11111111111111111111111111111111111111112'
                THEN t.token_sold_amount * COALESCE(psol.price_in_usd, 0)
                -- Priority 3: If stablecoin is bought, use stablecoin amount * price
                WHEN sb.mint IS NOT NULL
                THEN t.token_bought_amount * COALESCE(pb.price_in_usd, 0)
                -- Priority 4: If stablecoin is sold, use stablecoin amount * price
                WHEN ss.mint IS NOT NULL
                THEN t.token_sold_amount * COALESCE(ps.price_in_usd, 0)
                -- Priority 5: Neither has SOL or stablecoin, use bought token price
                ELSE t.token_bought_amount * COALESCE(pb.price_in_usd, 0)
            END
        ) as volume_usd
    FROM solana.dex_trades t
    LEFT JOIN stablecoins ss ON t.token_sold_mint = ss.mint
    LEFT JOIN stablecoins sb ON t.token_bought_mint = sb.mint
    LEFT JOIN solana.token_prices_1m psol ON psol.mint = 'So11111111111111111111111111111111111111112'
        AND DATE_TRUNC('minute', t.block_time) = psol.minute
    LEFT JOIN solana.token_prices_1m pb ON t.token_bought_mint = pb.mint
        AND DATE_TRUNC('minute', t.block_time) = pb.minute
        AND pb.mint <> 'FATYxjEcXNYinyoR8SzHBKtzLz8qYRdUaHpxPS7dvirt'
    LEFT JOIN solana.token_prices_1m ps ON t.token_sold_mint = ps.mint
        AND DATE_TRUNC('minute', t.block_time) = ps.minute
        AND ps.mint <> 'FATYxjEcXNYinyoR8SzHBKtzLz8qYRdUaHpxPS7dvirt'
    WHERE DATE_TRUNC('month', t.block_date) = DATE('2025-03-01')
      AND t.block_date < CURRENT_DATE
      AND t.pool_address NOT IN (SELECT pool_address FROM excluded_pools)
    GROUP BY 1, 2
)

SELECT 
    block_date,
    pool_category,
    ROUND(volume_usd, 2) as daily_volume_usd,
    ROUND(SUM(volume_usd) OVER (PARTITION BY pool_category ORDER BY block_date), 2) as cumulative_volume_usd
FROM categorized_trades
ORDER BY block_date, daily_volume_usd DESC
 LIMIT 10000]
(Background on this error at: https://sqlalche.me/e/20/e3q8)
      Fetching 2025-02-01 (14/15)... ✅ 84 rows 💾
      Fetching 2025-01-01 (15/15)... ✅ 93 rows 💾
   ⚠️  No new data to merge
   ⚠️  Backfill (resume) partial: 0 new rows, total 454 rows (10 periods failed)
⚠️  Job #344 PARTIALLY SUCCESSFUL: 454 rows saved

⏳ No pending jobs. Waiting 10s... (processed 1 jobs so far)

⏳ No pending jobs. Waiting 10s... (processed 1 jobs so far)

⏳ No pending jobs. Waiting 10s... (processed 1 jobs so far)

⏳ No pending jobs. Waiting 10s... (processed 1 jobs so far)

⏳ No pending jobs. Waiting 10s... (processed 1 jobs so far)

⏳ No pending jobs. Waiting 10s... (processed 1 jobs so far)

⏳ No pending jobs. Waiting 10s... (processed 1 jobs so far)

⏳ No pending jobs. Waiting 10s... (processed 1 jobs so far)

⏳ No pending jobs. Waiting 10s... (processed 1 jobs so far)

⏳ No pending jobs. Waiting 10s... (processed 1 jobs so far)

⏳ No pending jobs. Waiting 10s... (processed 1 jobs so far)

⏳ No pending jobs. Waiting 10s... (processed 1 jobs so far)

⏳ No pending jobs. Waiting 10s... (processed 1 jobs so far)

⏳ No pending jobs. Waiting 10s... (processed 1 jobs so far)

⏳ No pending jobs. Waiting 10s... (processed 1 jobs so far)

⏳ No pending jobs. Waiting 10s... (processed 1 jobs so far)

⏳ No pending jobs. Waiting 10s... (processed 1 jobs so far)

⏳ No pending jobs. Waiting 10s... (processed 1 jobs so far)

⏳ No pending jobs. Waiting 10s... (processed 1 jobs so far)

⏳ No pending jobs. Waiting 10s... (processed 1 jobs so far)

⏳ No pending jobs. Waiting 10s... (processed 1 jobs so far)

⏳ No pending jobs. Waiting 10s... (processed 1 jobs so far)

⏳ No pending jobs. Waiting 10s... (processed 1 jobs so far)

⏳ No pending jobs. Waiting 10s... (processed 1 jobs so far)

⏳ No pending jobs. Waiting 10s... (processed 1 jobs so far)

⏳ No pending jobs. Waiting 10s... (processed 1 jobs so far)

⏳ No pending jobs. Waiting 10s... (processed 1 jobs so far)

⏳ No pending jobs. Waiting 10s... (processed 1 jobs so far)

⏳ No pending jobs. Waiting 10s... (processed 1 jobs so far)

⏳ No pending jobs. Waiting 10s... (processed 1 jobs so far)

⏳ No pending jobs. Waiting 10s... (processed 1 jobs so far)

⏳ No pending jobs. Waiting 10s... (processed 1 jobs so far)

⏳ No pending jobs. Waiting 10s... (processed 1 jobs so far)

⏳ No pending jobs. Waiting 10s... (processed 1 jobs so far)

⏳ No pending jobs. Waiting 10s... (processed 1 jobs so far)

⏳ No pending jobs. Waiting 10s... (processed 1 jobs so far)

⏳ No pending jobs. Waiting 10s... (processed 1 jobs so far)

⏳ No pending jobs. Waiting 10s... (processed 1 jobs so far)

⏳ No pending jobs. Waiting 10s... (processed 1 jobs so far)

⏳ No pending jobs. Waiting 10s... (processed 1 jobs so far)

⏳ No pending jobs. Waiting 10s... (processed 1 jobs so far)

⏳ No pending jobs. Waiting 10s... (processed 1 jobs so far)

⏳ No pending jobs. Waiting 10s... (processed 1 jobs so far)

⏳ No pending jobs. Waiting 10s... (processed 1 jobs so far)

⏳ No pending jobs. Waiting 10s... (processed 1 jobs so far)

⏳ No pending jobs. Waiting 10s... (processed 1 jobs so far)

⏳ No pending jobs. Waiting 10s... (processed 1 jobs so far)

⏳ No pending jobs. Waiting 10s... (processed 1 jobs so far)

⏳ No pending jobs. Waiting 10s... (processed 1 jobs so far)

⏳ No pending jobs. Waiting 10s... (processed 1 jobs so far)

⏳ No pending jobs. Waiting 10s... (processed 1 jobs so far)

⏳ No pending jobs. Waiting 10s... (processed 1 jobs so far)

⏳ No pending jobs. Waiting 10s... (processed 1 jobs so far)

⏳ No pending jobs. Waiting 10s... (processed 1 jobs so far)

⏳ No pending jobs. Waiting 10s... (processed 1 jobs so far)

⏳ No pending jobs. Waiting 10s... (processed 1 jobs so far)

⏳ No pending jobs. Waiting 10s... (processed 1 jobs so far)

⏳ No pending jobs. Waiting 10s... (processed 1 jobs so far)

⏳ No pending jobs. Waiting 10s... (processed 1 jobs so far)

⏳ No pending jobs. Waiting 10s... (processed 1 jobs so far)

⏳ No pending jobs. Waiting 10s... (processed 1 jobs so far)

⏳ No pending jobs. Waiting 10s... (processed 1 jobs so far)

⏳ No pending jobs. Waiting 10s... (processed 1 jobs so far)

⏳ No pending jobs. Waiting 10s... (processed 1 jobs so far)

⏳ No pending jobs. Waiting 10s... (processed 1 jobs so far)

⏳ No pending jobs. Waiting 10s... (processed 1 jobs so far)

⏳ No pending jobs. Waiting 10s... (processed 1 jobs so far)

⏳ No pending jobs. Waiting 10s... (processed 1 jobs so far)

⏳ No pending jobs. Waiting 10s... (processed 1 jobs so far)

⏳ No pending jobs. Waiting 10s... (processed 1 jobs so far)

⏳ No pending jobs. Waiting 10s... (processed 1 jobs so far)

⏳ No pending jobs. Waiting 10s... (processed 1 jobs so far)

⏳ No pending jobs. Waiting 10s... (processed 1 jobs so far)

⏳ No pending jobs. Waiting 10s... (processed 1 jobs so far)

⏳ No pending jobs. Waiting 10s... (processed 1 jobs so far)

⏳ No pending jobs. Waiting 10s... (processed 1 jobs so far)

⏳ No pending jobs. Waiting 10s... (processed 1 jobs so far)

⏳ No pending jobs. Waiting 10s... (processed 1 jobs so far)

⏳ No pending jobs. Waiting 10s... (processed 1 jobs so far)

⏳ No pending jobs. Waiting 10s... (processed 1 jobs so far)

⏳ No pending jobs. Waiting 10s... (processed 1 jobs so far)

⏳ No pending jobs. Waiting 10s... (processed 1 jobs so far)

⏳ No pending jobs. Waiting 10s... (processed 1 jobs so far)

⏳ No pending jobs. Waiting 10s... (processed 1 jobs so far)

⏳ No pending jobs. Waiting 10s... (processed 1 jobs so far)

⏳ No pending jobs. Waiting 10s... (processed 1 jobs so far)

⏳ No pending jobs. Waiting 10s... (processed 1 jobs so far)

⏳ No pending jobs. Waiting 10s... (processed 1 jobs so far)

⏳ No pending jobs. Waiting 10s... (processed 1 jobs so far)

⏳ No pending jobs. Waiting 10s... (processed 1 jobs so far)

⏳ No pending jobs. Waiting 10s... (processed 1 jobs so far)

⏳ No pending jobs. Waiting 10s... (processed 1 jobs so far)

⏳ No pending jobs. Waiting 10s... (processed 1 jobs so far)

⏳ No pending jobs. Waiting 10s... (processed 1 jobs so far)

⏳ No pending jobs. Waiting 10s... (processed 1 jobs so far)

⏳ No pending jobs. Waiting 10s... (processed 1 jobs so far)

⏳ No pending jobs. Waiting 10s... (processed 1 jobs so far)

⏳ No pending jobs. Waiting 10s... (processed 1 jobs so far)

⏳ No pending jobs. Waiting 10s... (processed 1 jobs so far)

⏳ No pending jobs. Waiting 10s... (processed 1 jobs so far)

⏳ No pending jobs. Waiting 10s... (processed 1 jobs so far)

⏳ No pending jobs. Waiting 10s... (processed 1 jobs so far)

⏳ No pending jobs. Waiting 10s... (processed 1 jobs so far)

⏳ No pending jobs. Waiting 10s... (processed 1 jobs so far)

⏳ No pending jobs. Waiting 10s... (processed 1 jobs so far)

⏳ No pending jobs. Waiting 10s... (processed 1 jobs so far)

⏳ No pending jobs. Waiting 10s... (processed 1 jobs so far)

⏳ No pending jobs. Waiting 10s... (processed 1 jobs so far)

⏳ No pending jobs. Waiting 10s... (processed 1 jobs so far)

⏳ No pending jobs. Waiting 10s... (processed 1 jobs so far)

⏳ No pending jobs. Waiting 10s... (processed 1 jobs so far)

⏳ No pending jobs. Waiting 10s... (processed 1 jobs so far)

⏳ No pending jobs. Waiting 10s... (processed 1 jobs so far)

⏳ No pending jobs. Waiting 10s... (processed 1 jobs so far)

⏳ No pending jobs. Waiting 10s... (processed 1 jobs so far)

⏳ No pending jobs. Waiting 10s... (processed 1 jobs so far)

⏳ No pending jobs. Waiting 10s... (processed 1 jobs so far)

⏳ No pending jobs. Waiting 10s... (processed 1 jobs so far)

⏳ No pending jobs. Waiting 10s... (processed 1 jobs so far)

⏳ No pending jobs. Waiting 10s... (processed 1 jobs so far)

⏳ No pending jobs. Waiting 10s... (processed 1 jobs so far)

⏳ No pending jobs. Waiting 10s... (processed 1 jobs so far)

⏳ No pending jobs. Waiting 10s... (processed 1 jobs so far)

⏳ No pending jobs. Waiting 10s... (processed 1 jobs so far)

⏳ No pending jobs. Waiting 10s... (processed 1 jobs so far)

⏳ No pending jobs. Waiting 10s... (processed 1 jobs so far)

⏳ No pending jobs. Waiting 10s... (processed 1 jobs so far)

⏳ No pending jobs. Waiting 10s... (processed 1 jobs so far)

⏳ No pending jobs. Waiting 10s... (processed 1 jobs so far)

⏳ No pending jobs. Waiting 10s... (processed 1 jobs so far)

⏳ No pending jobs. Waiting 10s... (processed 1 jobs so far)

⏳ No pending jobs. Waiting 10s... (processed 1 jobs so far)

⏳ No pending jobs. Waiting 10s... (processed 1 jobs so far)

⏳ No pending jobs. Waiting 10s... (processed 1 jobs so far)

⏳ No pending jobs. Waiting 10s... (processed 1 jobs so far)

⏳ No pending jobs. Waiting 10s... (processed 1 jobs so far)

⏳ No pending jobs. Waiting 10s... (processed 1 jobs so far)

⏳ No pending jobs. Waiting 10s... (processed 1 jobs so far)

⏳ No pending jobs. Waiting 10s... (processed 1 jobs so far)

⏳ No pending jobs. Waiting 10s... (processed 1 jobs so far)

⏳ No pending jobs. Waiting 10s... (processed 1 jobs so far)

⏳ No pending jobs. Waiting 10s... (processed 1 jobs so far)

⏳ No pending jobs. Waiting 10s... (processed 1 jobs so far)

⏳ No pending jobs. Waiting 10s... (processed 1 jobs so far)

⏳ No pending jobs. Waiting 10s... (processed 1 jobs so far)

⏳ No pending jobs. Waiting 10s... (processed 1 jobs so far)

⏳ No pending jobs. Waiting 10s... (processed 1 jobs so far)

⏳ No pending jobs. Waiting 10s... (processed 1 jobs so far)

⏳ No pending jobs. Waiting 10s... (processed 1 jobs so far)

⏳ No pending jobs. Waiting 10s... (processed 1 jobs so far)

⏳ No pending jobs. Waiting 10s... (processed 1 jobs so far)

⏳ No pending jobs. Waiting 10s... (processed 1 jobs so far)

⏳ No pending jobs. Waiting 10s... (processed 1 jobs so far)

⏳ No pending jobs. Waiting 10s... (processed 1 jobs so far)

⏳ No pending jobs. Waiting 10s... (processed 1 jobs so far)

⏳ No pending jobs. Waiting 10s... (processed 1 jobs so far)

⏳ No pending jobs. Waiting 10s... (processed 1 jobs so far)

⏳ No pending jobs. Waiting 10s... (processed 1 jobs so far)

⏳ No pending jobs. Waiting 10s... (processed 1 jobs so far)

⏳ No pending jobs. Waiting 10s... (processed 1 jobs so far)

⏳ No pending jobs. Waiting 10s... (processed 1 jobs so far)

⏳ No pending jobs. Waiting 10s... (processed 1 jobs so far)

🔄 Processing job #344 (backfill) - attempt 5/3
   SQL hash: a485ee54bddcb29985c302eaf5fb03f2
   📅 Backfill (resume): existing 454 rows (0 months), 15 missing months
   🔧 Filling 15 missing months...
      Fetching 2026-03-01 (1/15)... ✅ 27 rows 💾
      Fetching 2026-02-01 (2/15)... ✅ 84 rows 💾
      Fetching 2026-01-01 (3/15)... ✅ 93 rows 💾
      Fetching 2025-12-01 (4/15)... ✅ 93 rows 💾
      Fetching 2025-11-01 (5/15)... ✅ 90 rows 💾
      Fetching 2025-10-01 (6/15)... ✅ 93 rows 💾
      Fetching 2025-09-01 (7/15)... ✅ 90 rows 💾
      Fetching 2025-08-01 (8/15)... ✅ 93 rows 💾
      Fetching 2025-07-01 (9/15)... ✅ 93 rows 💾
      Fetching 2025-06-01 (10/15)... ✅ 90 rows 💾
      Fetching 2025-05-01 (11/15)... ✅ 93 rows 💾
      Fetching 2025-04-01 (12/15)... ✅ 90 rows 💾
      Fetching 2025-03-01 (13/15)... ✅ 93 rows 💾
      Fetching 2025-02-01 (14/15)... ✅ 84 rows 💾
      Fetching 2025-01-01 (15/15)... ✅ 93 rows 💾
   ⚠️  No new data to merge
      🔄 Fixing cumulative fields (groupBy: pool_category)...
      ⚠️  Invalid groupBy field: pool_category, skipping cumulative fix
✅ Job #344 SUCCESSFUL: 1299 rows

⏳ No pending jobs. Waiting 10s... (processed 2 jobs so far)

⏳ No pending jobs. Waiting 10s... (processed 2 jobs so far)

⏳ No pending jobs. Waiting 10s... (processed 2 jobs so far)

⏳ No pending jobs. Waiting 10s... (processed 2 jobs so far)

⏳ No pending jobs. Waiting 10s... (processed 2 jobs so far)

⏳ No pending jobs. Waiting 10s... (processed 2 jobs so far)

⏳ No pending jobs. Waiting 10s... (processed 2 jobs so far)

⏳ No pending jobs. Waiting 10s... (processed 2 jobs so far)

⏳ No pending jobs. Waiting 10s... (processed 2 jobs so far)

⏳ No pending jobs. Waiting 10s... (processed 2 jobs so far)

⏳ No pending jobs. Waiting 10s... (processed 2 jobs so far)

⏳ No pending jobs. Waiting 10s... (processed 2 jobs so far)

⏳ No pending jobs. Waiting 10s... (processed 2 jobs so far)

⏳ No pending jobs. Waiting 10s... (processed 2 jobs so far)

⏳ No pending jobs. Waiting 10s... (processed 2 jobs so far)

⏳ No pending jobs. Waiting 10s... (processed 2 jobs so far)

⏳ No pending jobs. Waiting 10s... (processed 2 jobs so far)

⏳ No pending jobs. Waiting 10s... (processed 2 jobs so far)

⏳ No pending jobs. Waiting 10s... (processed 2 jobs so far)

⏳ No pending jobs. Waiting 10s... (processed 2 jobs so far)

⏳ No pending jobs. Waiting 10s... (processed 2 jobs so far)

⏳ No pending jobs. Waiting 10s... (processed 2 jobs so far)

🔄 Processing job #347 (backfill) - attempt 1/3
   SQL hash: 4af588c2353a133c1479f2f5839ca729
   📅 Backfill (full): 2026-03-10 → 2025-01-01
      Fetching month 2026-03-01 (1/15)... ✅ 9 rows
      💾 Checkpoint: 1 months processed
      Fetching month 2026-02-01 (2/15)... ✅ 28 rows
      💾 Checkpoint: 2 months processed
      Fetching month 2026-01-01 (3/15)... ✅ 31 rows
      💾 Checkpoint: 3 months processed
      Fetching month 2025-12-01 (4/15)... ✅ 31 rows
      💾 Checkpoint: 4 months processed
      Fetching month 2025-11-01 (5/15)... ✅ 30 rows
      💾 Checkpoint: 5 months processed
      Fetching month 2025-10-01 (6/15)... ✅ 31 rows
      💾 Checkpoint: 6 months processed
      Fetching month 2025-09-01 (7/15)... ✅ 30 rows
      💾 Checkpoint: 7 months processed
      Fetching month 2025-08-01 (8/15)... ✅ 31 rows
      💾 Checkpoint: 8 months processed
      Fetching month 2025-07-01 (9/15)... ✅ 31 rows
      💾 Checkpoint: 9 months processed
      Fetching month 2025-06-01 (10/15)... ✅ 30 rows
      💾 Checkpoint: 10 months processed
      Fetching month 2025-05-01 (11/15)... ✅ 31 rows
      💾 Checkpoint: 11 months processed
      Fetching month 2025-04-01 (12/15)... ✅ 30 rows
      💾 Checkpoint: 12 months processed
      Fetching month 2025-03-01 (13/15)... ✅ 31 rows
      💾 Checkpoint: 13 months processed
      Fetching month 2025-02-01 (14/15)... ✅ 28 rows
      💾 Checkpoint: 14 months processed
      Fetching month 2025-01-01 (15/15)... ✅ 31 rows
      💾 Checkpoint: 15 months processed
   ✅ Backfill (full) complete: 433 total rows
✅ Job #347 SUCCESSFUL: 433 rows

🔄 Processing job #348 (backfill) - attempt 1/3
   SQL hash: 4af588c2353a133c1479f2f5839ca729
   📅 Backfill (resume): existing 433 rows (0 months), 15 missing months
   🔧 Filling 15 missing months...
      Fetching 2026-03-01 (1/15)... ✅ 9 rows 💾
      Fetching 2026-02-01 (2/15)... ✅ 28 rows 💾
      Fetching 2026-01-01 (3/15)... ✅ 31 rows 💾
      Fetching 2025-12-01 (4/15)... ✅ 31 rows 💾
      Fetching 2025-11-01 (5/15)... ✅ 30 rows 💾
      Fetching 2025-10-01 (6/15)... ✅ 31 rows 💾
      Fetching 2025-09-01 (7/15)... ✅ 30 rows 💾
      Fetching 2025-08-01 (8/15)... ✅ 31 rows 💾
      Fetching 2025-07-01 (9/15)... ✅ 31 rows 💾
      Fetching 2025-06-01 (10/15)... ✅ 30 rows 💾
      Fetching 2025-05-01 (11/15)... ✅ 31 rows 💾
      Fetching 2025-04-01 (12/15)... ✅ 30 rows 💾
      Fetching 2025-03-01 (13/15)... ✅ 31 rows 💾
      Fetching 2025-02-01 (14/15)... ✅ 28 rows 💾
      Fetching 2025-01-01 (15/15)... ✅ 31 rows 💾
   ⚠️  No new data to merge
✅ Job #348 SUCCESSFUL: 433 rows

🔄 Processing job #349 (backfill) - attempt 1/3
   SQL hash: 73fce63b2b2a283fe426b1260e8c9118
   📅 Backfill (full): 2026-03-10 → 2025-01-01
      Fetching month 2026-03-01 (1/15)... ✅ 1 rows
      💾 Checkpoint: 1 months processed
      Fetching month 2026-02-01 (2/15)... ✅ 1 rows
      💾 Checkpoint: 2 months processed
      Fetching month 2026-01-01 (3/15)... ✅ 1 rows
      💾 Checkpoint: 3 months processed
      Fetching month 2025-12-01 (4/15)... ❌ Error: Execution failed on sql '-- Description: Weekly top 1 token pair by volume
-- Volume calculated using only SOL and stablecoin price references

/*
Logic:
- Normalize pair: smaller address first
- Only count trades where at least one side is SOL or stablecoin
- Volume from SOL/stablecoin side only
- Aggregate over the week, rank pairs, keep top 1
*/

WITH excluded_pools AS (
    SELECT DISTINCT pool_address
    FROM orca.whirlpool_config
    WHERE config <> '2LecshUwdy9xi7meFgHtFJQNSKk4KdTrcpvaB56dP2NQ'
),
stablecoins AS (
    SELECT mint FROM (VALUES
        ('EPjFWdd5AufqSSqeM2qN1xzybapC8G4wEGGkZwyTDt1v'),
        ('Es9vMFrzaCERmJfrF4H2FYD4KCoNkY11McCe8BenwNYB'),
        ('2b1kV6DkPAnxd5ixfnxCpjxmKwqjjaYmCZfHsFu24GXo'),
        ('DEkqHyPN7GMRJ5cArtQFAWefqbZb33Hyf6s5iCwjEonT'),
        ('USDSwr9ApdHk5bvJKMjzff41FfuX8bSxdKcR81vTwcA'),
        ('9zNQRsGLjNKwCUU5Gq5LR8beUCPzQMVMqKAi3SSZh54u'),
        ('HzwqbKZw8HxMN6bF2yFZNrht3c2iXXzpKcFu7uBEDKtr'),
        ('susdabGDNbhrnCa6ncrYo81u4s9GM8ecK2UwMyZiq4X'),
        ('AUSD1jCcCyPLybk1YnvPWsHQSrZ46dxwoMniN4N2UEB9'),
        ('2VhjJ9WxaGC3EZFwJG9BDUs9KxKCAjQY4vgd1qxgYWVg'),
        ('A1KLoBrKBde8Ty9qtNQUtq3C2ortoC3u7twggz7sEto6'),
        ('2u1tszSeqZ3qBWF3uNGPFc8TzMk2tdiwknnRMWGWjGWH'),
        ('5H4voZhzySsVvwVYDAKku8MZGuYBC7cXaBKDPW4YHWW1'),
        ('C4Kkr9NZU3VbyedcgutU6LKmi6MKz81sx6gRmk5pX519'),
        ('AhhdRu5YZdjVkKR3wbnUDaymVQL2ucjMQ63sZ3LFHsch'),
        ('9TPL8droGJ7jThsq4momaoz6uhTcvX2SeMqipoPmNa8R'),
        ('Crn4x1Y2HUKko7ox2EZMT6N2t2ZyH7eKtwkBGVnhEq1g'),
        ('FrBfWJ4qE5sCzKm3k3JaAtqZcXUh4LvJygDeketsrsH4'),
        ('AvZZF1YaZDziPY2RCK4oJrRVrbN3mTD9NL24hPeaZeUj'),
        ('6FrrzDk5mQARGc1TDYoyVnSyRdds1t4PbtohCD6p3tgG'),
        ('USD1ttGY1N17NEEHLmELoaybftRBUSErhqYiQzvEmuB')
    ) AS t(mint)
),
pair_volumes AS (
    SELECT 
        LEAST(t.token_sold_mint, t.token_bought_mint) as token_a,
        GREATEST(t.token_sold_mint, t.token_bought_mint) as token_b,
        SUM(
            CASE
                WHEN t.token_bought_mint = 'So11111111111111111111111111111111111111112'
                THEN t.token_bought_amount * COALESCE(psol.price_in_usd, 0)
                WHEN t.token_sold_mint = 'So11111111111111111111111111111111111111112'
                THEN t.token_sold_amount * COALESCE(psol.price_in_usd, 0)
                WHEN sb.mint IS NOT NULL
                THEN t.token_bought_amount * COALESCE(pb.price_in_usd, 0)
                WHEN ss.mint IS NOT NULL
                THEN t.token_sold_amount * COALESCE(ps.price_in_usd, 0)
                ELSE 0
            END
        ) as volume_usd
    FROM solana.dex_trades t
    LEFT JOIN stablecoins ss ON t.token_sold_mint = ss.mint
    LEFT JOIN stablecoins sb ON t.token_bought_mint = sb.mint
    LEFT JOIN solana.token_prices_1m psol ON psol.mint = 'So11111111111111111111111111111111111111112'
        AND DATE_TRUNC('minute', t.block_time) = psol.minute
    LEFT JOIN solana.token_prices_1m pb ON t.token_bought_mint = pb.mint
        AND DATE_TRUNC('minute', t.block_time) = pb.minute
        AND pb.mint <> 'FATYxjEcXNYinyoR8SzHBKtzLz8qYRdUaHpxPS7dvirt'
    LEFT JOIN solana.token_prices_1m ps ON t.token_sold_mint = ps.mint
        AND DATE_TRUNC('minute', t.block_time) = ps.minute
        AND ps.mint <> 'FATYxjEcXNYinyoR8SzHBKtzLz8qYRdUaHpxPS7dvirt'
    WHERE DATE_TRUNC('month', t.block_date) = DATE('2025-12-01')
      AND t.block_date < CURRENT_DATE
      AND (t.token_sold_mint = 'So11111111111111111111111111111111111111112'
           OR t.token_bought_mint = 'So11111111111111111111111111111111111111112'
           OR ss.mint IS NOT NULL
           OR sb.mint IS NOT NULL)
      AND NOT (
          (t.token_sold_mint = 'So11111111111111111111111111111111111111112' OR ss.mint IS NOT NULL)
          AND (t.token_bought_mint = 'So11111111111111111111111111111111111111112' OR sb.mint IS NOT NULL)
      )
      AND t.pool_address NOT IN (SELECT pool_address FROM excluded_pools)
    GROUP BY 1, 2
),
ranked AS (
    SELECT *, ROW_NUMBER() OVER (ORDER BY volume_usd DESC) as rn
    FROM pair_volumes
)

SELECT 
    DATE('2025-12-01') as month,
    CONCAT(COALESCE(fa.symbol, 'UNKNOWN'), '-', COALESCE(fb.symbol, 'UNKNOWN')) as pair,
    r.token_a,
    r.token_b,
    ROUND(r.volume_usd, 2) as volume_usd
FROM ranked r
LEFT JOIN solana.fungible_token_info fa ON r.token_a = fa.address
LEFT JOIN solana.fungible_token_info fb ON r.token_b = fb.address
WHERE r.rn = 1

': (trino.exceptions.TrinoExternalError) TrinoExternalError(type=EXTERNAL, name=ICEBERG_INVALID_METADATA, message="Error accessing manifest file for table solana."dex_trades"", query_id=20260310_090130_00587_tt3h2)
[SQL: -- Description: Weekly top 1 token pair by volume
-- Volume calculated using only SOL and stablecoin price references

/*
Logic:
- Normalize pair: smaller address first
- Only count trades where at least one side is SOL or stablecoin
- Volume from SOL/stablecoin side only
- Aggregate over the week, rank pairs, keep top 1
*/

WITH excluded_pools AS (
    SELECT DISTINCT pool_address
    FROM orca.whirlpool_config
    WHERE config <> '2LecshUwdy9xi7meFgHtFJQNSKk4KdTrcpvaB56dP2NQ'
),
stablecoins AS (
    SELECT mint FROM (VALUES
        ('EPjFWdd5AufqSSqeM2qN1xzybapC8G4wEGGkZwyTDt1v'),
        ('Es9vMFrzaCERmJfrF4H2FYD4KCoNkY11McCe8BenwNYB'),
        ('2b1kV6DkPAnxd5ixfnxCpjxmKwqjjaYmCZfHsFu24GXo'),
        ('DEkqHyPN7GMRJ5cArtQFAWefqbZb33Hyf6s5iCwjEonT'),
        ('USDSwr9ApdHk5bvJKMjzff41FfuX8bSxdKcR81vTwcA'),
        ('9zNQRsGLjNKwCUU5Gq5LR8beUCPzQMVMqKAi3SSZh54u'),
        ('HzwqbKZw8HxMN6bF2yFZNrht3c2iXXzpKcFu7uBEDKtr'),
        ('susdabGDNbhrnCa6ncrYo81u4s9GM8ecK2UwMyZiq4X'),
        ('AUSD1jCcCyPLybk1YnvPWsHQSrZ46dxwoMniN4N2UEB9'),
        ('2VhjJ9WxaGC3EZFwJG9BDUs9KxKCAjQY4vgd1qxgYWVg'),
        ('A1KLoBrKBde8Ty9qtNQUtq3C2ortoC3u7twggz7sEto6'),
        ('2u1tszSeqZ3qBWF3uNGPFc8TzMk2tdiwknnRMWGWjGWH'),
        ('5H4voZhzySsVvwVYDAKku8MZGuYBC7cXaBKDPW4YHWW1'),
        ('C4Kkr9NZU3VbyedcgutU6LKmi6MKz81sx6gRmk5pX519'),
        ('AhhdRu5YZdjVkKR3wbnUDaymVQL2ucjMQ63sZ3LFHsch'),
        ('9TPL8droGJ7jThsq4momaoz6uhTcvX2SeMqipoPmNa8R'),
        ('Crn4x1Y2HUKko7ox2EZMT6N2t2ZyH7eKtwkBGVnhEq1g'),
        ('FrBfWJ4qE5sCzKm3k3JaAtqZcXUh4LvJygDeketsrsH4'),
        ('AvZZF1YaZDziPY2RCK4oJrRVrbN3mTD9NL24hPeaZeUj'),
        ('6FrrzDk5mQARGc1TDYoyVnSyRdds1t4PbtohCD6p3tgG'),
        ('USD1ttGY1N17NEEHLmELoaybftRBUSErhqYiQzvEmuB')
    ) AS t(mint)
),
pair_volumes AS (
    SELECT 
        LEAST(t.token_sold_mint, t.token_bought_mint) as token_a,
        GREATEST(t.token_sold_mint, t.token_bought_mint) as token_b,
        SUM(
            CASE
                WHEN t.token_bought_mint = 'So11111111111111111111111111111111111111112'
                THEN t.token_bought_amount * COALESCE(psol.price_in_usd, 0)
                WHEN t.token_sold_mint = 'So11111111111111111111111111111111111111112'
                THEN t.token_sold_amount * COALESCE(psol.price_in_usd, 0)
                WHEN sb.mint IS NOT NULL
                THEN t.token_bought_amount * COALESCE(pb.price_in_usd, 0)
                WHEN ss.mint IS NOT NULL
                THEN t.token_sold_amount * COALESCE(ps.price_in_usd, 0)
                ELSE 0
            END
        ) as volume_usd
    FROM solana.dex_trades t
    LEFT JOIN stablecoins ss ON t.token_sold_mint = ss.mint
    LEFT JOIN stablecoins sb ON t.token_bought_mint = sb.mint
    LEFT JOIN solana.token_prices_1m psol ON psol.mint = 'So11111111111111111111111111111111111111112'
        AND DATE_TRUNC('minute', t.block_time) = psol.minute
    LEFT JOIN solana.token_prices_1m pb ON t.token_bought_mint = pb.mint
        AND DATE_TRUNC('minute', t.block_time) = pb.minute
        AND pb.mint <> 'FATYxjEcXNYinyoR8SzHBKtzLz8qYRdUaHpxPS7dvirt'
    LEFT JOIN solana.token_prices_1m ps ON t.token_sold_mint = ps.mint
        AND DATE_TRUNC('minute', t.block_time) = ps.minute
        AND ps.mint <> 'FATYxjEcXNYinyoR8SzHBKtzLz8qYRdUaHpxPS7dvirt'
    WHERE DATE_TRUNC('month', t.block_date) = DATE('2025-12-01')
      AND t.block_date < CURRENT_DATE
      AND (t.token_sold_mint = 'So11111111111111111111111111111111111111112'
           OR t.token_bought_mint = 'So11111111111111111111111111111111111111112'
           OR ss.mint IS NOT NULL
           OR sb.mint IS NOT NULL)
      AND NOT (
          (t.token_sold_mint = 'So11111111111111111111111111111111111111112' OR ss.mint IS NOT NULL)
          AND (t.token_bought_mint = 'So11111111111111111111111111111111111111112' OR sb.mint IS NOT NULL)
      )
      AND t.pool_address NOT IN (SELECT pool_address FROM excluded_pools)
    GROUP BY 1, 2
),
ranked AS (
    SELECT *, ROW_NUMBER() OVER (ORDER BY volume_usd DESC) as rn
    FROM pair_volumes
)

SELECT 
    DATE('2025-12-01') as month,
    CONCAT(COALESCE(fa.symbol, 'UNKNOWN'), '-', COALESCE(fb.symbol, 'UNKNOWN')) as pair,
    r.token_a,
    r.token_b,
    ROUND(r.volume_usd, 2) as volume_usd
FROM ranked r
LEFT JOIN solana.fungible_token_info fa ON r.token_a = fa.address
LEFT JOIN solana.fungible_token_info fb ON r.token_b = fb.address
WHERE r.rn = 1

]
(Background on this error at: https://sqlalche.me/e/20/e3q8)
❌ Trino query error: Execution failed on sql '-- Description: Weekly top 1 token pair by volume
-- Volume calculated using only SOL and stablecoin price references

/*
Logic:
- Normalize pair: smaller address first
- Only count trades where at least one side is SOL or stablecoin
- Volume from SOL/stablecoin side only
- Aggregate over the week, rank pairs, keep top 1
*/

WITH excluded_pools AS (
    SELECT DISTINCT pool_address
    FROM orca.whirlpool_config
    WHERE config <> '2LecshUwdy9xi7meFgHtFJQNSKk4KdTrcpvaB56dP2NQ'
),
stablecoins AS (
    SELECT mint FROM (VALUES
        ('EPjFWdd5AufqSSqeM2qN1xzybapC8G4wEGGkZwyTDt1v'),
        ('Es9vMFrzaCERmJfrF4H2FYD4KCoNkY11McCe8BenwNYB'),
        ('2b1kV6DkPAnxd5ixfnxCpjxmKwqjjaYmCZfHsFu24GXo'),
        ('DEkqHyPN7GMRJ5cArtQFAWefqbZb33Hyf6s5iCwjEonT'),
        ('USDSwr9ApdHk5bvJKMjzff41FfuX8bSxdKcR81vTwcA'),
        ('9zNQRsGLjNKwCUU5Gq5LR8beUCPzQMVMqKAi3SSZh54u'),
        ('HzwqbKZw8HxMN6bF2yFZNrht3c2iXXzpKcFu7uBEDKtr'),
        ('susdabGDNbhrnCa6ncrYo81u4s9GM8ecK2UwMyZiq4X'),
        ('AUSD1jCcCyPLybk1YnvPWsHQSrZ46dxwoMniN4N2UEB9'),
        ('2VhjJ9WxaGC3EZFwJG9BDUs9KxKCAjQY4vgd1qxgYWVg'),
        ('A1KLoBrKBde8Ty9qtNQUtq3C2ortoC3u7twggz7sEto6'),
        ('2u1tszSeqZ3qBWF3uNGPFc8TzMk2tdiwknnRMWGWjGWH'),
        ('5H4voZhzySsVvwVYDAKku8MZGuYBC7cXaBKDPW4YHWW1'),
        ('C4Kkr9NZU3VbyedcgutU6LKmi6MKz81sx6gRmk5pX519'),
        ('AhhdRu5YZdjVkKR3wbnUDaymVQL2ucjMQ63sZ3LFHsch'),
        ('9TPL8droGJ7jThsq4momaoz6uhTcvX2SeMqipoPmNa8R'),
        ('Crn4x1Y2HUKko7ox2EZMT6N2t2ZyH7eKtwkBGVnhEq1g'),
        ('FrBfWJ4qE5sCzKm3k3JaAtqZcXUh4LvJygDeketsrsH4'),
        ('AvZZF1YaZDziPY2RCK4oJrRVrbN3mTD9NL24hPeaZeUj'),
        ('6FrrzDk5mQARGc1TDYoyVnSyRdds1t4PbtohCD6p3tgG'),
        ('USD1ttGY1N17NEEHLmELoaybftRBUSErhqYiQzvEmuB')
    ) AS t(mint)
),
pair_volumes AS (
    SELECT 
        LEAST(t.token_sold_mint, t.token_bought_mint) as token_a,
        GREATEST(t.token_sold_mint, t.token_bought_mint) as token_b,
        SUM(
            CASE
                WHEN t.token_bought_mint = 'So11111111111111111111111111111111111111112'
                THEN t.token_bought_amount * COALESCE(psol.price_in_usd, 0)
                WHEN t.token_sold_mint = 'So11111111111111111111111111111111111111112'
                THEN t.token_sold_amount * COALESCE(psol.price_in_usd, 0)
                WHEN sb.mint IS NOT NULL
                THEN t.token_bought_amount * COALESCE(pb.price_in_usd, 0)
                WHEN ss.mint IS NOT NULL
                THEN t.token_sold_amount * COALESCE(ps.price_in_usd, 0)
                ELSE 0
            END
        ) as volume_usd
    FROM solana.dex_trades t
    LEFT JOIN stablecoins ss ON t.token_sold_mint = ss.mint
    LEFT JOIN stablecoins sb ON t.token_bought_mint = sb.mint
    LEFT JOIN solana.token_prices_1m psol ON psol.mint = 'So11111111111111111111111111111111111111112'
        AND DATE_TRUNC('minute', t.block_time) = psol.minute
    LEFT JOIN solana.token_prices_1m pb ON t.token_bought_mint = pb.mint
        AND DATE_TRUNC('minute', t.block_time) = pb.minute
        AND pb.mint <> 'FATYxjEcXNYinyoR8SzHBKtzLz8qYRdUaHpxPS7dvirt'
    LEFT JOIN solana.token_prices_1m ps ON t.token_sold_mint = ps.mint
        AND DATE_TRUNC('minute', t.block_time) = ps.minute
        AND ps.mint <> 'FATYxjEcXNYinyoR8SzHBKtzLz8qYRdUaHpxPS7dvirt'
    WHERE DATE_TRUNC('month', t.block_date) = DATE('2025-12-01')
      AND t.block_date < CURRENT_DATE
      AND (t.token_sold_mint = 'So11111111111111111111111111111111111111112'
           OR t.token_bought_mint = 'So11111111111111111111111111111111111111112'
           OR ss.mint IS NOT NULL
           OR sb.mint IS NOT NULL)
      AND NOT (
          (t.token_sold_mint = 'So11111111111111111111111111111111111111112' OR ss.mint IS NOT NULL)
          AND (t.token_bought_mint = 'So11111111111111111111111111111111111111112' OR sb.mint IS NOT NULL)
      )
      AND t.pool_address NOT IN (SELECT pool_address FROM excluded_pools)
    GROUP BY 1, 2
),
ranked AS (
    SELECT *, ROW_NUMBER() OVER (ORDER BY volume_usd DESC) as rn
    FROM pair_volumes
)

SELECT 
    DATE('2025-12-01') as month,
    CONCAT(COALESCE(fa.symbol, 'UNKNOWN'), '-', COALESCE(fb.symbol, 'UNKNOWN')) as pair,
    r.token_a,
    r.token_b,
    ROUND(r.volume_usd, 2) as volume_usd
FROM ranked r
LEFT JOIN solana.fungible_token_info fa ON r.token_a = fa.address
LEFT JOIN solana.fungible_token_info fb ON r.token_b = fb.address
WHERE r.rn = 1

': (trino.exceptions.TrinoExternalError) TrinoExternalError(type=EXTERNAL, name=ICEBERG_INVALID_METADATA, message="Error accessing manifest file for table solana."dex_trades"", query_id=20260310_090130_00587_tt3h2)
[SQL: -- Description: Weekly top 1 token pair by volume
-- Volume calculated using only SOL and stablecoin price references

/*
Logic:
- Normalize pair: smaller address first
- Only count trades where at least one side is SOL or stablecoin
- Volume from SOL/stablecoin side only
- Aggregate over the week, rank pairs, keep top 1
*/

WITH excluded_pools AS (
    SELECT DISTINCT pool_address
    FROM orca.whirlpool_config
    WHERE config <> '2LecshUwdy9xi7meFgHtFJQNSKk4KdTrcpvaB56dP2NQ'
),
stablecoins AS (
    SELECT mint FROM (VALUES
        ('EPjFWdd5AufqSSqeM2qN1xzybapC8G4wEGGkZwyTDt1v'),
        ('Es9vMFrzaCERmJfrF4H2FYD4KCoNkY11McCe8BenwNYB'),
        ('2b1kV6DkPAnxd5ixfnxCpjxmKwqjjaYmCZfHsFu24GXo'),
        ('DEkqHyPN7GMRJ5cArtQFAWefqbZb33Hyf6s5iCwjEonT'),
        ('USDSwr9ApdHk5bvJKMjzff41FfuX8bSxdKcR81vTwcA'),
        ('9zNQRsGLjNKwCUU5Gq5LR8beUCPzQMVMqKAi3SSZh54u'),
        ('HzwqbKZw8HxMN6bF2yFZNrht3c2iXXzpKcFu7uBEDKtr'),
        ('susdabGDNbhrnCa6ncrYo81u4s9GM8ecK2UwMyZiq4X'),
        ('AUSD1jCcCyPLybk1YnvPWsHQSrZ46dxwoMniN4N2UEB9'),
        ('2VhjJ9WxaGC3EZFwJG9BDUs9KxKCAjQY4vgd1qxgYWVg'),
        ('A1KLoBrKBde8Ty9qtNQUtq3C2ortoC3u7twggz7sEto6'),
        ('2u1tszSeqZ3qBWF3uNGPFc8TzMk2tdiwknnRMWGWjGWH'),
        ('5H4voZhzySsVvwVYDAKku8MZGuYBC7cXaBKDPW4YHWW1'),
        ('C4Kkr9NZU3VbyedcgutU6LKmi6MKz81sx6gRmk5pX519'),
        ('AhhdRu5YZdjVkKR3wbnUDaymVQL2ucjMQ63sZ3LFHsch'),
        ('9TPL8droGJ7jThsq4momaoz6uhTcvX2SeMqipoPmNa8R'),
        ('Crn4x1Y2HUKko7ox2EZMT6N2t2ZyH7eKtwkBGVnhEq1g'),
        ('FrBfWJ4qE5sCzKm3k3JaAtqZcXUh4LvJygDeketsrsH4'),
        ('AvZZF1YaZDziPY2RCK4oJrRVrbN3mTD9NL24hPeaZeUj'),
        ('6FrrzDk5mQARGc1TDYoyVnSyRdds1t4PbtohCD6p3tgG'),
        ('USD1ttGY1N17NEEHLmELoaybftRBUSErhqYiQzvEmuB')
    ) AS t(mint)
),
pair_volumes AS (
    SELECT 
        LEAST(t.token_sold_mint, t.token_bought_mint) as token_a,
        GREATEST(t.token_sold_mint, t.token_bought_mint) as token_b,
        SUM(
            CASE
                WHEN t.token_bought_mint = 'So11111111111111111111111111111111111111112'
                THEN t.token_bought_amount * COALESCE(psol.price_in_usd, 0)
                WHEN t.token_sold_mint = 'So11111111111111111111111111111111111111112'
                THEN t.token_sold_amount * COALESCE(psol.price_in_usd, 0)
                WHEN sb.mint IS NOT NULL
                THEN t.token_bought_amount * COALESCE(pb.price_in_usd, 0)
                WHEN ss.mint IS NOT NULL
                THEN t.token_sold_amount * COALESCE(ps.price_in_usd, 0)
                ELSE 0
            END
        ) as volume_usd
    FROM solana.dex_trades t
    LEFT JOIN stablecoins ss ON t.token_sold_mint = ss.mint
    LEFT JOIN stablecoins sb ON t.token_bought_mint = sb.mint
    LEFT JOIN solana.token_prices_1m psol ON psol.mint = 'So11111111111111111111111111111111111111112'
        AND DATE_TRUNC('minute', t.block_time) = psol.minute
    LEFT JOIN solana.token_prices_1m pb ON t.token_bought_mint = pb.mint
        AND DATE_TRUNC('minute', t.block_time) = pb.minute
        AND pb.mint <> 'FATYxjEcXNYinyoR8SzHBKtzLz8qYRdUaHpxPS7dvirt'
    LEFT JOIN solana.token_prices_1m ps ON t.token_sold_mint = ps.mint
        AND DATE_TRUNC('minute', t.block_time) = ps.minute
        AND ps.mint <> 'FATYxjEcXNYinyoR8SzHBKtzLz8qYRdUaHpxPS7dvirt'
    WHERE DATE_TRUNC('month', t.block_date) = DATE('2025-12-01')
      AND t.block_date < CURRENT_DATE
      AND (t.token_sold_mint = 'So11111111111111111111111111111111111111112'
           OR t.token_bought_mint = 'So11111111111111111111111111111111111111112'
           OR ss.mint IS NOT NULL
           OR sb.mint IS NOT NULL)
      AND NOT (
          (t.token_sold_mint = 'So11111111111111111111111111111111111111112' OR ss.mint IS NOT NULL)
          AND (t.token_bought_mint = 'So11111111111111111111111111111111111111112' OR sb.mint IS NOT NULL)
      )
      AND t.pool_address NOT IN (SELECT pool_address FROM excluded_pools)
    GROUP BY 1, 2
),
ranked AS (
    SELECT *, ROW_NUMBER() OVER (ORDER BY volume_usd DESC) as rn
    FROM pair_volumes
)

SELECT 
    DATE('2025-12-01') as month,
    CONCAT(COALESCE(fa.symbol, 'UNKNOWN'), '-', COALESCE(fb.symbol, 'UNKNOWN')) as pair,
    r.token_a,
    r.token_b,
    ROUND(r.volume_usd, 2) as volume_usd
FROM ranked r
LEFT JOIN solana.fungible_token_info fa ON r.token_a = fa.address
LEFT JOIN solana.fungible_token_info fb ON r.token_b = fb.address
WHERE r.rn = 1

]
(Background on this error at: https://sqlalche.me/e/20/e3q8)
   ❌ Error during processing: Execution failed on sql '-- Description: Weekly top 1 token pair by volume
-- Volume calculated using only SOL and stablecoin price references

/*
Logic:
- Normalize pair: smaller address first
- Only count trades where at least one side is SOL or stablecoin
- Volume from SOL/stablecoin side only
- Aggregate over the week, rank pairs, keep top 1
*/

WITH excluded_pools AS (
    SELECT DISTINCT pool_address
    FROM orca.whirlpool_config
    WHERE config <> '2LecshUwdy9xi7meFgHtFJQNSKk4KdTrcpvaB56dP2NQ'
),
stablecoins AS (
    SELECT mint FROM (VALUES
        ('EPjFWdd5AufqSSqeM2qN1xzybapC8G4wEGGkZwyTDt1v'),
        ('Es9vMFrzaCERmJfrF4H2FYD4KCoNkY11McCe8BenwNYB'),
        ('2b1kV6DkPAnxd5ixfnxCpjxmKwqjjaYmCZfHsFu24GXo'),
        ('DEkqHyPN7GMRJ5cArtQFAWefqbZb33Hyf6s5iCwjEonT'),
        ('USDSwr9ApdHk5bvJKMjzff41FfuX8bSxdKcR81vTwcA'),
        ('9zNQRsGLjNKwCUU5Gq5LR8beUCPzQMVMqKAi3SSZh54u'),
        ('HzwqbKZw8HxMN6bF2yFZNrht3c2iXXzpKcFu7uBEDKtr'),
        ('susdabGDNbhrnCa6ncrYo81u4s9GM8ecK2UwMyZiq4X'),
        ('AUSD1jCcCyPLybk1YnvPWsHQSrZ46dxwoMniN4N2UEB9'),
        ('2VhjJ9WxaGC3EZFwJG9BDUs9KxKCAjQY4vgd1qxgYWVg'),
        ('A1KLoBrKBde8Ty9qtNQUtq3C2ortoC3u7twggz7sEto6'),
        ('2u1tszSeqZ3qBWF3uNGPFc8TzMk2tdiwknnRMWGWjGWH'),
        ('5H4voZhzySsVvwVYDAKku8MZGuYBC7cXaBKDPW4YHWW1'),
        ('C4Kkr9NZU3VbyedcgutU6LKmi6MKz81sx6gRmk5pX519'),
        ('AhhdRu5YZdjVkKR3wbnUDaymVQL2ucjMQ63sZ3LFHsch'),
        ('9TPL8droGJ7jThsq4momaoz6uhTcvX2SeMqipoPmNa8R'),
        ('Crn4x1Y2HUKko7ox2EZMT6N2t2ZyH7eKtwkBGVnhEq1g'),
        ('FrBfWJ4qE5sCzKm3k3JaAtqZcXUh4LvJygDeketsrsH4'),
        ('AvZZF1YaZDziPY2RCK4oJrRVrbN3mTD9NL24hPeaZeUj'),
        ('6FrrzDk5mQARGc1TDYoyVnSyRdds1t4PbtohCD6p3tgG'),
        ('USD1ttGY1N17NEEHLmELoaybftRBUSErhqYiQzvEmuB')
    ) AS t(mint)
),
pair_volumes AS (
    SELECT 
        LEAST(t.token_sold_mint, t.token_bought_mint) as token_a,
        GREATEST(t.token_sold_mint, t.token_bought_mint) as token_b,
        SUM(
            CASE
                WHEN t.token_bought_mint = 'So11111111111111111111111111111111111111112'
                THEN t.token_bought_amount * COALESCE(psol.price_in_usd, 0)
                WHEN t.token_sold_mint = 'So11111111111111111111111111111111111111112'
                THEN t.token_sold_amount * COALESCE(psol.price_in_usd, 0)
                WHEN sb.mint IS NOT NULL
                THEN t.token_bought_amount * COALESCE(pb.price_in_usd, 0)
                WHEN ss.mint IS NOT NULL
                THEN t.token_sold_amount * COALESCE(ps.price_in_usd, 0)
                ELSE 0
            END
        ) as volume_usd
    FROM solana.dex_trades t
    LEFT JOIN stablecoins ss ON t.token_sold_mint = ss.mint
    LEFT JOIN stablecoins sb ON t.token_bought_mint = sb.mint
    LEFT JOIN solana.token_prices_1m psol ON psol.mint = 'So11111111111111111111111111111111111111112'
        AND DATE_TRUNC('minute', t.block_time) = psol.minute
    LEFT JOIN solana.token_prices_1m pb ON t.token_bought_mint = pb.mint
        AND DATE_TRUNC('minute', t.block_time) = pb.minute
        AND pb.mint <> 'FATYxjEcXNYinyoR8SzHBKtzLz8qYRdUaHpxPS7dvirt'
    LEFT JOIN solana.token_prices_1m ps ON t.token_sold_mint = ps.mint
        AND DATE_TRUNC('minute', t.block_time) = ps.minute
        AND ps.mint <> 'FATYxjEcXNYinyoR8SzHBKtzLz8qYRdUaHpxPS7dvirt'
    WHERE DATE_TRUNC('month', t.block_date) = DATE('2025-12-01')
      AND t.block_date < CURRENT_DATE
      AND (t.token_sold_mint = 'So11111111111111111111111111111111111111112'
           OR t.token_bought_mint = 'So11111111111111111111111111111111111111112'
           OR ss.mint IS NOT NULL
           OR sb.mint IS NOT NULL)
      AND NOT (
          (t.token_sold_mint = 'So11111111111111111111111111111111111111112' OR ss.mint IS NOT NULL)
          AND (t.token_bought_mint = 'So11111111111111111111111111111111111111112' OR sb.mint IS NOT NULL)
      )
      AND t.pool_address NOT IN (SELECT pool_address FROM excluded_pools)
    GROUP BY 1, 2
),
ranked AS (
    SELECT *, ROW_NUMBER() OVER (ORDER BY volume_usd DESC) as rn
    FROM pair_volumes
)

SELECT 
    DATE('2025-12-01') as month,
    CONCAT(COALESCE(fa.symbol, 'UNKNOWN'), '-', COALESCE(fb.symbol, 'UNKNOWN')) as pair,
    r.token_a,
    r.token_b,
    ROUND(r.volume_usd, 2) as volume_usd
FROM ranked r
LEFT JOIN solana.fungible_token_info fa ON r.token_a = fa.address
LEFT JOIN solana.fungible_token_info fb ON r.token_b = fb.address
WHERE r.rn = 1

': (trino.exceptions.TrinoExternalError) TrinoExternalError(type=EXTERNAL, name=ICEBERG_INVALID_METADATA, message="Error accessing manifest file for table solana."dex_trades"", query_id=20260310_090130_00587_tt3h2)
[SQL: -- Description: Weekly top 1 token pair by volume
-- Volume calculated using only SOL and stablecoin price references

/*
Logic:
- Normalize pair: smaller address first
- Only count trades where at least one side is SOL or stablecoin
- Volume from SOL/stablecoin side only
- Aggregate over the week, rank pairs, keep top 1
*/

WITH excluded_pools AS (
    SELECT DISTINCT pool_address
    FROM orca.whirlpool_config
    WHERE config <> '2LecshUwdy9xi7meFgHtFJQNSKk4KdTrcpvaB56dP2NQ'
),
stablecoins AS (
    SELECT mint FROM (VALUES
        ('EPjFWdd5AufqSSqeM2qN1xzybapC8G4wEGGkZwyTDt1v'),
        ('Es9vMFrzaCERmJfrF4H2FYD4KCoNkY11McCe8BenwNYB'),
        ('2b1kV6DkPAnxd5ixfnxCpjxmKwqjjaYmCZfHsFu24GXo'),
        ('DEkqHyPN7GMRJ5cArtQFAWefqbZb33Hyf6s5iCwjEonT'),
        ('USDSwr9ApdHk5bvJKMjzff41FfuX8bSxdKcR81vTwcA'),
        ('9zNQRsGLjNKwCUU5Gq5LR8beUCPzQMVMqKAi3SSZh54u'),
        ('HzwqbKZw8HxMN6bF2yFZNrht3c2iXXzpKcFu7uBEDKtr'),
        ('susdabGDNbhrnCa6ncrYo81u4s9GM8ecK2UwMyZiq4X'),
        ('AUSD1jCcCyPLybk1YnvPWsHQSrZ46dxwoMniN4N2UEB9'),
        ('2VhjJ9WxaGC3EZFwJG9BDUs9KxKCAjQY4vgd1qxgYWVg'),
        ('A1KLoBrKBde8Ty9qtNQUtq3C2ortoC3u7twggz7sEto6'),
        ('2u1tszSeqZ3qBWF3uNGPFc8TzMk2tdiwknnRMWGWjGWH'),
        ('5H4voZhzySsVvwVYDAKku8MZGuYBC7cXaBKDPW4YHWW1'),
        ('C4Kkr9NZU3VbyedcgutU6LKmi6MKz81sx6gRmk5pX519'),
        ('AhhdRu5YZdjVkKR3wbnUDaymVQL2ucjMQ63sZ3LFHsch'),
        ('9TPL8droGJ7jThsq4momaoz6uhTcvX2SeMqipoPmNa8R'),
        ('Crn4x1Y2HUKko7ox2EZMT6N2t2ZyH7eKtwkBGVnhEq1g'),
        ('FrBfWJ4qE5sCzKm3k3JaAtqZcXUh4LvJygDeketsrsH4'),
        ('AvZZF1YaZDziPY2RCK4oJrRVrbN3mTD9NL24hPeaZeUj'),
        ('6FrrzDk5mQARGc1TDYoyVnSyRdds1t4PbtohCD6p3tgG'),
        ('USD1ttGY1N17NEEHLmELoaybftRBUSErhqYiQzvEmuB')
    ) AS t(mint)
),
pair_volumes AS (
    SELECT 
        LEAST(t.token_sold_mint, t.token_bought_mint) as token_a,
        GREATEST(t.token_sold_mint, t.token_bought_mint) as token_b,
        SUM(
            CASE
                WHEN t.token_bought_mint = 'So11111111111111111111111111111111111111112'
                THEN t.token_bought_amount * COALESCE(psol.price_in_usd, 0)
                WHEN t.token_sold_mint = 'So11111111111111111111111111111111111111112'
                THEN t.token_sold_amount * COALESCE(psol.price_in_usd, 0)
                WHEN sb.mint IS NOT NULL
                THEN t.token_bought_amount * COALESCE(pb.price_in_usd, 0)
                WHEN ss.mint IS NOT NULL
                THEN t.token_sold_amount * COALESCE(ps.price_in_usd, 0)
                ELSE 0
            END
        ) as volume_usd
    FROM solana.dex_trades t
    LEFT JOIN stablecoins ss ON t.token_sold_mint = ss.mint
    LEFT JOIN stablecoins sb ON t.token_bought_mint = sb.mint
    LEFT JOIN solana.token_prices_1m psol ON psol.mint = 'So11111111111111111111111111111111111111112'
        AND DATE_TRUNC('minute', t.block_time) = psol.minute
    LEFT JOIN solana.token_prices_1m pb ON t.token_bought_mint = pb.mint
        AND DATE_TRUNC('minute', t.block_time) = pb.minute
        AND pb.mint <> 'FATYxjEcXNYinyoR8SzHBKtzLz8qYRdUaHpxPS7dvirt'
    LEFT JOIN solana.token_prices_1m ps ON t.token_sold_mint = ps.mint
        AND DATE_TRUNC('minute', t.block_time) = ps.minute
        AND ps.mint <> 'FATYxjEcXNYinyoR8SzHBKtzLz8qYRdUaHpxPS7dvirt'
    WHERE DATE_TRUNC('month', t.block_date) = DATE('2025-12-01')
      AND t.block_date < CURRENT_DATE
      AND (t.token_sold_mint = 'So11111111111111111111111111111111111111112'
           OR t.token_bought_mint = 'So11111111111111111111111111111111111111112'
           OR ss.mint IS NOT NULL
           OR sb.mint IS NOT NULL)
      AND NOT (
          (t.token_sold_mint = 'So11111111111111111111111111111111111111112' OR ss.mint IS NOT NULL)
          AND (t.token_bought_mint = 'So11111111111111111111111111111111111111112' OR sb.mint IS NOT NULL)
      )
      AND t.pool_address NOT IN (SELECT pool_address FROM excluded_pools)
    GROUP BY 1, 2
),
ranked AS (
    SELECT *, ROW_NUMBER() OVER (ORDER BY volume_usd DESC) as rn
    FROM pair_volumes
)

SELECT 
    DATE('2025-12-01') as month,
    CONCAT(COALESCE(fa.symbol, 'UNKNOWN'), '-', COALESCE(fb.symbol, 'UNKNOWN')) as pair,
    r.token_a,
    r.token_b,
    ROUND(r.volume_usd, 2) as volume_usd
FROM ranked r
LEFT JOIN solana.fungible_token_info fa ON r.token_a = fa.address
LEFT JOIN solana.fungible_token_info fb ON r.token_b = fb.address
WHERE r.rn = 1

]
(Background on this error at: https://sqlalche.me/e/20/e3q8)
   ℹ️  Partial data saved via checkpoints: 3 rows
⚠️  Job #349 PARTIALLY SUCCESSFUL: 3 rows saved

🔄 Processing job #350 (backfill) - attempt 1/3
   SQL hash: db21a300444909785449840ae0797b71
   📅 Backfill (full): 2026-03-10 → 2025-01-01
      Fetching month 2026-03-01 (1/15)... ❌ Error: Execution failed on sql '-- Description: Weekly top 1 token by volume (excluding SOL and stablecoins)
-- Volume calculated using only SOL and stablecoin price references

/*
Logic:
- UNNEST bought and sold mints in a single table scan
- Exclude SOL and stablecoins from token list
- Volume uses SOL/stablecoin side of the trade only
- Aggregate over the week, rank tokens, keep top 1
*/

with excluded_pools as (
    select distinct pool_address
    from orca.whirlpool_config
    where config <> '2LecshUwdy9xi7meFgHtFJQNSKk4KdTrcpvaB56dP2NQ'
),
excluded_tokens as (
    select mint from (values
        ('So11111111111111111111111111111111111111112'),
        ('EPjFWdd5AufqSSqeM2qN1xzybapC8G4wEGGkZwyTDt1v'),
        ('Es9vMFrzaCERmJfrF4H2FYD4KCoNkY11McCe8BenwNYB'),
        ('2b1kV6DkPAnxd5ixfnxCpjxmKwqjjaYmCZfHsFu24GXo'),
        ('DEkqHyPN7GMRJ5cArtQFAWefqbZb33Hyf6s5iCwjEonT'),
        ('USDSwr9ApdHk5bvJKMjzff41FfuX8bSxdKcR81vTwcA'),
        ('9zNQRsGLjNKwCUU5Gq5LR8beUCPzQMVMqKAi3SSZh54u'),
        ('HzwqbKZw8HxMN6bF2yFZNrht3c2iXXzpKcFu7uBEDKtr'),
        ('susdabGDNbhrnCa6ncrYo81u4s9GM8ecK2UwMyZiq4X'),
        ('AUSD1jCcCyPLybk1YnvPWsHQSrZ46dxwoMniN4N2UEB9'),
        ('2VhjJ9WxaGC3EZFwJG9BDUs9KxKCAjQY4vgd1qxgYWVg'),
        ('A1KLoBrKBde8Ty9qtNQUtq3C2ortoC3u7twggz7sEto6'),
        ('2u1tszSeqZ3qBWF3uNGPFc8TzMk2tdiwknnRMWGWjGWH'),
        ('5H4voZhzySsVvwVYDAKku8MZGuYBC7cXaBKDPW4YHWW1'),
        ('C4Kkr9NZU3VbyedcgutU6LKmi6MKz81sx6gRmk5pX519'),
        ('AhhdRu5YZdjVkKR3wbnUDaymVQL2ucjMQ63sZ3LFHsch'),
        ('9TPL8droGJ7jThsq4momaoz6uhTcvX2SeMqipoPmNa8R'),
        ('Crn4x1Y2HUKko7ox2EZMT6N2t2ZyH7eKtwkBGVnhEq1g'),
        ('FrBfWJ4qE5sCzKm3k3JaAtqZcXUh4LvJygDeketsrsH4'),
        ('AvZZF1YaZDziPY2RCK4oJrRVrbN3mTD9NL24hPeaZeUj'),
        ('6FrrzDk5mQARGc1TDYoyVnSyRdds1t4PbtohCD6p3tgG'),
        ('USD1ttGY1N17NEEHLmELoaybftRBUSErhqYiQzvEmuB')
    ) as t(mint)
),
stablecoins as (
    select mint from (values
        ('EPjFWdd5AufqSSqeM2qN1xzybapC8G4wEGGkZwyTDt1v'),
        ('Es9vMFrzaCERmJfrF4H2FYD4KCoNkY11McCe8BenwNYB'),
        ('2b1kV6DkPAnxd5ixfnxCpjxmKwqjjaYmCZfHsFu24GXo'),
        ('DEkqHyPN7GMRJ5cArtQFAWefqbZb33Hyf6s5iCwjEonT'),
        ('USDSwr9ApdHk5bvJKMjzff41FfuX8bSxdKcR81vTwcA'),
        ('9zNQRsGLjNKwCUU5Gq5LR8beUCPzQMVMqKAi3SSZh54u'),
        ('HzwqbKZw8HxMN6bF2yFZNrht3c2iXXzpKcFu7uBEDKtr'),
        ('susdabGDNbhrnCa6ncrYo81u4s9GM8ecK2UwMyZiq4X'),
        ('AUSD1jCcCyPLybk1YnvPWsHQSrZ46dxwoMniN4N2UEB9'),
        ('2VhjJ9WxaGC3EZFwJG9BDUs9KxKCAjQY4vgd1qxgYWVg'),
        ('A1KLoBrKBde8Ty9qtNQUtq3C2ortoC3u7twggz7sEto6'),
        ('2u1tszSeqZ3qBWF3uNGPFc8TzMk2tdiwknnRMWGWjGWH'),
        ('5H4voZhzySsVvwVYDAKku8MZGuYBC7cXaBKDPW4YHWW1'),
        ('C4Kkr9NZU3VbyedcgutU6LKmi6MKz81sx6gRmk5pX519'),
        ('AhhdRu5YZdjVkKR3wbnUDaymVQL2ucjMQ63sZ3LFHsch'),
        ('9TPL8droGJ7jThsq4momaoz6uhTcvX2SeMqipoPmNa8R'),
        ('Crn4x1Y2HUKko7ox2EZMT6N2t2ZyH7eKtwkBGVnhEq1g'),
        ('FrBfWJ4qE5sCzKm3k3JaAtqZcXUh4LvJygDeketsrsH4'),
        ('AvZZF1YaZDziPY2RCK4oJrRVrbN3mTD9NL24hPeaZeUj'),
        ('6FrrzDk5mQARGc1TDYoyVnSyRdds1t4PbtohCD6p3tgG'),
        ('USD1ttGY1N17NEEHLmELoaybftRBUSErhqYiQzvEmuB')
    ) as t(mint)
),
token_volumes as (
    select
        t.token_bought_mint as mint,
        sum(
            case
                when t.token_sold_mint = 'So11111111111111111111111111111111111111112'
                then t.token_sold_amount * coalesce(psol.price_in_usd, 0)
                when ss.mint is not null
                then t.token_sold_amount * coalesce(ps.price_in_usd, 0)
                else 0
            end
        ) as volume_usd
    from solana.dex_trades t
    left join stablecoins ss on t.token_sold_mint = ss.mint
    left join solana.token_prices_1m psol on psol.mint = 'So11111111111111111111111111111111111111112'
        and date_trunc('minute', t.block_time) = psol.minute
    left join solana.token_prices_1m ps on t.token_sold_mint = ps.mint
        and date_trunc('minute', t.block_time) = ps.minute
        and ps.mint <> 'FATYxjEcXNYinyoR8SzHBKtzLz8qYRdUaHpxPS7dvirt'
    where DATE_TRUNC('month', t.block_date) = DATE('2026-03-01')
      and t.block_date < CURRENT_DATE
      and t.token_bought_mint not in (select mint from excluded_tokens)
      and (t.token_sold_mint = 'So11111111111111111111111111111111111111112' or ss.mint is not null)
      and t.pool_address not in (select pool_address from excluded_pools)
    group by 1
),
ranked as (
    select *, row_number() over (order by volume_usd desc) as rn
    from token_volumes
)

select
    DATE('2026-03-01') as month,
    r.mint,
    f.symbol,
    f.name,
    round(r.volume_usd, 2) as volume_usd
from ranked r
left join solana.fungible_token_info f on r.mint = f.address
where r.rn = 1
': (trino.exceptions.TrinoExternalError) TrinoExternalError(type=EXTERNAL, name=ICEBERG_INVALID_METADATA, message="Error accessing manifest file for table solana."dex_trades"", query_id=20260310_091215_00601_tt3h2)
[SQL: -- Description: Weekly top 1 token by volume (excluding SOL and stablecoins)
-- Volume calculated using only SOL and stablecoin price references

/*
Logic:
- UNNEST bought and sold mints in a single table scan
- Exclude SOL and stablecoins from token list
- Volume uses SOL/stablecoin side of the trade only
- Aggregate over the week, rank tokens, keep top 1
*/

with excluded_pools as (
    select distinct pool_address
    from orca.whirlpool_config
    where config <> '2LecshUwdy9xi7meFgHtFJQNSKk4KdTrcpvaB56dP2NQ'
),
excluded_tokens as (
    select mint from (values
        ('So11111111111111111111111111111111111111112'),
        ('EPjFWdd5AufqSSqeM2qN1xzybapC8G4wEGGkZwyTDt1v'),
        ('Es9vMFrzaCERmJfrF4H2FYD4KCoNkY11McCe8BenwNYB'),
        ('2b1kV6DkPAnxd5ixfnxCpjxmKwqjjaYmCZfHsFu24GXo'),
        ('DEkqHyPN7GMRJ5cArtQFAWefqbZb33Hyf6s5iCwjEonT'),
        ('USDSwr9ApdHk5bvJKMjzff41FfuX8bSxdKcR81vTwcA'),
        ('9zNQRsGLjNKwCUU5Gq5LR8beUCPzQMVMqKAi3SSZh54u'),
        ('HzwqbKZw8HxMN6bF2yFZNrht3c2iXXzpKcFu7uBEDKtr'),
        ('susdabGDNbhrnCa6ncrYo81u4s9GM8ecK2UwMyZiq4X'),
        ('AUSD1jCcCyPLybk1YnvPWsHQSrZ46dxwoMniN4N2UEB9'),
        ('2VhjJ9WxaGC3EZFwJG9BDUs9KxKCAjQY4vgd1qxgYWVg'),
        ('A1KLoBrKBde8Ty9qtNQUtq3C2ortoC3u7twggz7sEto6'),
        ('2u1tszSeqZ3qBWF3uNGPFc8TzMk2tdiwknnRMWGWjGWH'),
        ('5H4voZhzySsVvwVYDAKku8MZGuYBC7cXaBKDPW4YHWW1'),
        ('C4Kkr9NZU3VbyedcgutU6LKmi6MKz81sx6gRmk5pX519'),
        ('AhhdRu5YZdjVkKR3wbnUDaymVQL2ucjMQ63sZ3LFHsch'),
        ('9TPL8droGJ7jThsq4momaoz6uhTcvX2SeMqipoPmNa8R'),
        ('Crn4x1Y2HUKko7ox2EZMT6N2t2ZyH7eKtwkBGVnhEq1g'),
        ('FrBfWJ4qE5sCzKm3k3JaAtqZcXUh4LvJygDeketsrsH4'),
        ('AvZZF1YaZDziPY2RCK4oJrRVrbN3mTD9NL24hPeaZeUj'),
        ('6FrrzDk5mQARGc1TDYoyVnSyRdds1t4PbtohCD6p3tgG'),
        ('USD1ttGY1N17NEEHLmELoaybftRBUSErhqYiQzvEmuB')
    ) as t(mint)
),
stablecoins as (
    select mint from (values
        ('EPjFWdd5AufqSSqeM2qN1xzybapC8G4wEGGkZwyTDt1v'),
        ('Es9vMFrzaCERmJfrF4H2FYD4KCoNkY11McCe8BenwNYB'),
        ('2b1kV6DkPAnxd5ixfnxCpjxmKwqjjaYmCZfHsFu24GXo'),
        ('DEkqHyPN7GMRJ5cArtQFAWefqbZb33Hyf6s5iCwjEonT'),
        ('USDSwr9ApdHk5bvJKMjzff41FfuX8bSxdKcR81vTwcA'),
        ('9zNQRsGLjNKwCUU5Gq5LR8beUCPzQMVMqKAi3SSZh54u'),
        ('HzwqbKZw8HxMN6bF2yFZNrht3c2iXXzpKcFu7uBEDKtr'),
        ('susdabGDNbhrnCa6ncrYo81u4s9GM8ecK2UwMyZiq4X'),
        ('AUSD1jCcCyPLybk1YnvPWsHQSrZ46dxwoMniN4N2UEB9'),
        ('2VhjJ9WxaGC3EZFwJG9BDUs9KxKCAjQY4vgd1qxgYWVg'),
        ('A1KLoBrKBde8Ty9qtNQUtq3C2ortoC3u7twggz7sEto6'),
        ('2u1tszSeqZ3qBWF3uNGPFc8TzMk2tdiwknnRMWGWjGWH'),
        ('5H4voZhzySsVvwVYDAKku8MZGuYBC7cXaBKDPW4YHWW1'),
        ('C4Kkr9NZU3VbyedcgutU6LKmi6MKz81sx6gRmk5pX519'),
        ('AhhdRu5YZdjVkKR3wbnUDaymVQL2ucjMQ63sZ3LFHsch'),
        ('9TPL8droGJ7jThsq4momaoz6uhTcvX2SeMqipoPmNa8R'),
        ('Crn4x1Y2HUKko7ox2EZMT6N2t2ZyH7eKtwkBGVnhEq1g'),
        ('FrBfWJ4qE5sCzKm3k3JaAtqZcXUh4LvJygDeketsrsH4'),
        ('AvZZF1YaZDziPY2RCK4oJrRVrbN3mTD9NL24hPeaZeUj'),
        ('6FrrzDk5mQARGc1TDYoyVnSyRdds1t4PbtohCD6p3tgG'),
        ('USD1ttGY1N17NEEHLmELoaybftRBUSErhqYiQzvEmuB')
    ) as t(mint)
),
token_volumes as (
    select
        t.token_bought_mint as mint,
        sum(
            case
                when t.token_sold_mint = 'So11111111111111111111111111111111111111112'
                then t.token_sold_amount * coalesce(psol.price_in_usd, 0)
                when ss.mint is not null
                then t.token_sold_amount * coalesce(ps.price_in_usd, 0)
                else 0
            end
        ) as volume_usd
    from solana.dex_trades t
    left join stablecoins ss on t.token_sold_mint = ss.mint
    left join solana.token_prices_1m psol on psol.mint = 'So11111111111111111111111111111111111111112'
        and date_trunc('minute', t.block_time) = psol.minute
    left join solana.token_prices_1m ps on t.token_sold_mint = ps.mint
        and date_trunc('minute', t.block_time) = ps.minute
        and ps.mint <> 'FATYxjEcXNYinyoR8SzHBKtzLz8qYRdUaHpxPS7dvirt'
    where DATE_TRUNC('month', t.block_date) = DATE('2026-03-01')
      and t.block_date < CURRENT_DATE
      and t.token_bought_mint not in (select mint from excluded_tokens)
      and (t.token_sold_mint = 'So11111111111111111111111111111111111111112' or ss.mint is not null)
      and t.pool_address not in (select pool_address from excluded_pools)
    group by 1
),
ranked as (
    select *, row_number() over (order by volume_usd desc) as rn
    from token_volumes
)

select
    DATE('2026-03-01') as month,
    r.mint,
    f.symbol,
    f.name,
    round(r.volume_usd, 2) as volume_usd
from ranked r
left join solana.fungible_token_info f on r.mint = f.address
where r.rn = 1
]
(Background on this error at: https://sqlalche.me/e/20/e3q8)
❌ Trino query error: Execution failed on sql '-- Description: Weekly top 1 token by volume (excluding SOL and stablecoins)
-- Volume calculated using only SOL and stablecoin price references

/*
Logic:
- UNNEST bought and sold mints in a single table scan
- Exclude SOL and stablecoins from token list
- Volume uses SOL/stablecoin side of the trade only
- Aggregate over the week, rank tokens, keep top 1
*/

with excluded_pools as (
    select distinct pool_address
    from orca.whirlpool_config
    where config <> '2LecshUwdy9xi7meFgHtFJQNSKk4KdTrcpvaB56dP2NQ'
),
excluded_tokens as (
    select mint from (values
        ('So11111111111111111111111111111111111111112'),
        ('EPjFWdd5AufqSSqeM2qN1xzybapC8G4wEGGkZwyTDt1v'),
        ('Es9vMFrzaCERmJfrF4H2FYD4KCoNkY11McCe8BenwNYB'),
        ('2b1kV6DkPAnxd5ixfnxCpjxmKwqjjaYmCZfHsFu24GXo'),
        ('DEkqHyPN7GMRJ5cArtQFAWefqbZb33Hyf6s5iCwjEonT'),
        ('USDSwr9ApdHk5bvJKMjzff41FfuX8bSxdKcR81vTwcA'),
        ('9zNQRsGLjNKwCUU5Gq5LR8beUCPzQMVMqKAi3SSZh54u'),
        ('HzwqbKZw8HxMN6bF2yFZNrht3c2iXXzpKcFu7uBEDKtr'),
        ('susdabGDNbhrnCa6ncrYo81u4s9GM8ecK2UwMyZiq4X'),
        ('AUSD1jCcCyPLybk1YnvPWsHQSrZ46dxwoMniN4N2UEB9'),
        ('2VhjJ9WxaGC3EZFwJG9BDUs9KxKCAjQY4vgd1qxgYWVg'),
        ('A1KLoBrKBde8Ty9qtNQUtq3C2ortoC3u7twggz7sEto6'),
        ('2u1tszSeqZ3qBWF3uNGPFc8TzMk2tdiwknnRMWGWjGWH'),
        ('5H4voZhzySsVvwVYDAKku8MZGuYBC7cXaBKDPW4YHWW1'),
        ('C4Kkr9NZU3VbyedcgutU6LKmi6MKz81sx6gRmk5pX519'),
        ('AhhdRu5YZdjVkKR3wbnUDaymVQL2ucjMQ63sZ3LFHsch'),
        ('9TPL8droGJ7jThsq4momaoz6uhTcvX2SeMqipoPmNa8R'),
        ('Crn4x1Y2HUKko7ox2EZMT6N2t2ZyH7eKtwkBGVnhEq1g'),
        ('FrBfWJ4qE5sCzKm3k3JaAtqZcXUh4LvJygDeketsrsH4'),
        ('AvZZF1YaZDziPY2RCK4oJrRVrbN3mTD9NL24hPeaZeUj'),
        ('6FrrzDk5mQARGc1TDYoyVnSyRdds1t4PbtohCD6p3tgG'),
        ('USD1ttGY1N17NEEHLmELoaybftRBUSErhqYiQzvEmuB')
    ) as t(mint)
),
stablecoins as (
    select mint from (values
        ('EPjFWdd5AufqSSqeM2qN1xzybapC8G4wEGGkZwyTDt1v'),
        ('Es9vMFrzaCERmJfrF4H2FYD4KCoNkY11McCe8BenwNYB'),
        ('2b1kV6DkPAnxd5ixfnxCpjxmKwqjjaYmCZfHsFu24GXo'),
        ('DEkqHyPN7GMRJ5cArtQFAWefqbZb33Hyf6s5iCwjEonT'),
        ('USDSwr9ApdHk5bvJKMjzff41FfuX8bSxdKcR81vTwcA'),
        ('9zNQRsGLjNKwCUU5Gq5LR8beUCPzQMVMqKAi3SSZh54u'),
        ('HzwqbKZw8HxMN6bF2yFZNrht3c2iXXzpKcFu7uBEDKtr'),
        ('susdabGDNbhrnCa6ncrYo81u4s9GM8ecK2UwMyZiq4X'),
        ('AUSD1jCcCyPLybk1YnvPWsHQSrZ46dxwoMniN4N2UEB9'),
        ('2VhjJ9WxaGC3EZFwJG9BDUs9KxKCAjQY4vgd1qxgYWVg'),
        ('A1KLoBrKBde8Ty9qtNQUtq3C2ortoC3u7twggz7sEto6'),
        ('2u1tszSeqZ3qBWF3uNGPFc8TzMk2tdiwknnRMWGWjGWH'),
        ('5H4voZhzySsVvwVYDAKku8MZGuYBC7cXaBKDPW4YHWW1'),
        ('C4Kkr9NZU3VbyedcgutU6LKmi6MKz81sx6gRmk5pX519'),
        ('AhhdRu5YZdjVkKR3wbnUDaymVQL2ucjMQ63sZ3LFHsch'),
        ('9TPL8droGJ7jThsq4momaoz6uhTcvX2SeMqipoPmNa8R'),
        ('Crn4x1Y2HUKko7ox2EZMT6N2t2ZyH7eKtwkBGVnhEq1g'),
        ('FrBfWJ4qE5sCzKm3k3JaAtqZcXUh4LvJygDeketsrsH4'),
        ('AvZZF1YaZDziPY2RCK4oJrRVrbN3mTD9NL24hPeaZeUj'),
        ('6FrrzDk5mQARGc1TDYoyVnSyRdds1t4PbtohCD6p3tgG'),
        ('USD1ttGY1N17NEEHLmELoaybftRBUSErhqYiQzvEmuB')
    ) as t(mint)
),
token_volumes as (
    select
        t.token_bought_mint as mint,
        sum(
            case
                when t.token_sold_mint = 'So11111111111111111111111111111111111111112'
                then t.token_sold_amount * coalesce(psol.price_in_usd, 0)
                when ss.mint is not null
                then t.token_sold_amount * coalesce(ps.price_in_usd, 0)
                else 0
            end
        ) as volume_usd
    from solana.dex_trades t
    left join stablecoins ss on t.token_sold_mint = ss.mint
    left join solana.token_prices_1m psol on psol.mint = 'So11111111111111111111111111111111111111112'
        and date_trunc('minute', t.block_time) = psol.minute
    left join solana.token_prices_1m ps on t.token_sold_mint = ps.mint
        and date_trunc('minute', t.block_time) = ps.minute
        and ps.mint <> 'FATYxjEcXNYinyoR8SzHBKtzLz8qYRdUaHpxPS7dvirt'
    where DATE_TRUNC('month', t.block_date) = DATE('2026-03-01')
      and t.block_date < CURRENT_DATE
      and t.token_bought_mint not in (select mint from excluded_tokens)
      and (t.token_sold_mint = 'So11111111111111111111111111111111111111112' or ss.mint is not null)
      and t.pool_address not in (select pool_address from excluded_pools)
    group by 1
),
ranked as (
    select *, row_number() over (order by volume_usd desc) as rn
    from token_volumes
)

select
    DATE('2026-03-01') as month,
    r.mint,
    f.symbol,
    f.name,
    round(r.volume_usd, 2) as volume_usd
from ranked r
left join solana.fungible_token_info f on r.mint = f.address
where r.rn = 1
': (trino.exceptions.TrinoExternalError) TrinoExternalError(type=EXTERNAL, name=ICEBERG_INVALID_METADATA, message="Error accessing manifest file for table solana."dex_trades"", query_id=20260310_091215_00601_tt3h2)
[SQL: -- Description: Weekly top 1 token by volume (excluding SOL and stablecoins)
-- Volume calculated using only SOL and stablecoin price references

/*
Logic:
- UNNEST bought and sold mints in a single table scan
- Exclude SOL and stablecoins from token list
- Volume uses SOL/stablecoin side of the trade only
- Aggregate over the week, rank tokens, keep top 1
*/

with excluded_pools as (
    select distinct pool_address
    from orca.whirlpool_config
    where config <> '2LecshUwdy9xi7meFgHtFJQNSKk4KdTrcpvaB56dP2NQ'
),
excluded_tokens as (
    select mint from (values
        ('So11111111111111111111111111111111111111112'),
        ('EPjFWdd5AufqSSqeM2qN1xzybapC8G4wEGGkZwyTDt1v'),
        ('Es9vMFrzaCERmJfrF4H2FYD4KCoNkY11McCe8BenwNYB'),
        ('2b1kV6DkPAnxd5ixfnxCpjxmKwqjjaYmCZfHsFu24GXo'),
        ('DEkqHyPN7GMRJ5cArtQFAWefqbZb33Hyf6s5iCwjEonT'),
        ('USDSwr9ApdHk5bvJKMjzff41FfuX8bSxdKcR81vTwcA'),
        ('9zNQRsGLjNKwCUU5Gq5LR8beUCPzQMVMqKAi3SSZh54u'),
        ('HzwqbKZw8HxMN6bF2yFZNrht3c2iXXzpKcFu7uBEDKtr'),
        ('susdabGDNbhrnCa6ncrYo81u4s9GM8ecK2UwMyZiq4X'),
        ('AUSD1jCcCyPLybk1YnvPWsHQSrZ46dxwoMniN4N2UEB9'),
        ('2VhjJ9WxaGC3EZFwJG9BDUs9KxKCAjQY4vgd1qxgYWVg'),
        ('A1KLoBrKBde8Ty9qtNQUtq3C2ortoC3u7twggz7sEto6'),
        ('2u1tszSeqZ3qBWF3uNGPFc8TzMk2tdiwknnRMWGWjGWH'),
        ('5H4voZhzySsVvwVYDAKku8MZGuYBC7cXaBKDPW4YHWW1'),
        ('C4Kkr9NZU3VbyedcgutU6LKmi6MKz81sx6gRmk5pX519'),
        ('AhhdRu5YZdjVkKR3wbnUDaymVQL2ucjMQ63sZ3LFHsch'),
        ('9TPL8droGJ7jThsq4momaoz6uhTcvX2SeMqipoPmNa8R'),
        ('Crn4x1Y2HUKko7ox2EZMT6N2t2ZyH7eKtwkBGVnhEq1g'),
        ('FrBfWJ4qE5sCzKm3k3JaAtqZcXUh4LvJygDeketsrsH4'),
        ('AvZZF1YaZDziPY2RCK4oJrRVrbN3mTD9NL24hPeaZeUj'),
        ('6FrrzDk5mQARGc1TDYoyVnSyRdds1t4PbtohCD6p3tgG'),
        ('USD1ttGY1N17NEEHLmELoaybftRBUSErhqYiQzvEmuB')
    ) as t(mint)
),
stablecoins as (
    select mint from (values
        ('EPjFWdd5AufqSSqeM2qN1xzybapC8G4wEGGkZwyTDt1v'),
        ('Es9vMFrzaCERmJfrF4H2FYD4KCoNkY11McCe8BenwNYB'),
        ('2b1kV6DkPAnxd5ixfnxCpjxmKwqjjaYmCZfHsFu24GXo'),
        ('DEkqHyPN7GMRJ5cArtQFAWefqbZb33Hyf6s5iCwjEonT'),
        ('USDSwr9ApdHk5bvJKMjzff41FfuX8bSxdKcR81vTwcA'),
        ('9zNQRsGLjNKwCUU5Gq5LR8beUCPzQMVMqKAi3SSZh54u'),
        ('HzwqbKZw8HxMN6bF2yFZNrht3c2iXXzpKcFu7uBEDKtr'),
        ('susdabGDNbhrnCa6ncrYo81u4s9GM8ecK2UwMyZiq4X'),
        ('AUSD1jCcCyPLybk1YnvPWsHQSrZ46dxwoMniN4N2UEB9'),
        ('2VhjJ9WxaGC3EZFwJG9BDUs9KxKCAjQY4vgd1qxgYWVg'),
        ('A1KLoBrKBde8Ty9qtNQUtq3C2ortoC3u7twggz7sEto6'),
        ('2u1tszSeqZ3qBWF3uNGPFc8TzMk2tdiwknnRMWGWjGWH'),
        ('5H4voZhzySsVvwVYDAKku8MZGuYBC7cXaBKDPW4YHWW1'),
        ('C4Kkr9NZU3VbyedcgutU6LKmi6MKz81sx6gRmk5pX519'),
        ('AhhdRu5YZdjVkKR3wbnUDaymVQL2ucjMQ63sZ3LFHsch'),
        ('9TPL8droGJ7jThsq4momaoz6uhTcvX2SeMqipoPmNa8R'),
        ('Crn4x1Y2HUKko7ox2EZMT6N2t2ZyH7eKtwkBGVnhEq1g'),
        ('FrBfWJ4qE5sCzKm3k3JaAtqZcXUh4LvJygDeketsrsH4'),
        ('AvZZF1YaZDziPY2RCK4oJrRVrbN3mTD9NL24hPeaZeUj'),
        ('6FrrzDk5mQARGc1TDYoyVnSyRdds1t4PbtohCD6p3tgG'),
        ('USD1ttGY1N17NEEHLmELoaybftRBUSErhqYiQzvEmuB')
    ) as t(mint)
),
token_volumes as (
    select
        t.token_bought_mint as mint,
        sum(
            case
                when t.token_sold_mint = 'So11111111111111111111111111111111111111112'
                then t.token_sold_amount * coalesce(psol.price_in_usd, 0)
                when ss.mint is not null
                then t.token_sold_amount * coalesce(ps.price_in_usd, 0)
                else 0
            end
        ) as volume_usd
    from solana.dex_trades t
    left join stablecoins ss on t.token_sold_mint = ss.mint
    left join solana.token_prices_1m psol on psol.mint = 'So11111111111111111111111111111111111111112'
        and date_trunc('minute', t.block_time) = psol.minute
    left join solana.token_prices_1m ps on t.token_sold_mint = ps.mint
        and date_trunc('minute', t.block_time) = ps.minute
        and ps.mint <> 'FATYxjEcXNYinyoR8SzHBKtzLz8qYRdUaHpxPS7dvirt'
    where DATE_TRUNC('month', t.block_date) = DATE('2026-03-01')
      and t.block_date < CURRENT_DATE
      and t.token_bought_mint not in (select mint from excluded_tokens)
      and (t.token_sold_mint = 'So11111111111111111111111111111111111111112' or ss.mint is not null)
      and t.pool_address not in (select pool_address from excluded_pools)
    group by 1
),
ranked as (
    select *, row_number() over (order by volume_usd desc) as rn
    from token_volumes
)

select
    DATE('2026-03-01') as month,
    r.mint,
    f.symbol,
    f.name,
    round(r.volume_usd, 2) as volume_usd
from ranked r
left join solana.fungible_token_info f on r.mint = f.address
where r.rn = 1
]
(Background on this error at: https://sqlalche.me/e/20/e3q8)
   ❌ Error during processing: Execution failed on sql '-- Description: Weekly top 1 token by volume (excluding SOL and stablecoins)
-- Volume calculated using only SOL and stablecoin price references

/*
Logic:
- UNNEST bought and sold mints in a single table scan
- Exclude SOL and stablecoins from token list
- Volume uses SOL/stablecoin side of the trade only
- Aggregate over the week, rank tokens, keep top 1
*/

with excluded_pools as (
    select distinct pool_address
    from orca.whirlpool_config
    where config <> '2LecshUwdy9xi7meFgHtFJQNSKk4KdTrcpvaB56dP2NQ'
),
excluded_tokens as (
    select mint from (values
        ('So11111111111111111111111111111111111111112'),
        ('EPjFWdd5AufqSSqeM2qN1xzybapC8G4wEGGkZwyTDt1v'),
        ('Es9vMFrzaCERmJfrF4H2FYD4KCoNkY11McCe8BenwNYB'),
        ('2b1kV6DkPAnxd5ixfnxCpjxmKwqjjaYmCZfHsFu24GXo'),
        ('DEkqHyPN7GMRJ5cArtQFAWefqbZb33Hyf6s5iCwjEonT'),
        ('USDSwr9ApdHk5bvJKMjzff41FfuX8bSxdKcR81vTwcA'),
        ('9zNQRsGLjNKwCUU5Gq5LR8beUCPzQMVMqKAi3SSZh54u'),
        ('HzwqbKZw8HxMN6bF2yFZNrht3c2iXXzpKcFu7uBEDKtr'),
        ('susdabGDNbhrnCa6ncrYo81u4s9GM8ecK2UwMyZiq4X'),
        ('AUSD1jCcCyPLybk1YnvPWsHQSrZ46dxwoMniN4N2UEB9'),
        ('2VhjJ9WxaGC3EZFwJG9BDUs9KxKCAjQY4vgd1qxgYWVg'),
        ('A1KLoBrKBde8Ty9qtNQUtq3C2ortoC3u7twggz7sEto6'),
        ('2u1tszSeqZ3qBWF3uNGPFc8TzMk2tdiwknnRMWGWjGWH'),
        ('5H4voZhzySsVvwVYDAKku8MZGuYBC7cXaBKDPW4YHWW1'),
        ('C4Kkr9NZU3VbyedcgutU6LKmi6MKz81sx6gRmk5pX519'),
        ('AhhdRu5YZdjVkKR3wbnUDaymVQL2ucjMQ63sZ3LFHsch'),
        ('9TPL8droGJ7jThsq4momaoz6uhTcvX2SeMqipoPmNa8R'),
        ('Crn4x1Y2HUKko7ox2EZMT6N2t2ZyH7eKtwkBGVnhEq1g'),
        ('FrBfWJ4qE5sCzKm3k3JaAtqZcXUh4LvJygDeketsrsH4'),
        ('AvZZF1YaZDziPY2RCK4oJrRVrbN3mTD9NL24hPeaZeUj'),
        ('6FrrzDk5mQARGc1TDYoyVnSyRdds1t4PbtohCD6p3tgG'),
        ('USD1ttGY1N17NEEHLmELoaybftRBUSErhqYiQzvEmuB')
    ) as t(mint)
),
stablecoins as (
    select mint from (values
        ('EPjFWdd5AufqSSqeM2qN1xzybapC8G4wEGGkZwyTDt1v'),
        ('Es9vMFrzaCERmJfrF4H2FYD4KCoNkY11McCe8BenwNYB'),
        ('2b1kV6DkPAnxd5ixfnxCpjxmKwqjjaYmCZfHsFu24GXo'),
        ('DEkqHyPN7GMRJ5cArtQFAWefqbZb33Hyf6s5iCwjEonT'),
        ('USDSwr9ApdHk5bvJKMjzff41FfuX8bSxdKcR81vTwcA'),
        ('9zNQRsGLjNKwCUU5Gq5LR8beUCPzQMVMqKAi3SSZh54u'),
        ('HzwqbKZw8HxMN6bF2yFZNrht3c2iXXzpKcFu7uBEDKtr'),
        ('susdabGDNbhrnCa6ncrYo81u4s9GM8ecK2UwMyZiq4X'),
        ('AUSD1jCcCyPLybk1YnvPWsHQSrZ46dxwoMniN4N2UEB9'),
        ('2VhjJ9WxaGC3EZFwJG9BDUs9KxKCAjQY4vgd1qxgYWVg'),
        ('A1KLoBrKBde8Ty9qtNQUtq3C2ortoC3u7twggz7sEto6'),
        ('2u1tszSeqZ3qBWF3uNGPFc8TzMk2tdiwknnRMWGWjGWH'),
        ('5H4voZhzySsVvwVYDAKku8MZGuYBC7cXaBKDPW4YHWW1'),
        ('C4Kkr9NZU3VbyedcgutU6LKmi6MKz81sx6gRmk5pX519'),
        ('AhhdRu5YZdjVkKR3wbnUDaymVQL2ucjMQ63sZ3LFHsch'),
        ('9TPL8droGJ7jThsq4momaoz6uhTcvX2SeMqipoPmNa8R'),
        ('Crn4x1Y2HUKko7ox2EZMT6N2t2ZyH7eKtwkBGVnhEq1g'),
        ('FrBfWJ4qE5sCzKm3k3JaAtqZcXUh4LvJygDeketsrsH4'),
        ('AvZZF1YaZDziPY2RCK4oJrRVrbN3mTD9NL24hPeaZeUj'),
        ('6FrrzDk5mQARGc1TDYoyVnSyRdds1t4PbtohCD6p3tgG'),
        ('USD1ttGY1N17NEEHLmELoaybftRBUSErhqYiQzvEmuB')
    ) as t(mint)
),
token_volumes as (
    select
        t.token_bought_mint as mint,
        sum(
            case
                when t.token_sold_mint = 'So11111111111111111111111111111111111111112'
                then t.token_sold_amount * coalesce(psol.price_in_usd, 0)
                when ss.mint is not null
                then t.token_sold_amount * coalesce(ps.price_in_usd, 0)
                else 0
            end
        ) as volume_usd
    from solana.dex_trades t
    left join stablecoins ss on t.token_sold_mint = ss.mint
    left join solana.token_prices_1m psol on psol.mint = 'So11111111111111111111111111111111111111112'
        and date_trunc('minute', t.block_time) = psol.minute
    left join solana.token_prices_1m ps on t.token_sold_mint = ps.mint
        and date_trunc('minute', t.block_time) = ps.minute
        and ps.mint <> 'FATYxjEcXNYinyoR8SzHBKtzLz8qYRdUaHpxPS7dvirt'
    where DATE_TRUNC('month', t.block_date) = DATE('2026-03-01')
      and t.block_date < CURRENT_DATE
      and t.token_bought_mint not in (select mint from excluded_tokens)
      and (t.token_sold_mint = 'So11111111111111111111111111111111111111112' or ss.mint is not null)
      and t.pool_address not in (select pool_address from excluded_pools)
    group by 1
),
ranked as (
    select *, row_number() over (order by volume_usd desc) as rn
    from token_volumes
)

select
    DATE('2026-03-01') as month,
    r.mint,
    f.symbol,
    f.name,
    round(r.volume_usd, 2) as volume_usd
from ranked r
left join solana.fungible_token_info f on r.mint = f.address
where r.rn = 1
': (trino.exceptions.TrinoExternalError) TrinoExternalError(type=EXTERNAL, name=ICEBERG_INVALID_METADATA, message="Error accessing manifest file for table solana."dex_trades"", query_id=20260310_091215_00601_tt3h2)
[SQL: -- Description: Weekly top 1 token by volume (excluding SOL and stablecoins)
-- Volume calculated using only SOL and stablecoin price references

/*
Logic:
- UNNEST bought and sold mints in a single table scan
- Exclude SOL and stablecoins from token list
- Volume uses SOL/stablecoin side of the trade only
- Aggregate over the week, rank tokens, keep top 1
*/

with excluded_pools as (
    select distinct pool_address
    from orca.whirlpool_config
    where config <> '2LecshUwdy9xi7meFgHtFJQNSKk4KdTrcpvaB56dP2NQ'
),
excluded_tokens as (
    select mint from (values
        ('So11111111111111111111111111111111111111112'),
        ('EPjFWdd5AufqSSqeM2qN1xzybapC8G4wEGGkZwyTDt1v'),
        ('Es9vMFrzaCERmJfrF4H2FYD4KCoNkY11McCe8BenwNYB'),
        ('2b1kV6DkPAnxd5ixfnxCpjxmKwqjjaYmCZfHsFu24GXo'),
        ('DEkqHyPN7GMRJ5cArtQFAWefqbZb33Hyf6s5iCwjEonT'),
        ('USDSwr9ApdHk5bvJKMjzff41FfuX8bSxdKcR81vTwcA'),
        ('9zNQRsGLjNKwCUU5Gq5LR8beUCPzQMVMqKAi3SSZh54u'),
        ('HzwqbKZw8HxMN6bF2yFZNrht3c2iXXzpKcFu7uBEDKtr'),
        ('susdabGDNbhrnCa6ncrYo81u4s9GM8ecK2UwMyZiq4X'),
        ('AUSD1jCcCyPLybk1YnvPWsHQSrZ46dxwoMniN4N2UEB9'),
        ('2VhjJ9WxaGC3EZFwJG9BDUs9KxKCAjQY4vgd1qxgYWVg'),
        ('A1KLoBrKBde8Ty9qtNQUtq3C2ortoC3u7twggz7sEto6'),
        ('2u1tszSeqZ3qBWF3uNGPFc8TzMk2tdiwknnRMWGWjGWH'),
        ('5H4voZhzySsVvwVYDAKku8MZGuYBC7cXaBKDPW4YHWW1'),
        ('C4Kkr9NZU3VbyedcgutU6LKmi6MKz81sx6gRmk5pX519'),
        ('AhhdRu5YZdjVkKR3wbnUDaymVQL2ucjMQ63sZ3LFHsch'),
        ('9TPL8droGJ7jThsq4momaoz6uhTcvX2SeMqipoPmNa8R'),
        ('Crn4x1Y2HUKko7ox2EZMT6N2t2ZyH7eKtwkBGVnhEq1g'),
        ('FrBfWJ4qE5sCzKm3k3JaAtqZcXUh4LvJygDeketsrsH4'),
        ('AvZZF1YaZDziPY2RCK4oJrRVrbN3mTD9NL24hPeaZeUj'),
        ('6FrrzDk5mQARGc1TDYoyVnSyRdds1t4PbtohCD6p3tgG'),
        ('USD1ttGY1N17NEEHLmELoaybftRBUSErhqYiQzvEmuB')
    ) as t(mint)
),
stablecoins as (
    select mint from (values
        ('EPjFWdd5AufqSSqeM2qN1xzybapC8G4wEGGkZwyTDt1v'),
        ('Es9vMFrzaCERmJfrF4H2FYD4KCoNkY11McCe8BenwNYB'),
        ('2b1kV6DkPAnxd5ixfnxCpjxmKwqjjaYmCZfHsFu24GXo'),
        ('DEkqHyPN7GMRJ5cArtQFAWefqbZb33Hyf6s5iCwjEonT'),
        ('USDSwr9ApdHk5bvJKMjzff41FfuX8bSxdKcR81vTwcA'),
        ('9zNQRsGLjNKwCUU5Gq5LR8beUCPzQMVMqKAi3SSZh54u'),
        ('HzwqbKZw8HxMN6bF2yFZNrht3c2iXXzpKcFu7uBEDKtr'),
        ('susdabGDNbhrnCa6ncrYo81u4s9GM8ecK2UwMyZiq4X'),
        ('AUSD1jCcCyPLybk1YnvPWsHQSrZ46dxwoMniN4N2UEB9'),
        ('2VhjJ9WxaGC3EZFwJG9BDUs9KxKCAjQY4vgd1qxgYWVg'),
        ('A1KLoBrKBde8Ty9qtNQUtq3C2ortoC3u7twggz7sEto6'),
        ('2u1tszSeqZ3qBWF3uNGPFc8TzMk2tdiwknnRMWGWjGWH'),
        ('5H4voZhzySsVvwVYDAKku8MZGuYBC7cXaBKDPW4YHWW1'),
        ('C4Kkr9NZU3VbyedcgutU6LKmi6MKz81sx6gRmk5pX519'),
        ('AhhdRu5YZdjVkKR3wbnUDaymVQL2ucjMQ63sZ3LFHsch'),
        ('9TPL8droGJ7jThsq4momaoz6uhTcvX2SeMqipoPmNa8R'),
        ('Crn4x1Y2HUKko7ox2EZMT6N2t2ZyH7eKtwkBGVnhEq1g'),
        ('FrBfWJ4qE5sCzKm3k3JaAtqZcXUh4LvJygDeketsrsH4'),
        ('AvZZF1YaZDziPY2RCK4oJrRVrbN3mTD9NL24hPeaZeUj'),
        ('6FrrzDk5mQARGc1TDYoyVnSyRdds1t4PbtohCD6p3tgG'),
        ('USD1ttGY1N17NEEHLmELoaybftRBUSErhqYiQzvEmuB')
    ) as t(mint)
),
token_volumes as (
    select
        t.token_bought_mint as mint,
        sum(
            case
                when t.token_sold_mint = 'So11111111111111111111111111111111111111112'
                then t.token_sold_amount * coalesce(psol.price_in_usd, 0)
                when ss.mint is not null
                then t.token_sold_amount * coalesce(ps.price_in_usd, 0)
                else 0
            end
        ) as volume_usd
    from solana.dex_trades t
    left join stablecoins ss on t.token_sold_mint = ss.mint
    left join solana.token_prices_1m psol on psol.mint = 'So11111111111111111111111111111111111111112'
        and date_trunc('minute', t.block_time) = psol.minute
    left join solana.token_prices_1m ps on t.token_sold_mint = ps.mint
        and date_trunc('minute', t.block_time) = ps.minute
        and ps.mint <> 'FATYxjEcXNYinyoR8SzHBKtzLz8qYRdUaHpxPS7dvirt'
    where DATE_TRUNC('month', t.block_date) = DATE('2026-03-01')
      and t.block_date < CURRENT_DATE
      and t.token_bought_mint not in (select mint from excluded_tokens)
      and (t.token_sold_mint = 'So11111111111111111111111111111111111111112' or ss.mint is not null)
      and t.pool_address not in (select pool_address from excluded_pools)
    group by 1
),
ranked as (
    select *, row_number() over (order by volume_usd desc) as rn
    from token_volumes
)

select
    DATE('2026-03-01') as month,
    r.mint,
    f.symbol,
    f.name,
    round(r.volume_usd, 2) as volume_usd
from ranked r
left join solana.fungible_token_info f on r.mint = f.address
where r.rn = 1
]
(Background on this error at: https://sqlalche.me/e/20/e3q8)
   ℹ️  Partial data saved via checkpoints: 0 rows
⚠️  Job #350 PARTIALLY SUCCESSFUL: 0 rows saved

🔄 Processing job #351 (backfill) - attempt 1/3
   SQL hash: cfe6aa646a1aa33e0cc9d0ec8111580d
   📅 Backfill (full): 2026-03-10 → 2025-01-01
      Fetching month 2026-03-01 (1/15)... ✅ 6 rows
      💾 Checkpoint: 1 months processed
      Fetching month 2026-02-01 (2/15)... ✅ 6 rows
      💾 Checkpoint: 2 months processed
      Fetching month 2026-01-01 (3/15)... ✅ 6 rows
      💾 Checkpoint: 3 months processed
      Fetching month 2025-12-01 (4/15)... ✅ 6 rows
      💾 Checkpoint: 4 months processed
      Fetching month 2025-11-01 (5/15)... ✅ 6 rows
      💾 Checkpoint: 5 months processed
      Fetching month 2025-10-01 (6/15)... ✅ 6 rows
      💾 Checkpoint: 6 months processed
      Fetching month 2025-09-01 (7/15)... ✅ 6 rows
      💾 Checkpoint: 7 months processed
      Fetching month 2025-08-01 (8/15)... ✅ 6 rows
      💾 Checkpoint: 8 months processed
      Fetching month 2025-07-01 (9/15)... ✅ 6 rows
      💾 Checkpoint: 9 months processed
      Fetching month 2025-06-01 (10/15)... ✅ 6 rows
      💾 Checkpoint: 10 months processed
      Fetching month 2025-05-01 (11/15)... ✅ 6 rows
      💾 Checkpoint: 11 months processed
      Fetching month 2025-04-01 (12/15)... ✅ 6 rows
      💾 Checkpoint: 12 months processed
      Fetching month 2025-03-01 (13/15)... ✅ 6 rows
      💾 Checkpoint: 13 months processed
      Fetching month 2025-02-01 (14/15)... ✅ 6 rows
      💾 Checkpoint: 14 months processed
      Fetching month 2025-01-01 (15/15)... ✅ 6 rows
      💾 Checkpoint: 15 months processed
   ✅ Backfill (full) complete: 90 total rows
✅ Job #351 SUCCESSFUL: 90 rows

🔄 Processing job #352 (backfill) - attempt 1/3
   SQL hash: cfe6aa646a1aa33e0cc9d0ec8111580d
   📅 Backfill (resume): existing 90 rows (15 months), 0 missing months
   ✅ All months present, nothing to backfill
   ⚠️  No new data to merge
✅ Job #352 SUCCESSFUL: 90 rows

🔄 Processing job #353 (backfill) - attempt 1/3
   SQL hash: 7e7093fbd98273b488a2d78c0119c50b
   📅 Backfill (full): 2026-03-10 → 2025-01-01
      Fetching month 2026-03-01 (1/15)... ✅ 1 rows
      💾 Checkpoint: 1 months processed
      Fetching month 2026-02-01 (2/15)... ❌ Error: Execution failed on sql '-- Description: Weekly top 1 pool by volume
-- Volume calculated using only SOL and stablecoin price references

/*
Logic:
- Normalize pool: smaller address first
- Only count trades where at least one side is SOL or stablecoin
- Volume from SOL/stablecoin side only
- Aggregate over the week, rank pools, keep top 1
*/

with excluded_pools as (
    select distinct pool_address
    from orca.whirlpool_config
    where config <> '2LecshUwdy9xi7meFgHtFJQNSKk4KdTrcpvaB56dP2NQ'
),
stablecoins as (
    select mint from (values
        ('EPjFWdd5AufqSSqeM2qN1xzybapC8G4wEGGkZwyTDt1v'),
        ('Es9vMFrzaCERmJfrF4H2FYD4KCoNkY11McCe8BenwNYB'),
        ('2b1kV6DkPAnxd5ixfnxCpjxmKwqjjaYmCZfHsFu24GXo'),
        ('DEkqHyPN7GMRJ5cArtQFAWefqbZb33Hyf6s5iCwjEonT'),
        ('USDSwr9ApdHk5bvJKMjzff41FfuX8bSxdKcR81vTwcA'),
        ('9zNQRsGLjNKwCUU5Gq5LR8beUCPzQMVMqKAi3SSZh54u'),
        ('HzwqbKZw8HxMN6bF2yFZNrht3c2iXXzpKcFu7uBEDKtr'),
        ('susdabGDNbhrnCa6ncrYo81u4s9GM8ecK2UwMyZiq4X'),
        ('AUSD1jCcCyPLybk1YnvPWsHQSrZ46dxwoMniN4N2UEB9'),
        ('2VhjJ9WxaGC3EZFwJG9BDUs9KxKCAjQY4vgd1qxgYWVg'),
        ('A1KLoBrKBde8Ty9qtNQUtq3C2ortoC3u7twggz7sEto6'),
        ('2u1tszSeqZ3qBWF3uNGPFc8TzMk2tdiwknnRMWGWjGWH'),
        ('5H4voZhzySsVvwVYDAKku8MZGuYBC7cXaBKDPW4YHWW1'),
        ('C4Kkr9NZU3VbyedcgutU6LKmi6MKz81sx6gRmk5pX519'),
        ('AhhdRu5YZdjVkKR3wbnUDaymVQL2ucjMQ63sZ3LFHsch'),
        ('9TPL8droGJ7jThsq4momaoz6uhTcvX2SeMqipoPmNa8R'),
        ('Crn4x1Y2HUKko7ox2EZMT6N2t2ZyH7eKtwkBGVnhEq1g'),
        ('FrBfWJ4qE5sCzKm3k3JaAtqZcXUh4LvJygDeketsrsH4'),
        ('AvZZF1YaZDziPY2RCK4oJrRVrbN3mTD9NL24hPeaZeUj'),
        ('6FrrzDk5mQARGc1TDYoyVnSyRdds1t4PbtohCD6p3tgG')
    ) as t(mint)
),

pool_volume as (
    select
        least(t.token_sold_mint, t.token_bought_mint) as token_a,
        greatest(t.token_sold_mint, t.token_bought_mint) as token_b,
        sum(
            case
                when t.token_bought_mint = 'So11111111111111111111111111111111111111112'
                then t.token_bought_amount * coalesce(psol.price_in_usd, 0)
                when t.token_sold_mint = 'So11111111111111111111111111111111111111112'
                then t.token_sold_amount * coalesce(psol.price_in_usd, 0)
                when sb.mint is not null
                then t.token_bought_amount * coalesce(pb.price_in_usd, 0)
                when ss.mint is not null
                then t.token_sold_amount * coalesce(ps.price_in_usd, 0)
                else 0
            end
        ) as volume_usd
    from solana.dex_trades t
    left join stablecoins ss on t.token_sold_mint = ss.mint
    left join stablecoins sb on t.token_bought_mint = sb.mint
    left join solana.token_prices_1m psol on psol.mint = 'So11111111111111111111111111111111111111112'
        and date_trunc('minute', t.block_time) = psol.minute
    left join solana.token_prices_1m pb on t.token_bought_mint = pb.mint
        and date_trunc('minute', t.block_time) = pb.minute
        and pb.mint <> 'FATYxjEcXNYinyoR8SzHBKtzLz8qYRdUaHpxPS7dvirt'
    left join solana.token_prices_1m ps on t.token_sold_mint = ps.mint
        and date_trunc('minute', t.block_time) = ps.minute
        and ps.mint <> 'FATYxjEcXNYinyoR8SzHBKtzLz8qYRdUaHpxPS7dvirt'
    where DATE_TRUNC('month', t.block_date) = DATE('2026-02-01')
      and t.block_date < CURRENT_DATE
      and (t.token_sold_mint = 'So11111111111111111111111111111111111111112'
           or t.token_bought_mint = 'So11111111111111111111111111111111111111112'
           or ss.mint is not null
           or sb.mint is not null)
      and t.pool_address not in (select pool_address from excluded_pools)
    group by 1, 2
),

ranked as (
    select *, row_number() over (order by volume_usd desc) as rn
    from pool_volume
)

select
    DATE('2026-02-01') as month,
    concat(coalesce(fa.symbol, 'UNKNOWN'), '-', coalesce(fb.symbol, 'UNKNOWN')) as pool,
    r.token_a,
    r.token_b,
    round(r.volume_usd, 2) as volume_usd
from ranked r
left join solana.fungible_token_info fa on r.token_a = fa.address
left join solana.fungible_token_info fb on r.token_b = fb.address
where r.rn = 1
': (trino.exceptions.TrinoQueryError) TrinoQueryError(type=INTERNAL_ERROR, name=OPTIMIZER_TIMEOUT, message="The optimizer exhausted the time limit of 180000 ms: Top rules: {
		io.trino.sql.planner.iterative.rule.DetermineJoinDistributionType: 344092 ms, 1 invocations, 1 applications }", query_id=20260310_092151_00640_tt3h2)
[SQL: -- Description: Weekly top 1 pool by volume
-- Volume calculated using only SOL and stablecoin price references

/*
Logic:
- Normalize pool: smaller address first
- Only count trades where at least one side is SOL or stablecoin
- Volume from SOL/stablecoin side only
- Aggregate over the week, rank pools, keep top 1
*/

with excluded_pools as (
    select distinct pool_address
    from orca.whirlpool_config
    where config <> '2LecshUwdy9xi7meFgHtFJQNSKk4KdTrcpvaB56dP2NQ'
),
stablecoins as (
    select mint from (values
        ('EPjFWdd5AufqSSqeM2qN1xzybapC8G4wEGGkZwyTDt1v'),
        ('Es9vMFrzaCERmJfrF4H2FYD4KCoNkY11McCe8BenwNYB'),
        ('2b1kV6DkPAnxd5ixfnxCpjxmKwqjjaYmCZfHsFu24GXo'),
        ('DEkqHyPN7GMRJ5cArtQFAWefqbZb33Hyf6s5iCwjEonT'),
        ('USDSwr9ApdHk5bvJKMjzff41FfuX8bSxdKcR81vTwcA'),
        ('9zNQRsGLjNKwCUU5Gq5LR8beUCPzQMVMqKAi3SSZh54u'),
        ('HzwqbKZw8HxMN6bF2yFZNrht3c2iXXzpKcFu7uBEDKtr'),
        ('susdabGDNbhrnCa6ncrYo81u4s9GM8ecK2UwMyZiq4X'),
        ('AUSD1jCcCyPLybk1YnvPWsHQSrZ46dxwoMniN4N2UEB9'),
        ('2VhjJ9WxaGC3EZFwJG9BDUs9KxKCAjQY4vgd1qxgYWVg'),
        ('A1KLoBrKBde8Ty9qtNQUtq3C2ortoC3u7twggz7sEto6'),
        ('2u1tszSeqZ3qBWF3uNGPFc8TzMk2tdiwknnRMWGWjGWH'),
        ('5H4voZhzySsVvwVYDAKku8MZGuYBC7cXaBKDPW4YHWW1'),
        ('C4Kkr9NZU3VbyedcgutU6LKmi6MKz81sx6gRmk5pX519'),
        ('AhhdRu5YZdjVkKR3wbnUDaymVQL2ucjMQ63sZ3LFHsch'),
        ('9TPL8droGJ7jThsq4momaoz6uhTcvX2SeMqipoPmNa8R'),
        ('Crn4x1Y2HUKko7ox2EZMT6N2t2ZyH7eKtwkBGVnhEq1g'),
        ('FrBfWJ4qE5sCzKm3k3JaAtqZcXUh4LvJygDeketsrsH4'),
        ('AvZZF1YaZDziPY2RCK4oJrRVrbN3mTD9NL24hPeaZeUj'),
        ('6FrrzDk5mQARGc1TDYoyVnSyRdds1t4PbtohCD6p3tgG')
    ) as t(mint)
),

pool_volume as (
    select
        least(t.token_sold_mint, t.token_bought_mint) as token_a,
        greatest(t.token_sold_mint, t.token_bought_mint) as token_b,
        sum(
            case
                when t.token_bought_mint = 'So11111111111111111111111111111111111111112'
                then t.token_bought_amount * coalesce(psol.price_in_usd, 0)
                when t.token_sold_mint = 'So11111111111111111111111111111111111111112'
                then t.token_sold_amount * coalesce(psol.price_in_usd, 0)
                when sb.mint is not null
                then t.token_bought_amount * coalesce(pb.price_in_usd, 0)
                when ss.mint is not null
                then t.token_sold_amount * coalesce(ps.price_in_usd, 0)
                else 0
            end
        ) as volume_usd
    from solana.dex_trades t
    left join stablecoins ss on t.token_sold_mint = ss.mint
    left join stablecoins sb on t.token_bought_mint = sb.mint
    left join solana.token_prices_1m psol on psol.mint = 'So11111111111111111111111111111111111111112'
        and date_trunc('minute', t.block_time) = psol.minute
    left join solana.token_prices_1m pb on t.token_bought_mint = pb.mint
        and date_trunc('minute', t.block_time) = pb.minute
        and pb.mint <> 'FATYxjEcXNYinyoR8SzHBKtzLz8qYRdUaHpxPS7dvirt'
    left join solana.token_prices_1m ps on t.token_sold_mint = ps.mint
        and date_trunc('minute', t.block_time) = ps.minute
        and ps.mint <> 'FATYxjEcXNYinyoR8SzHBKtzLz8qYRdUaHpxPS7dvirt'
    where DATE_TRUNC('month', t.block_date) = DATE('2026-02-01')
      and t.block_date < CURRENT_DATE
      and (t.token_sold_mint = 'So11111111111111111111111111111111111111112'
           or t.token_bought_mint = 'So11111111111111111111111111111111111111112'
           or ss.mint is not null
           or sb.mint is not null)
      and t.pool_address not in (select pool_address from excluded_pools)
    group by 1, 2
),

ranked as (
    select *, row_number() over (order by volume_usd desc) as rn
    from pool_volume
)

select
    DATE('2026-02-01') as month,
    concat(coalesce(fa.symbol, 'UNKNOWN'), '-', coalesce(fb.symbol, 'UNKNOWN')) as pool,
    r.token_a,
    r.token_b,
    round(r.volume_usd, 2) as volume_usd
from ranked r
left join solana.fungible_token_info fa on r.token_a = fa.address
left join solana.fungible_token_info fb on r.token_b = fb.address
where r.rn = 1
]
(Background on this error at: https://sqlalche.me/e/20/dbapi)
❌ Trino query error: Execution failed on sql '-- Description: Weekly top 1 pool by volume
-- Volume calculated using only SOL and stablecoin price references

/*
Logic:
- Normalize pool: smaller address first
- Only count trades where at least one side is SOL or stablecoin
- Volume from SOL/stablecoin side only
- Aggregate over the week, rank pools, keep top 1
*/

with excluded_pools as (
    select distinct pool_address
    from orca.whirlpool_config
    where config <> '2LecshUwdy9xi7meFgHtFJQNSKk4KdTrcpvaB56dP2NQ'
),
stablecoins as (
    select mint from (values
        ('EPjFWdd5AufqSSqeM2qN1xzybapC8G4wEGGkZwyTDt1v'),
        ('Es9vMFrzaCERmJfrF4H2FYD4KCoNkY11McCe8BenwNYB'),
        ('2b1kV6DkPAnxd5ixfnxCpjxmKwqjjaYmCZfHsFu24GXo'),
        ('DEkqHyPN7GMRJ5cArtQFAWefqbZb33Hyf6s5iCwjEonT'),
        ('USDSwr9ApdHk5bvJKMjzff41FfuX8bSxdKcR81vTwcA'),
        ('9zNQRsGLjNKwCUU5Gq5LR8beUCPzQMVMqKAi3SSZh54u'),
        ('HzwqbKZw8HxMN6bF2yFZNrht3c2iXXzpKcFu7uBEDKtr'),
        ('susdabGDNbhrnCa6ncrYo81u4s9GM8ecK2UwMyZiq4X'),
        ('AUSD1jCcCyPLybk1YnvPWsHQSrZ46dxwoMniN4N2UEB9'),
        ('2VhjJ9WxaGC3EZFwJG9BDUs9KxKCAjQY4vgd1qxgYWVg'),
        ('A1KLoBrKBde8Ty9qtNQUtq3C2ortoC3u7twggz7sEto6'),
        ('2u1tszSeqZ3qBWF3uNGPFc8TzMk2tdiwknnRMWGWjGWH'),
        ('5H4voZhzySsVvwVYDAKku8MZGuYBC7cXaBKDPW4YHWW1'),
        ('C4Kkr9NZU3VbyedcgutU6LKmi6MKz81sx6gRmk5pX519'),
        ('AhhdRu5YZdjVkKR3wbnUDaymVQL2ucjMQ63sZ3LFHsch'),
        ('9TPL8droGJ7jThsq4momaoz6uhTcvX2SeMqipoPmNa8R'),
        ('Crn4x1Y2HUKko7ox2EZMT6N2t2ZyH7eKtwkBGVnhEq1g'),
        ('FrBfWJ4qE5sCzKm3k3JaAtqZcXUh4LvJygDeketsrsH4'),
        ('AvZZF1YaZDziPY2RCK4oJrRVrbN3mTD9NL24hPeaZeUj'),
        ('6FrrzDk5mQARGc1TDYoyVnSyRdds1t4PbtohCD6p3tgG')
    ) as t(mint)
),

pool_volume as (
    select
        least(t.token_sold_mint, t.token_bought_mint) as token_a,
        greatest(t.token_sold_mint, t.token_bought_mint) as token_b,
        sum(
            case
                when t.token_bought_mint = 'So11111111111111111111111111111111111111112'
                then t.token_bought_amount * coalesce(psol.price_in_usd, 0)
                when t.token_sold_mint = 'So11111111111111111111111111111111111111112'
                then t.token_sold_amount * coalesce(psol.price_in_usd, 0)
                when sb.mint is not null
                then t.token_bought_amount * coalesce(pb.price_in_usd, 0)
                when ss.mint is not null
                then t.token_sold_amount * coalesce(ps.price_in_usd, 0)
                else 0
            end
        ) as volume_usd
    from solana.dex_trades t
    left join stablecoins ss on t.token_sold_mint = ss.mint
    left join stablecoins sb on t.token_bought_mint = sb.mint
    left join solana.token_prices_1m psol on psol.mint = 'So11111111111111111111111111111111111111112'
        and date_trunc('minute', t.block_time) = psol.minute
    left join solana.token_prices_1m pb on t.token_bought_mint = pb.mint
        and date_trunc('minute', t.block_time) = pb.minute
        and pb.mint <> 'FATYxjEcXNYinyoR8SzHBKtzLz8qYRdUaHpxPS7dvirt'
    left join solana.token_prices_1m ps on t.token_sold_mint = ps.mint
        and date_trunc('minute', t.block_time) = ps.minute
        and ps.mint <> 'FATYxjEcXNYinyoR8SzHBKtzLz8qYRdUaHpxPS7dvirt'
    where DATE_TRUNC('month', t.block_date) = DATE('2026-02-01')
      and t.block_date < CURRENT_DATE
      and (t.token_sold_mint = 'So11111111111111111111111111111111111111112'
           or t.token_bought_mint = 'So11111111111111111111111111111111111111112'
           or ss.mint is not null
           or sb.mint is not null)
      and t.pool_address not in (select pool_address from excluded_pools)
    group by 1, 2
),

ranked as (
    select *, row_number() over (order by volume_usd desc) as rn
    from pool_volume
)

select
    DATE('2026-02-01') as month,
    concat(coalesce(fa.symbol, 'UNKNOWN'), '-', coalesce(fb.symbol, 'UNKNOWN')) as pool,
    r.token_a,
    r.token_b,
    round(r.volume_usd, 2) as volume_usd
from ranked r
left join solana.fungible_token_info fa on r.token_a = fa.address
left join solana.fungible_token_info fb on r.token_b = fb.address
where r.rn = 1
': (trino.exceptions.TrinoQueryError) TrinoQueryError(type=INTERNAL_ERROR, name=OPTIMIZER_TIMEOUT, message="The optimizer exhausted the time limit of 180000 ms: Top rules: {
		io.trino.sql.planner.iterative.rule.DetermineJoinDistributionType: 344092 ms, 1 invocations, 1 applications }", query_id=20260310_092151_00640_tt3h2)
[SQL: -- Description: Weekly top 1 pool by volume
-- Volume calculated using only SOL and stablecoin price references

/*
Logic:
- Normalize pool: smaller address first
- Only count trades where at least one side is SOL or stablecoin
- Volume from SOL/stablecoin side only
- Aggregate over the week, rank pools, keep top 1
*/

with excluded_pools as (
    select distinct pool_address
    from orca.whirlpool_config
    where config <> '2LecshUwdy9xi7meFgHtFJQNSKk4KdTrcpvaB56dP2NQ'
),
stablecoins as (
    select mint from (values
        ('EPjFWdd5AufqSSqeM2qN1xzybapC8G4wEGGkZwyTDt1v'),
        ('Es9vMFrzaCERmJfrF4H2FYD4KCoNkY11McCe8BenwNYB'),
        ('2b1kV6DkPAnxd5ixfnxCpjxmKwqjjaYmCZfHsFu24GXo'),
        ('DEkqHyPN7GMRJ5cArtQFAWefqbZb33Hyf6s5iCwjEonT'),
        ('USDSwr9ApdHk5bvJKMjzff41FfuX8bSxdKcR81vTwcA'),
        ('9zNQRsGLjNKwCUU5Gq5LR8beUCPzQMVMqKAi3SSZh54u'),
        ('HzwqbKZw8HxMN6bF2yFZNrht3c2iXXzpKcFu7uBEDKtr'),
        ('susdabGDNbhrnCa6ncrYo81u4s9GM8ecK2UwMyZiq4X'),
        ('AUSD1jCcCyPLybk1YnvPWsHQSrZ46dxwoMniN4N2UEB9'),
        ('2VhjJ9WxaGC3EZFwJG9BDUs9KxKCAjQY4vgd1qxgYWVg'),
        ('A1KLoBrKBde8Ty9qtNQUtq3C2ortoC3u7twggz7sEto6'),
        ('2u1tszSeqZ3qBWF3uNGPFc8TzMk2tdiwknnRMWGWjGWH'),
        ('5H4voZhzySsVvwVYDAKku8MZGuYBC7cXaBKDPW4YHWW1'),
        ('C4Kkr9NZU3VbyedcgutU6LKmi6MKz81sx6gRmk5pX519'),
        ('AhhdRu5YZdjVkKR3wbnUDaymVQL2ucjMQ63sZ3LFHsch'),
        ('9TPL8droGJ7jThsq4momaoz6uhTcvX2SeMqipoPmNa8R'),
        ('Crn4x1Y2HUKko7ox2EZMT6N2t2ZyH7eKtwkBGVnhEq1g'),
        ('FrBfWJ4qE5sCzKm3k3JaAtqZcXUh4LvJygDeketsrsH4'),
        ('AvZZF1YaZDziPY2RCK4oJrRVrbN3mTD9NL24hPeaZeUj'),
        ('6FrrzDk5mQARGc1TDYoyVnSyRdds1t4PbtohCD6p3tgG')
    ) as t(mint)
),

pool_volume as (
    select
        least(t.token_sold_mint, t.token_bought_mint) as token_a,
        greatest(t.token_sold_mint, t.token_bought_mint) as token_b,
        sum(
            case
                when t.token_bought_mint = 'So11111111111111111111111111111111111111112'
                then t.token_bought_amount * coalesce(psol.price_in_usd, 0)
                when t.token_sold_mint = 'So11111111111111111111111111111111111111112'
                then t.token_sold_amount * coalesce(psol.price_in_usd, 0)
                when sb.mint is not null
                then t.token_bought_amount * coalesce(pb.price_in_usd, 0)
                when ss.mint is not null
                then t.token_sold_amount * coalesce(ps.price_in_usd, 0)
                else 0
            end
        ) as volume_usd
    from solana.dex_trades t
    left join stablecoins ss on t.token_sold_mint = ss.mint
    left join stablecoins sb on t.token_bought_mint = sb.mint
    left join solana.token_prices_1m psol on psol.mint = 'So11111111111111111111111111111111111111112'
        and date_trunc('minute', t.block_time) = psol.minute
    left join solana.token_prices_1m pb on t.token_bought_mint = pb.mint
        and date_trunc('minute', t.block_time) = pb.minute
        and pb.mint <> 'FATYxjEcXNYinyoR8SzHBKtzLz8qYRdUaHpxPS7dvirt'
    left join solana.token_prices_1m ps on t.token_sold_mint = ps.mint
        and date_trunc('minute', t.block_time) = ps.minute
        and ps.mint <> 'FATYxjEcXNYinyoR8SzHBKtzLz8qYRdUaHpxPS7dvirt'
    where DATE_TRUNC('month', t.block_date) = DATE('2026-02-01')
      and t.block_date < CURRENT_DATE
      and (t.token_sold_mint = 'So11111111111111111111111111111111111111112'
           or t.token_bought_mint = 'So11111111111111111111111111111111111111112'
           or ss.mint is not null
           or sb.mint is not null)
      and t.pool_address not in (select pool_address from excluded_pools)
    group by 1, 2
),

ranked as (
    select *, row_number() over (order by volume_usd desc) as rn
    from pool_volume
)

select
    DATE('2026-02-01') as month,
    concat(coalesce(fa.symbol, 'UNKNOWN'), '-', coalesce(fb.symbol, 'UNKNOWN')) as pool,
    r.token_a,
    r.token_b,
    round(r.volume_usd, 2) as volume_usd
from ranked r
left join solana.fungible_token_info fa on r.token_a = fa.address
left join solana.fungible_token_info fb on r.token_b = fb.address
where r.rn = 1
]
(Background on this error at: https://sqlalche.me/e/20/dbapi)
   ❌ Error during processing: Execution failed on sql '-- Description: Weekly top 1 pool by volume
-- Volume calculated using only SOL and stablecoin price references

/*
Logic:
- Normalize pool: smaller address first
- Only count trades where at least one side is SOL or stablecoin
- Volume from SOL/stablecoin side only
- Aggregate over the week, rank pools, keep top 1
*/

with excluded_pools as (
    select distinct pool_address
    from orca.whirlpool_config
    where config <> '2LecshUwdy9xi7meFgHtFJQNSKk4KdTrcpvaB56dP2NQ'
),
stablecoins as (
    select mint from (values
        ('EPjFWdd5AufqSSqeM2qN1xzybapC8G4wEGGkZwyTDt1v'),
        ('Es9vMFrzaCERmJfrF4H2FYD4KCoNkY11McCe8BenwNYB'),
        ('2b1kV6DkPAnxd5ixfnxCpjxmKwqjjaYmCZfHsFu24GXo'),
        ('DEkqHyPN7GMRJ5cArtQFAWefqbZb33Hyf6s5iCwjEonT'),
        ('USDSwr9ApdHk5bvJKMjzff41FfuX8bSxdKcR81vTwcA'),
        ('9zNQRsGLjNKwCUU5Gq5LR8beUCPzQMVMqKAi3SSZh54u'),
        ('HzwqbKZw8HxMN6bF2yFZNrht3c2iXXzpKcFu7uBEDKtr'),
        ('susdabGDNbhrnCa6ncrYo81u4s9GM8ecK2UwMyZiq4X'),
        ('AUSD1jCcCyPLybk1YnvPWsHQSrZ46dxwoMniN4N2UEB9'),
        ('2VhjJ9WxaGC3EZFwJG9BDUs9KxKCAjQY4vgd1qxgYWVg'),
        ('A1KLoBrKBde8Ty9qtNQUtq3C2ortoC3u7twggz7sEto6'),
        ('2u1tszSeqZ3qBWF3uNGPFc8TzMk2tdiwknnRMWGWjGWH'),
        ('5H4voZhzySsVvwVYDAKku8MZGuYBC7cXaBKDPW4YHWW1'),
        ('C4Kkr9NZU3VbyedcgutU6LKmi6MKz81sx6gRmk5pX519'),
        ('AhhdRu5YZdjVkKR3wbnUDaymVQL2ucjMQ63sZ3LFHsch'),
        ('9TPL8droGJ7jThsq4momaoz6uhTcvX2SeMqipoPmNa8R'),
        ('Crn4x1Y2HUKko7ox2EZMT6N2t2ZyH7eKtwkBGVnhEq1g'),
        ('FrBfWJ4qE5sCzKm3k3JaAtqZcXUh4LvJygDeketsrsH4'),
        ('AvZZF1YaZDziPY2RCK4oJrRVrbN3mTD9NL24hPeaZeUj'),
        ('6FrrzDk5mQARGc1TDYoyVnSyRdds1t4PbtohCD6p3tgG')
    ) as t(mint)
),

pool_volume as (
    select
        least(t.token_sold_mint, t.token_bought_mint) as token_a,
        greatest(t.token_sold_mint, t.token_bought_mint) as token_b,
        sum(
            case
                when t.token_bought_mint = 'So11111111111111111111111111111111111111112'
                then t.token_bought_amount * coalesce(psol.price_in_usd, 0)
                when t.token_sold_mint = 'So11111111111111111111111111111111111111112'
                then t.token_sold_amount * coalesce(psol.price_in_usd, 0)
                when sb.mint is not null
                then t.token_bought_amount * coalesce(pb.price_in_usd, 0)
                when ss.mint is not null
                then t.token_sold_amount * coalesce(ps.price_in_usd, 0)
                else 0
            end
        ) as volume_usd
    from solana.dex_trades t
    left join stablecoins ss on t.token_sold_mint = ss.mint
    left join stablecoins sb on t.token_bought_mint = sb.mint
    left join solana.token_prices_1m psol on psol.mint = 'So11111111111111111111111111111111111111112'
        and date_trunc('minute', t.block_time) = psol.minute
    left join solana.token_prices_1m pb on t.token_bought_mint = pb.mint
        and date_trunc('minute', t.block_time) = pb.minute
        and pb.mint <> 'FATYxjEcXNYinyoR8SzHBKtzLz8qYRdUaHpxPS7dvirt'
    left join solana.token_prices_1m ps on t.token_sold_mint = ps.mint
        and date_trunc('minute', t.block_time) = ps.minute
        and ps.mint <> 'FATYxjEcXNYinyoR8SzHBKtzLz8qYRdUaHpxPS7dvirt'
    where DATE_TRUNC('month', t.block_date) = DATE('2026-02-01')
      and t.block_date < CURRENT_DATE
      and (t.token_sold_mint = 'So11111111111111111111111111111111111111112'
           or t.token_bought_mint = 'So11111111111111111111111111111111111111112'
           or ss.mint is not null
           or sb.mint is not null)
      and t.pool_address not in (select pool_address from excluded_pools)
    group by 1, 2
),

ranked as (
    select *, row_number() over (order by volume_usd desc) as rn
    from pool_volume
)

select
    DATE('2026-02-01') as month,
    concat(coalesce(fa.symbol, 'UNKNOWN'), '-', coalesce(fb.symbol, 'UNKNOWN')) as pool,
    r.token_a,
    r.token_b,
    round(r.volume_usd, 2) as volume_usd
from ranked r
left join solana.fungible_token_info fa on r.token_a = fa.address
left join solana.fungible_token_info fb on r.token_b = fb.address
where r.rn = 1
': (trino.exceptions.TrinoQueryError) TrinoQueryError(type=INTERNAL_ERROR, name=OPTIMIZER_TIMEOUT, message="The optimizer exhausted the time limit of 180000 ms: Top rules: {
		io.trino.sql.planner.iterative.rule.DetermineJoinDistributionType: 344092 ms, 1 invocations, 1 applications }", query_id=20260310_092151_00640_tt3h2)
[SQL: -- Description: Weekly top 1 pool by volume
-- Volume calculated using only SOL and stablecoin price references

/*
Logic:
- Normalize pool: smaller address first
- Only count trades where at least one side is SOL or stablecoin
- Volume from SOL/stablecoin side only
- Aggregate over the week, rank pools, keep top 1
*/

with excluded_pools as (
    select distinct pool_address
    from orca.whirlpool_config
    where config <> '2LecshUwdy9xi7meFgHtFJQNSKk4KdTrcpvaB56dP2NQ'
),
stablecoins as (
    select mint from (values
        ('EPjFWdd5AufqSSqeM2qN1xzybapC8G4wEGGkZwyTDt1v'),
        ('Es9vMFrzaCERmJfrF4H2FYD4KCoNkY11McCe8BenwNYB'),
        ('2b1kV6DkPAnxd5ixfnxCpjxmKwqjjaYmCZfHsFu24GXo'),
        ('DEkqHyPN7GMRJ5cArtQFAWefqbZb33Hyf6s5iCwjEonT'),
        ('USDSwr9ApdHk5bvJKMjzff41FfuX8bSxdKcR81vTwcA'),
        ('9zNQRsGLjNKwCUU5Gq5LR8beUCPzQMVMqKAi3SSZh54u'),
        ('HzwqbKZw8HxMN6bF2yFZNrht3c2iXXzpKcFu7uBEDKtr'),
        ('susdabGDNbhrnCa6ncrYo81u4s9GM8ecK2UwMyZiq4X'),
        ('AUSD1jCcCyPLybk1YnvPWsHQSrZ46dxwoMniN4N2UEB9'),
        ('2VhjJ9WxaGC3EZFwJG9BDUs9KxKCAjQY4vgd1qxgYWVg'),
        ('A1KLoBrKBde8Ty9qtNQUtq3C2ortoC3u7twggz7sEto6'),
        ('2u1tszSeqZ3qBWF3uNGPFc8TzMk2tdiwknnRMWGWjGWH'),
        ('5H4voZhzySsVvwVYDAKku8MZGuYBC7cXaBKDPW4YHWW1'),
        ('C4Kkr9NZU3VbyedcgutU6LKmi6MKz81sx6gRmk5pX519'),
        ('AhhdRu5YZdjVkKR3wbnUDaymVQL2ucjMQ63sZ3LFHsch'),
        ('9TPL8droGJ7jThsq4momaoz6uhTcvX2SeMqipoPmNa8R'),
        ('Crn4x1Y2HUKko7ox2EZMT6N2t2ZyH7eKtwkBGVnhEq1g'),
        ('FrBfWJ4qE5sCzKm3k3JaAtqZcXUh4LvJygDeketsrsH4'),
        ('AvZZF1YaZDziPY2RCK4oJrRVrbN3mTD9NL24hPeaZeUj'),
        ('6FrrzDk5mQARGc1TDYoyVnSyRdds1t4PbtohCD6p3tgG')
    ) as t(mint)
),

pool_volume as (
    select
        least(t.token_sold_mint, t.token_bought_mint) as token_a,
        greatest(t.token_sold_mint, t.token_bought_mint) as token_b,
        sum(
            case
                when t.token_bought_mint = 'So11111111111111111111111111111111111111112'
                then t.token_bought_amount * coalesce(psol.price_in_usd, 0)
                when t.token_sold_mint = 'So11111111111111111111111111111111111111112'
                then t.token_sold_amount * coalesce(psol.price_in_usd, 0)
                when sb.mint is not null
                then t.token_bought_amount * coalesce(pb.price_in_usd, 0)
                when ss.mint is not null
                then t.token_sold_amount * coalesce(ps.price_in_usd, 0)
                else 0
            end
        ) as volume_usd
    from solana.dex_trades t
    left join stablecoins ss on t.token_sold_mint = ss.mint
    left join stablecoins sb on t.token_bought_mint = sb.mint
    left join solana.token_prices_1m psol on psol.mint = 'So11111111111111111111111111111111111111112'
        and date_trunc('minute', t.block_time) = psol.minute
    left join solana.token_prices_1m pb on t.token_bought_mint = pb.mint
        and date_trunc('minute', t.block_time) = pb.minute
        and pb.mint <> 'FATYxjEcXNYinyoR8SzHBKtzLz8qYRdUaHpxPS7dvirt'
    left join solana.token_prices_1m ps on t.token_sold_mint = ps.mint
        and date_trunc('minute', t.block_time) = ps.minute
        and ps.mint <> 'FATYxjEcXNYinyoR8SzHBKtzLz8qYRdUaHpxPS7dvirt'
    where DATE_TRUNC('month', t.block_date) = DATE('2026-02-01')
      and t.block_date < CURRENT_DATE
      and (t.token_sold_mint = 'So11111111111111111111111111111111111111112'
           or t.token_bought_mint = 'So11111111111111111111111111111111111111112'
           or ss.mint is not null
           or sb.mint is not null)
      and t.pool_address not in (select pool_address from excluded_pools)
    group by 1, 2
),

ranked as (
    select *, row_number() over (order by volume_usd desc) as rn
    from pool_volume
)

select
    DATE('2026-02-01') as month,
    concat(coalesce(fa.symbol, 'UNKNOWN'), '-', coalesce(fb.symbol, 'UNKNOWN')) as pool,
    r.token_a,
    r.token_b,
    round(r.volume_usd, 2) as volume_usd
from ranked r
left join solana.fungible_token_info fa on r.token_a = fa.address
left join solana.fungible_token_info fb on r.token_b = fb.address
where r.rn = 1
]
(Background on this error at: https://sqlalche.me/e/20/dbapi)
   ℹ️  Partial data saved via checkpoints: 1 rows
⚠️  Job #353 PARTIALLY SUCCESSFUL: 1 rows saved

⏳ No pending jobs. Waiting 10s... (processed 9 jobs so far)

⏳ No pending jobs. Waiting 10s... (processed 9 jobs so far)

⏳ No pending jobs. Waiting 10s... (processed 9 jobs so far)

⏳ No pending jobs. Waiting 10s... (processed 9 jobs so far)

⏳ No pending jobs. Waiting 10s... (processed 9 jobs so far)

⏳ No pending jobs. Waiting 10s... (processed 9 jobs so far)

⏳ No pending jobs. Waiting 10s... (processed 9 jobs so far)

⏳ No pending jobs. Waiting 10s... (processed 9 jobs so far)

⏳ No pending jobs. Waiting 10s... (processed 9 jobs so far)

⏳ No pending jobs. Waiting 10s... (processed 9 jobs so far)

⏳ No pending jobs. Waiting 10s... (processed 9 jobs so far)

⏳ No pending jobs. Waiting 10s... (processed 9 jobs so far)

⏳ No pending jobs. Waiting 10s... (processed 9 jobs so far)

⏳ No pending jobs. Waiting 10s... (processed 9 jobs so far)

⏳ No pending jobs. Waiting 10s... (processed 9 jobs so far)

⏳ No pending jobs. Waiting 10s... (processed 9 jobs so far)

⏳ No pending jobs. Waiting 10s... (processed 9 jobs so far)

⏳ No pending jobs. Waiting 10s... (processed 9 jobs so far)

⏳ No pending jobs. Waiting 10s... (processed 9 jobs so far)

⏳ No pending jobs. Waiting 10s... (processed 9 jobs so far)

⏳ No pending jobs. Waiting 10s... (processed 9 jobs so far)

⏳ No pending jobs. Waiting 10s... (processed 9 jobs so far)

⏳ No pending jobs. Waiting 10s... (processed 9 jobs so far)

⏳ No pending jobs. Waiting 10s... (processed 9 jobs so far)

⏳ No pending jobs. Waiting 10s... (processed 9 jobs so far)

⏳ No pending jobs. Waiting 10s... (processed 9 jobs so far)

⏳ No pending jobs. Waiting 10s... (processed 9 jobs so far)

🔄 Processing job #349 (backfill) - attempt 2/3
   SQL hash: 73fce63b2b2a283fe426b1260e8c9118
   📅 Backfill (resume): existing 3 rows (3 months), 12 missing months
   🔧 Filling 12 missing months...
      Fetching 2025-12-01 (1/12)... ✅ 1 rows 💾
      Fetching 2025-11-01 (2/12)... ✅ 1 rows 💾
      Fetching 2025-10-01 (3/12)... ❌ Error: Execution failed on sql '-- Description: Weekly top 1 token pair by volume
-- Volume calculated using only SOL and stablecoin price references

/*
Logic:
- Normalize pair: smaller address first
- Only count trades where at least one side is SOL or stablecoin
- Volume from SOL/stablecoin side only
- Aggregate over the week, rank pairs, keep top 1
*/

WITH excluded_pools AS (
    SELECT DISTINCT pool_address
    FROM orca.whirlpool_config
    WHERE config <> '2LecshUwdy9xi7meFgHtFJQNSKk4KdTrcpvaB56dP2NQ'
),
stablecoins AS (
    SELECT mint FROM (VALUES
        ('EPjFWdd5AufqSSqeM2qN1xzybapC8G4wEGGkZwyTDt1v'),
        ('Es9vMFrzaCERmJfrF4H2FYD4KCoNkY11McCe8BenwNYB'),
        ('2b1kV6DkPAnxd5ixfnxCpjxmKwqjjaYmCZfHsFu24GXo'),
        ('DEkqHyPN7GMRJ5cArtQFAWefqbZb33Hyf6s5iCwjEonT'),
        ('USDSwr9ApdHk5bvJKMjzff41FfuX8bSxdKcR81vTwcA'),
        ('9zNQRsGLjNKwCUU5Gq5LR8beUCPzQMVMqKAi3SSZh54u'),
        ('HzwqbKZw8HxMN6bF2yFZNrht3c2iXXzpKcFu7uBEDKtr'),
        ('susdabGDNbhrnCa6ncrYo81u4s9GM8ecK2UwMyZiq4X'),
        ('AUSD1jCcCyPLybk1YnvPWsHQSrZ46dxwoMniN4N2UEB9'),
        ('2VhjJ9WxaGC3EZFwJG9BDUs9KxKCAjQY4vgd1qxgYWVg'),
        ('A1KLoBrKBde8Ty9qtNQUtq3C2ortoC3u7twggz7sEto6'),
        ('2u1tszSeqZ3qBWF3uNGPFc8TzMk2tdiwknnRMWGWjGWH'),
        ('5H4voZhzySsVvwVYDAKku8MZGuYBC7cXaBKDPW4YHWW1'),
        ('C4Kkr9NZU3VbyedcgutU6LKmi6MKz81sx6gRmk5pX519'),
        ('AhhdRu5YZdjVkKR3wbnUDaymVQL2ucjMQ63sZ3LFHsch'),
        ('9TPL8droGJ7jThsq4momaoz6uhTcvX2SeMqipoPmNa8R'),
        ('Crn4x1Y2HUKko7ox2EZMT6N2t2ZyH7eKtwkBGVnhEq1g'),
        ('FrBfWJ4qE5sCzKm3k3JaAtqZcXUh4LvJygDeketsrsH4'),
        ('AvZZF1YaZDziPY2RCK4oJrRVrbN3mTD9NL24hPeaZeUj'),
        ('6FrrzDk5mQARGc1TDYoyVnSyRdds1t4PbtohCD6p3tgG'),
        ('USD1ttGY1N17NEEHLmELoaybftRBUSErhqYiQzvEmuB')
    ) AS t(mint)
),
pair_volumes AS (
    SELECT 
        LEAST(t.token_sold_mint, t.token_bought_mint) as token_a,
        GREATEST(t.token_sold_mint, t.token_bought_mint) as token_b,
        SUM(
            CASE
                WHEN t.token_bought_mint = 'So11111111111111111111111111111111111111112'
                THEN t.token_bought_amount * COALESCE(psol.price_in_usd, 0)
                WHEN t.token_sold_mint = 'So11111111111111111111111111111111111111112'
                THEN t.token_sold_amount * COALESCE(psol.price_in_usd, 0)
                WHEN sb.mint IS NOT NULL
                THEN t.token_bought_amount * COALESCE(pb.price_in_usd, 0)
                WHEN ss.mint IS NOT NULL
                THEN t.token_sold_amount * COALESCE(ps.price_in_usd, 0)
                ELSE 0
            END
        ) as volume_usd
    FROM solana.dex_trades t
    LEFT JOIN stablecoins ss ON t.token_sold_mint = ss.mint
    LEFT JOIN stablecoins sb ON t.token_bought_mint = sb.mint
    LEFT JOIN solana.token_prices_1m psol ON psol.mint = 'So11111111111111111111111111111111111111112'
        AND DATE_TRUNC('minute', t.block_time) = psol.minute
    LEFT JOIN solana.token_prices_1m pb ON t.token_bought_mint = pb.mint
        AND DATE_TRUNC('minute', t.block_time) = pb.minute
        AND pb.mint <> 'FATYxjEcXNYinyoR8SzHBKtzLz8qYRdUaHpxPS7dvirt'
    LEFT JOIN solana.token_prices_1m ps ON t.token_sold_mint = ps.mint
        AND DATE_TRUNC('minute', t.block_time) = ps.minute
        AND ps.mint <> 'FATYxjEcXNYinyoR8SzHBKtzLz8qYRdUaHpxPS7dvirt'
    WHERE DATE_TRUNC('month', t.block_date) = DATE('2025-10-01')
      AND t.block_date < CURRENT_DATE
      AND (t.token_sold_mint = 'So11111111111111111111111111111111111111112'
           OR t.token_bought_mint = 'So11111111111111111111111111111111111111112'
           OR ss.mint IS NOT NULL
           OR sb.mint IS NOT NULL)
      AND NOT (
          (t.token_sold_mint = 'So11111111111111111111111111111111111111112' OR ss.mint IS NOT NULL)
          AND (t.token_bought_mint = 'So11111111111111111111111111111111111111112' OR sb.mint IS NOT NULL)
      )
      AND t.pool_address NOT IN (SELECT pool_address FROM excluded_pools)
    GROUP BY 1, 2
),
ranked AS (
    SELECT *, ROW_NUMBER() OVER (ORDER BY volume_usd DESC) as rn
    FROM pair_volumes
)

SELECT 
    DATE('2025-10-01') as month,
    CONCAT(COALESCE(fa.symbol, 'UNKNOWN'), '-', COALESCE(fb.symbol, 'UNKNOWN')) as pair,
    r.token_a,
    r.token_b,
    ROUND(r.volume_usd, 2) as volume_usd
FROM ranked r
LEFT JOIN solana.fungible_token_info fa ON r.token_a = fa.address
LEFT JOIN solana.fungible_token_info fb ON r.token_b = fb.address
WHERE r.rn = 1

 LIMIT 10000': (trino.exceptions.TrinoQueryError) TrinoQueryError(type=INTERNAL_ERROR, name=OPTIMIZER_TIMEOUT, message="The optimizer exhausted the time limit of 180000 ms: Top rules: {
		io.trino.sql.planner.iterative.rule.DetermineJoinDistributionType: 327776 ms, 1 invocations, 1 applications }", query_id=20260310_094050_00656_tt3h2)
[SQL: -- Description: Weekly top 1 token pair by volume
-- Volume calculated using only SOL and stablecoin price references

/*
Logic:
- Normalize pair: smaller address first
- Only count trades where at least one side is SOL or stablecoin
- Volume from SOL/stablecoin side only
- Aggregate over the week, rank pairs, keep top 1
*/

WITH excluded_pools AS (
    SELECT DISTINCT pool_address
    FROM orca.whirlpool_config
    WHERE config <> '2LecshUwdy9xi7meFgHtFJQNSKk4KdTrcpvaB56dP2NQ'
),
stablecoins AS (
    SELECT mint FROM (VALUES
        ('EPjFWdd5AufqSSqeM2qN1xzybapC8G4wEGGkZwyTDt1v'),
        ('Es9vMFrzaCERmJfrF4H2FYD4KCoNkY11McCe8BenwNYB'),
        ('2b1kV6DkPAnxd5ixfnxCpjxmKwqjjaYmCZfHsFu24GXo'),
        ('DEkqHyPN7GMRJ5cArtQFAWefqbZb33Hyf6s5iCwjEonT'),
        ('USDSwr9ApdHk5bvJKMjzff41FfuX8bSxdKcR81vTwcA'),
        ('9zNQRsGLjNKwCUU5Gq5LR8beUCPzQMVMqKAi3SSZh54u'),
        ('HzwqbKZw8HxMN6bF2yFZNrht3c2iXXzpKcFu7uBEDKtr'),
        ('susdabGDNbhrnCa6ncrYo81u4s9GM8ecK2UwMyZiq4X'),
        ('AUSD1jCcCyPLybk1YnvPWsHQSrZ46dxwoMniN4N2UEB9'),
        ('2VhjJ9WxaGC3EZFwJG9BDUs9KxKCAjQY4vgd1qxgYWVg'),
        ('A1KLoBrKBde8Ty9qtNQUtq3C2ortoC3u7twggz7sEto6'),
        ('2u1tszSeqZ3qBWF3uNGPFc8TzMk2tdiwknnRMWGWjGWH'),
        ('5H4voZhzySsVvwVYDAKku8MZGuYBC7cXaBKDPW4YHWW1'),
        ('C4Kkr9NZU3VbyedcgutU6LKmi6MKz81sx6gRmk5pX519'),
        ('AhhdRu5YZdjVkKR3wbnUDaymVQL2ucjMQ63sZ3LFHsch'),
        ('9TPL8droGJ7jThsq4momaoz6uhTcvX2SeMqipoPmNa8R'),
        ('Crn4x1Y2HUKko7ox2EZMT6N2t2ZyH7eKtwkBGVnhEq1g'),
        ('FrBfWJ4qE5sCzKm3k3JaAtqZcXUh4LvJygDeketsrsH4'),
        ('AvZZF1YaZDziPY2RCK4oJrRVrbN3mTD9NL24hPeaZeUj'),
        ('6FrrzDk5mQARGc1TDYoyVnSyRdds1t4PbtohCD6p3tgG'),
        ('USD1ttGY1N17NEEHLmELoaybftRBUSErhqYiQzvEmuB')
    ) AS t(mint)
),
pair_volumes AS (
    SELECT 
        LEAST(t.token_sold_mint, t.token_bought_mint) as token_a,
        GREATEST(t.token_sold_mint, t.token_bought_mint) as token_b,
        SUM(
            CASE
                WHEN t.token_bought_mint = 'So11111111111111111111111111111111111111112'
                THEN t.token_bought_amount * COALESCE(psol.price_in_usd, 0)
                WHEN t.token_sold_mint = 'So11111111111111111111111111111111111111112'
                THEN t.token_sold_amount * COALESCE(psol.price_in_usd, 0)
                WHEN sb.mint IS NOT NULL
                THEN t.token_bought_amount * COALESCE(pb.price_in_usd, 0)
                WHEN ss.mint IS NOT NULL
                THEN t.token_sold_amount * COALESCE(ps.price_in_usd, 0)
                ELSE 0
            END
        ) as volume_usd
    FROM solana.dex_trades t
    LEFT JOIN stablecoins ss ON t.token_sold_mint = ss.mint
    LEFT JOIN stablecoins sb ON t.token_bought_mint = sb.mint
    LEFT JOIN solana.token_prices_1m psol ON psol.mint = 'So11111111111111111111111111111111111111112'
        AND DATE_TRUNC('minute', t.block_time) = psol.minute
    LEFT JOIN solana.token_prices_1m pb ON t.token_bought_mint = pb.mint
        AND DATE_TRUNC('minute', t.block_time) = pb.minute
        AND pb.mint <> 'FATYxjEcXNYinyoR8SzHBKtzLz8qYRdUaHpxPS7dvirt'
    LEFT JOIN solana.token_prices_1m ps ON t.token_sold_mint = ps.mint
        AND DATE_TRUNC('minute', t.block_time) = ps.minute
        AND ps.mint <> 'FATYxjEcXNYinyoR8SzHBKtzLz8qYRdUaHpxPS7dvirt'
    WHERE DATE_TRUNC('month', t.block_date) = DATE('2025-10-01')
      AND t.block_date < CURRENT_DATE
      AND (t.token_sold_mint = 'So11111111111111111111111111111111111111112'
           OR t.token_bought_mint = 'So11111111111111111111111111111111111111112'
           OR ss.mint IS NOT NULL
           OR sb.mint IS NOT NULL)
      AND NOT (
          (t.token_sold_mint = 'So11111111111111111111111111111111111111112' OR ss.mint IS NOT NULL)
          AND (t.token_bought_mint = 'So11111111111111111111111111111111111111112' OR sb.mint IS NOT NULL)
      )
      AND t.pool_address NOT IN (SELECT pool_address FROM excluded_pools)
    GROUP BY 1, 2
),
ranked AS (
    SELECT *, ROW_NUMBER() OVER (ORDER BY volume_usd DESC) as rn
    FROM pair_volumes
)

SELECT 
    DATE('2025-10-01') as month,
    CONCAT(COALESCE(fa.symbol, 'UNKNOWN'), '-', COALESCE(fb.symbol, 'UNKNOWN')) as pair,
    r.token_a,
    r.token_b,
    ROUND(r.volume_usd, 2) as volume_usd
FROM ranked r
LEFT JOIN solana.fungible_token_info fa ON r.token_a = fa.address
LEFT JOIN solana.fungible_token_info fb ON r.token_b = fb.address
WHERE r.rn = 1

 LIMIT 10000]
(Background on this error at: https://sqlalche.me/e/20/dbapi)
      Fetching 2025-09-01 (4/12)... ✅ 1 rows 💾
      Fetching 2025-08-01 (5/12)... ✅ 1 rows 💾
      Fetching 2025-07-01 (6/12)... ✅ 1 rows 💾
      Fetching 2025-06-01 (7/12)... ✅ 1 rows 💾
      Fetching 2025-05-01 (8/12)... ❌ Error: Execution failed on sql '-- Description: Weekly top 1 token pair by volume
-- Volume calculated using only SOL and stablecoin price references

/*
Logic:
- Normalize pair: smaller address first
- Only count trades where at least one side is SOL or stablecoin
- Volume from SOL/stablecoin side only
- Aggregate over the week, rank pairs, keep top 1
*/

WITH excluded_pools AS (
    SELECT DISTINCT pool_address
    FROM orca.whirlpool_config
    WHERE config <> '2LecshUwdy9xi7meFgHtFJQNSKk4KdTrcpvaB56dP2NQ'
),
stablecoins AS (
    SELECT mint FROM (VALUES
        ('EPjFWdd5AufqSSqeM2qN1xzybapC8G4wEGGkZwyTDt1v'),
        ('Es9vMFrzaCERmJfrF4H2FYD4KCoNkY11McCe8BenwNYB'),
        ('2b1kV6DkPAnxd5ixfnxCpjxmKwqjjaYmCZfHsFu24GXo'),
        ('DEkqHyPN7GMRJ5cArtQFAWefqbZb33Hyf6s5iCwjEonT'),
        ('USDSwr9ApdHk5bvJKMjzff41FfuX8bSxdKcR81vTwcA'),
        ('9zNQRsGLjNKwCUU5Gq5LR8beUCPzQMVMqKAi3SSZh54u'),
        ('HzwqbKZw8HxMN6bF2yFZNrht3c2iXXzpKcFu7uBEDKtr'),
        ('susdabGDNbhrnCa6ncrYo81u4s9GM8ecK2UwMyZiq4X'),
        ('AUSD1jCcCyPLybk1YnvPWsHQSrZ46dxwoMniN4N2UEB9'),
        ('2VhjJ9WxaGC3EZFwJG9BDUs9KxKCAjQY4vgd1qxgYWVg'),
        ('A1KLoBrKBde8Ty9qtNQUtq3C2ortoC3u7twggz7sEto6'),
        ('2u1tszSeqZ3qBWF3uNGPFc8TzMk2tdiwknnRMWGWjGWH'),
        ('5H4voZhzySsVvwVYDAKku8MZGuYBC7cXaBKDPW4YHWW1'),
        ('C4Kkr9NZU3VbyedcgutU6LKmi6MKz81sx6gRmk5pX519'),
        ('AhhdRu5YZdjVkKR3wbnUDaymVQL2ucjMQ63sZ3LFHsch'),
        ('9TPL8droGJ7jThsq4momaoz6uhTcvX2SeMqipoPmNa8R'),
        ('Crn4x1Y2HUKko7ox2EZMT6N2t2ZyH7eKtwkBGVnhEq1g'),
        ('FrBfWJ4qE5sCzKm3k3JaAtqZcXUh4LvJygDeketsrsH4'),
        ('AvZZF1YaZDziPY2RCK4oJrRVrbN3mTD9NL24hPeaZeUj'),
        ('6FrrzDk5mQARGc1TDYoyVnSyRdds1t4PbtohCD6p3tgG'),
        ('USD1ttGY1N17NEEHLmELoaybftRBUSErhqYiQzvEmuB')
    ) AS t(mint)
),
pair_volumes AS (
    SELECT 
        LEAST(t.token_sold_mint, t.token_bought_mint) as token_a,
        GREATEST(t.token_sold_mint, t.token_bought_mint) as token_b,
        SUM(
            CASE
                WHEN t.token_bought_mint = 'So11111111111111111111111111111111111111112'
                THEN t.token_bought_amount * COALESCE(psol.price_in_usd, 0)
                WHEN t.token_sold_mint = 'So11111111111111111111111111111111111111112'
                THEN t.token_sold_amount * COALESCE(psol.price_in_usd, 0)
                WHEN sb.mint IS NOT NULL
                THEN t.token_bought_amount * COALESCE(pb.price_in_usd, 0)
                WHEN ss.mint IS NOT NULL
                THEN t.token_sold_amount * COALESCE(ps.price_in_usd, 0)
                ELSE 0
            END
        ) as volume_usd
    FROM solana.dex_trades t
    LEFT JOIN stablecoins ss ON t.token_sold_mint = ss.mint
    LEFT JOIN stablecoins sb ON t.token_bought_mint = sb.mint
    LEFT JOIN solana.token_prices_1m psol ON psol.mint = 'So11111111111111111111111111111111111111112'
        AND DATE_TRUNC('minute', t.block_time) = psol.minute
    LEFT JOIN solana.token_prices_1m pb ON t.token_bought_mint = pb.mint
        AND DATE_TRUNC('minute', t.block_time) = pb.minute
        AND pb.mint <> 'FATYxjEcXNYinyoR8SzHBKtzLz8qYRdUaHpxPS7dvirt'
    LEFT JOIN solana.token_prices_1m ps ON t.token_sold_mint = ps.mint
        AND DATE_TRUNC('minute', t.block_time) = ps.minute
        AND ps.mint <> 'FATYxjEcXNYinyoR8SzHBKtzLz8qYRdUaHpxPS7dvirt'
    WHERE DATE_TRUNC('month', t.block_date) = DATE('2025-05-01')
      AND t.block_date < CURRENT_DATE
      AND (t.token_sold_mint = 'So11111111111111111111111111111111111111112'
           OR t.token_bought_mint = 'So11111111111111111111111111111111111111112'
           OR ss.mint IS NOT NULL
           OR sb.mint IS NOT NULL)
      AND NOT (
          (t.token_sold_mint = 'So11111111111111111111111111111111111111112' OR ss.mint IS NOT NULL)
          AND (t.token_bought_mint = 'So11111111111111111111111111111111111111112' OR sb.mint IS NOT NULL)
      )
      AND t.pool_address NOT IN (SELECT pool_address FROM excluded_pools)
    GROUP BY 1, 2
),
ranked AS (
    SELECT *, ROW_NUMBER() OVER (ORDER BY volume_usd DESC) as rn
    FROM pair_volumes
)

SELECT 
    DATE('2025-05-01') as month,
    CONCAT(COALESCE(fa.symbol, 'UNKNOWN'), '-', COALESCE(fb.symbol, 'UNKNOWN')) as pair,
    r.token_a,
    r.token_b,
    ROUND(r.volume_usd, 2) as volume_usd
FROM ranked r
LEFT JOIN solana.fungible_token_info fa ON r.token_a = fa.address
LEFT JOIN solana.fungible_token_info fb ON r.token_b = fb.address
WHERE r.rn = 1

 LIMIT 10000': (trino.exceptions.TrinoExternalError) TrinoExternalError(type=EXTERNAL, name=ICEBERG_CANNOT_OPEN_SPLIT, message="Error opening Iceberg split s3://iceberg-warehouse/solana/fungible_token_info/data/00000-0-b964c846-61c8-4830-a5b4-e40eca4fb634.parquet (offset=4, length=387950): Failed to open S3 file: s3://iceberg-warehouse/solana/fungible_token_info/data/00000-0-b964c846-61c8-4830-a5b4-e40eca4fb634.parquet", query_id=20260310_095301_00669_tt3h2)
[SQL: -- Description: Weekly top 1 token pair by volume
-- Volume calculated using only SOL and stablecoin price references

/*
Logic:
- Normalize pair: smaller address first
- Only count trades where at least one side is SOL or stablecoin
- Volume from SOL/stablecoin side only
- Aggregate over the week, rank pairs, keep top 1
*/

WITH excluded_pools AS (
    SELECT DISTINCT pool_address
    FROM orca.whirlpool_config
    WHERE config <> '2LecshUwdy9xi7meFgHtFJQNSKk4KdTrcpvaB56dP2NQ'
),
stablecoins AS (
    SELECT mint FROM (VALUES
        ('EPjFWdd5AufqSSqeM2qN1xzybapC8G4wEGGkZwyTDt1v'),
        ('Es9vMFrzaCERmJfrF4H2FYD4KCoNkY11McCe8BenwNYB'),
        ('2b1kV6DkPAnxd5ixfnxCpjxmKwqjjaYmCZfHsFu24GXo'),
        ('DEkqHyPN7GMRJ5cArtQFAWefqbZb33Hyf6s5iCwjEonT'),
        ('USDSwr9ApdHk5bvJKMjzff41FfuX8bSxdKcR81vTwcA'),
        ('9zNQRsGLjNKwCUU5Gq5LR8beUCPzQMVMqKAi3SSZh54u'),
        ('HzwqbKZw8HxMN6bF2yFZNrht3c2iXXzpKcFu7uBEDKtr'),
        ('susdabGDNbhrnCa6ncrYo81u4s9GM8ecK2UwMyZiq4X'),
        ('AUSD1jCcCyPLybk1YnvPWsHQSrZ46dxwoMniN4N2UEB9'),
        ('2VhjJ9WxaGC3EZFwJG9BDUs9KxKCAjQY4vgd1qxgYWVg'),
        ('A1KLoBrKBde8Ty9qtNQUtq3C2ortoC3u7twggz7sEto6'),
        ('2u1tszSeqZ3qBWF3uNGPFc8TzMk2tdiwknnRMWGWjGWH'),
        ('5H4voZhzySsVvwVYDAKku8MZGuYBC7cXaBKDPW4YHWW1'),
        ('C4Kkr9NZU3VbyedcgutU6LKmi6MKz81sx6gRmk5pX519'),
        ('AhhdRu5YZdjVkKR3wbnUDaymVQL2ucjMQ63sZ3LFHsch'),
        ('9TPL8droGJ7jThsq4momaoz6uhTcvX2SeMqipoPmNa8R'),
        ('Crn4x1Y2HUKko7ox2EZMT6N2t2ZyH7eKtwkBGVnhEq1g'),
        ('FrBfWJ4qE5sCzKm3k3JaAtqZcXUh4LvJygDeketsrsH4'),
        ('AvZZF1YaZDziPY2RCK4oJrRVrbN3mTD9NL24hPeaZeUj'),
        ('6FrrzDk5mQARGc1TDYoyVnSyRdds1t4PbtohCD6p3tgG'),
        ('USD1ttGY1N17NEEHLmELoaybftRBUSErhqYiQzvEmuB')
    ) AS t(mint)
),
pair_volumes AS (
    SELECT 
        LEAST(t.token_sold_mint, t.token_bought_mint) as token_a,
        GREATEST(t.token_sold_mint, t.token_bought_mint) as token_b,
        SUM(
            CASE
                WHEN t.token_bought_mint = 'So11111111111111111111111111111111111111112'
                THEN t.token_bought_amount * COALESCE(psol.price_in_usd, 0)
                WHEN t.token_sold_mint = 'So11111111111111111111111111111111111111112'
                THEN t.token_sold_amount * COALESCE(psol.price_in_usd, 0)
                WHEN sb.mint IS NOT NULL
                THEN t.token_bought_amount * COALESCE(pb.price_in_usd, 0)
                WHEN ss.mint IS NOT NULL
                THEN t.token_sold_amount * COALESCE(ps.price_in_usd, 0)
                ELSE 0
            END
        ) as volume_usd
    FROM solana.dex_trades t
    LEFT JOIN stablecoins ss ON t.token_sold_mint = ss.mint
    LEFT JOIN stablecoins sb ON t.token_bought_mint = sb.mint
    LEFT JOIN solana.token_prices_1m psol ON psol.mint = 'So11111111111111111111111111111111111111112'
        AND DATE_TRUNC('minute', t.block_time) = psol.minute
    LEFT JOIN solana.token_prices_1m pb ON t.token_bought_mint = pb.mint
        AND DATE_TRUNC('minute', t.block_time) = pb.minute
        AND pb.mint <> 'FATYxjEcXNYinyoR8SzHBKtzLz8qYRdUaHpxPS7dvirt'
    LEFT JOIN solana.token_prices_1m ps ON t.token_sold_mint = ps.mint
        AND DATE_TRUNC('minute', t.block_time) = ps.minute
        AND ps.mint <> 'FATYxjEcXNYinyoR8SzHBKtzLz8qYRdUaHpxPS7dvirt'
    WHERE DATE_TRUNC('month', t.block_date) = DATE('2025-05-01')
      AND t.block_date < CURRENT_DATE
      AND (t.token_sold_mint = 'So11111111111111111111111111111111111111112'
           OR t.token_bought_mint = 'So11111111111111111111111111111111111111112'
           OR ss.mint IS NOT NULL
           OR sb.mint IS NOT NULL)
      AND NOT (
          (t.token_sold_mint = 'So11111111111111111111111111111111111111112' OR ss.mint IS NOT NULL)
          AND (t.token_bought_mint = 'So11111111111111111111111111111111111111112' OR sb.mint IS NOT NULL)
      )
      AND t.pool_address NOT IN (SELECT pool_address FROM excluded_pools)
    GROUP BY 1, 2
),
ranked AS (
    SELECT *, ROW_NUMBER() OVER (ORDER BY volume_usd DESC) as rn
    FROM pair_volumes
)

SELECT 
    DATE('2025-05-01') as month,
    CONCAT(COALESCE(fa.symbol, 'UNKNOWN'), '-', COALESCE(fb.symbol, 'UNKNOWN')) as pair,
    r.token_a,
    r.token_b,
    ROUND(r.volume_usd, 2) as volume_usd
FROM ranked r
LEFT JOIN solana.fungible_token_info fa ON r.token_a = fa.address
LEFT JOIN solana.fungible_token_info fb ON r.token_b = fb.address
WHERE r.rn = 1

 LIMIT 10000]
(Background on this error at: https://sqlalche.me/e/20/e3q8)
      Fetching 2025-04-01 (9/12)... ❌ Error: Execution failed on sql '-- Description: Weekly top 1 token pair by volume
-- Volume calculated using only SOL and stablecoin price references

/*
Logic:
- Normalize pair: smaller address first
- Only count trades where at least one side is SOL or stablecoin
- Volume from SOL/stablecoin side only
- Aggregate over the week, rank pairs, keep top 1
*/

WITH excluded_pools AS (
    SELECT DISTINCT pool_address
    FROM orca.whirlpool_config
    WHERE config <> '2LecshUwdy9xi7meFgHtFJQNSKk4KdTrcpvaB56dP2NQ'
),
stablecoins AS (
    SELECT mint FROM (VALUES
        ('EPjFWdd5AufqSSqeM2qN1xzybapC8G4wEGGkZwyTDt1v'),
        ('Es9vMFrzaCERmJfrF4H2FYD4KCoNkY11McCe8BenwNYB'),
        ('2b1kV6DkPAnxd5ixfnxCpjxmKwqjjaYmCZfHsFu24GXo'),
        ('DEkqHyPN7GMRJ5cArtQFAWefqbZb33Hyf6s5iCwjEonT'),
        ('USDSwr9ApdHk5bvJKMjzff41FfuX8bSxdKcR81vTwcA'),
        ('9zNQRsGLjNKwCUU5Gq5LR8beUCPzQMVMqKAi3SSZh54u'),
        ('HzwqbKZw8HxMN6bF2yFZNrht3c2iXXzpKcFu7uBEDKtr'),
        ('susdabGDNbhrnCa6ncrYo81u4s9GM8ecK2UwMyZiq4X'),
        ('AUSD1jCcCyPLybk1YnvPWsHQSrZ46dxwoMniN4N2UEB9'),
        ('2VhjJ9WxaGC3EZFwJG9BDUs9KxKCAjQY4vgd1qxgYWVg'),
        ('A1KLoBrKBde8Ty9qtNQUtq3C2ortoC3u7twggz7sEto6'),
        ('2u1tszSeqZ3qBWF3uNGPFc8TzMk2tdiwknnRMWGWjGWH'),
        ('5H4voZhzySsVvwVYDAKku8MZGuYBC7cXaBKDPW4YHWW1'),
        ('C4Kkr9NZU3VbyedcgutU6LKmi6MKz81sx6gRmk5pX519'),
        ('AhhdRu5YZdjVkKR3wbnUDaymVQL2ucjMQ63sZ3LFHsch'),
        ('9TPL8droGJ7jThsq4momaoz6uhTcvX2SeMqipoPmNa8R'),
        ('Crn4x1Y2HUKko7ox2EZMT6N2t2ZyH7eKtwkBGVnhEq1g'),
        ('FrBfWJ4qE5sCzKm3k3JaAtqZcXUh4LvJygDeketsrsH4'),
        ('AvZZF1YaZDziPY2RCK4oJrRVrbN3mTD9NL24hPeaZeUj'),
        ('6FrrzDk5mQARGc1TDYoyVnSyRdds1t4PbtohCD6p3tgG'),
        ('USD1ttGY1N17NEEHLmELoaybftRBUSErhqYiQzvEmuB')
    ) AS t(mint)
),
pair_volumes AS (
    SELECT 
        LEAST(t.token_sold_mint, t.token_bought_mint) as token_a,
        GREATEST(t.token_sold_mint, t.token_bought_mint) as token_b,
        SUM(
            CASE
                WHEN t.token_bought_mint = 'So11111111111111111111111111111111111111112'
                THEN t.token_bought_amount * COALESCE(psol.price_in_usd, 0)
                WHEN t.token_sold_mint = 'So11111111111111111111111111111111111111112'
                THEN t.token_sold_amount * COALESCE(psol.price_in_usd, 0)
                WHEN sb.mint IS NOT NULL
                THEN t.token_bought_amount * COALESCE(pb.price_in_usd, 0)
                WHEN ss.mint IS NOT NULL
                THEN t.token_sold_amount * COALESCE(ps.price_in_usd, 0)
                ELSE 0
            END
        ) as volume_usd
    FROM solana.dex_trades t
    LEFT JOIN stablecoins ss ON t.token_sold_mint = ss.mint
    LEFT JOIN stablecoins sb ON t.token_bought_mint = sb.mint
    LEFT JOIN solana.token_prices_1m psol ON psol.mint = 'So11111111111111111111111111111111111111112'
        AND DATE_TRUNC('minute', t.block_time) = psol.minute
    LEFT JOIN solana.token_prices_1m pb ON t.token_bought_mint = pb.mint
        AND DATE_TRUNC('minute', t.block_time) = pb.minute
        AND pb.mint <> 'FATYxjEcXNYinyoR8SzHBKtzLz8qYRdUaHpxPS7dvirt'
    LEFT JOIN solana.token_prices_1m ps ON t.token_sold_mint = ps.mint
        AND DATE_TRUNC('minute', t.block_time) = ps.minute
        AND ps.mint <> 'FATYxjEcXNYinyoR8SzHBKtzLz8qYRdUaHpxPS7dvirt'
    WHERE DATE_TRUNC('month', t.block_date) = DATE('2025-04-01')
      AND t.block_date < CURRENT_DATE
      AND (t.token_sold_mint = 'So11111111111111111111111111111111111111112'
           OR t.token_bought_mint = 'So11111111111111111111111111111111111111112'
           OR ss.mint IS NOT NULL
           OR sb.mint IS NOT NULL)
      AND NOT (
          (t.token_sold_mint = 'So11111111111111111111111111111111111111112' OR ss.mint IS NOT NULL)
          AND (t.token_bought_mint = 'So11111111111111111111111111111111111111112' OR sb.mint IS NOT NULL)
      )
      AND t.pool_address NOT IN (SELECT pool_address FROM excluded_pools)
    GROUP BY 1, 2
),
ranked AS (
    SELECT *, ROW_NUMBER() OVER (ORDER BY volume_usd DESC) as rn
    FROM pair_volumes
)

SELECT 
    DATE('2025-04-01') as month,
    CONCAT(COALESCE(fa.symbol, 'UNKNOWN'), '-', COALESCE(fb.symbol, 'UNKNOWN')) as pair,
    r.token_a,
    r.token_b,
    ROUND(r.volume_usd, 2) as volume_usd
FROM ranked r
LEFT JOIN solana.fungible_token_info fa ON r.token_a = fa.address
LEFT JOIN solana.fungible_token_info fb ON r.token_b = fb.address
WHERE r.rn = 1

 LIMIT 10000': (trino.exceptions.TrinoExternalError) TrinoExternalError(type=EXTERNAL, name=ICEBERG_CANNOT_OPEN_SPLIT, message="Error opening Iceberg split s3://iceberg-warehouse/solana/token_prices_1m/data/block_date=2026-03-04/20260304_210007_23326_tt3h2-c53d9bac-6a07-453f-a6f1-91704559e7e5.parquet (offset=4, length=424619): Failed to open S3 file: s3://iceberg-warehouse/solana/token_prices_1m/data/block_date=2026-03-04/20260304_210007_23326_tt3h2-c53d9bac-6a07-453f-a6f1-91704559e7e5.parquet", query_id=20260310_095312_00671_tt3h2)
[SQL: -- Description: Weekly top 1 token pair by volume
-- Volume calculated using only SOL and stablecoin price references

/*
Logic:
- Normalize pair: smaller address first
- Only count trades where at least one side is SOL or stablecoin
- Volume from SOL/stablecoin side only
- Aggregate over the week, rank pairs, keep top 1
*/

WITH excluded_pools AS (
    SELECT DISTINCT pool_address
    FROM orca.whirlpool_config
    WHERE config <> '2LecshUwdy9xi7meFgHtFJQNSKk4KdTrcpvaB56dP2NQ'
),
stablecoins AS (
    SELECT mint FROM (VALUES
        ('EPjFWdd5AufqSSqeM2qN1xzybapC8G4wEGGkZwyTDt1v'),
        ('Es9vMFrzaCERmJfrF4H2FYD4KCoNkY11McCe8BenwNYB'),
        ('2b1kV6DkPAnxd5ixfnxCpjxmKwqjjaYmCZfHsFu24GXo'),
        ('DEkqHyPN7GMRJ5cArtQFAWefqbZb33Hyf6s5iCwjEonT'),
        ('USDSwr9ApdHk5bvJKMjzff41FfuX8bSxdKcR81vTwcA'),
        ('9zNQRsGLjNKwCUU5Gq5LR8beUCPzQMVMqKAi3SSZh54u'),
        ('HzwqbKZw8HxMN6bF2yFZNrht3c2iXXzpKcFu7uBEDKtr'),
        ('susdabGDNbhrnCa6ncrYo81u4s9GM8ecK2UwMyZiq4X'),
        ('AUSD1jCcCyPLybk1YnvPWsHQSrZ46dxwoMniN4N2UEB9'),
        ('2VhjJ9WxaGC3EZFwJG9BDUs9KxKCAjQY4vgd1qxgYWVg'),
        ('A1KLoBrKBde8Ty9qtNQUtq3C2ortoC3u7twggz7sEto6'),
        ('2u1tszSeqZ3qBWF3uNGPFc8TzMk2tdiwknnRMWGWjGWH'),
        ('5H4voZhzySsVvwVYDAKku8MZGuYBC7cXaBKDPW4YHWW1'),
        ('C4Kkr9NZU3VbyedcgutU6LKmi6MKz81sx6gRmk5pX519'),
        ('AhhdRu5YZdjVkKR3wbnUDaymVQL2ucjMQ63sZ3LFHsch'),
        ('9TPL8droGJ7jThsq4momaoz6uhTcvX2SeMqipoPmNa8R'),
        ('Crn4x1Y2HUKko7ox2EZMT6N2t2ZyH7eKtwkBGVnhEq1g'),
        ('FrBfWJ4qE5sCzKm3k3JaAtqZcXUh4LvJygDeketsrsH4'),
        ('AvZZF1YaZDziPY2RCK4oJrRVrbN3mTD9NL24hPeaZeUj'),
        ('6FrrzDk5mQARGc1TDYoyVnSyRdds1t4PbtohCD6p3tgG'),
        ('USD1ttGY1N17NEEHLmELoaybftRBUSErhqYiQzvEmuB')
    ) AS t(mint)
),
pair_volumes AS (
    SELECT 
        LEAST(t.token_sold_mint, t.token_bought_mint) as token_a,
        GREATEST(t.token_sold_mint, t.token_bought_mint) as token_b,
        SUM(
            CASE
                WHEN t.token_bought_mint = 'So11111111111111111111111111111111111111112'
                THEN t.token_bought_amount * COALESCE(psol.price_in_usd, 0)
                WHEN t.token_sold_mint = 'So11111111111111111111111111111111111111112'
                THEN t.token_sold_amount * COALESCE(psol.price_in_usd, 0)
                WHEN sb.mint IS NOT NULL
                THEN t.token_bought_amount * COALESCE(pb.price_in_usd, 0)
                WHEN ss.mint IS NOT NULL
                THEN t.token_sold_amount * COALESCE(ps.price_in_usd, 0)
                ELSE 0
            END
        ) as volume_usd
    FROM solana.dex_trades t
    LEFT JOIN stablecoins ss ON t.token_sold_mint = ss.mint
    LEFT JOIN stablecoins sb ON t.token_bought_mint = sb.mint
    LEFT JOIN solana.token_prices_1m psol ON psol.mint = 'So11111111111111111111111111111111111111112'
        AND DATE_TRUNC('minute', t.block_time) = psol.minute
    LEFT JOIN solana.token_prices_1m pb ON t.token_bought_mint = pb.mint
        AND DATE_TRUNC('minute', t.block_time) = pb.minute
        AND pb.mint <> 'FATYxjEcXNYinyoR8SzHBKtzLz8qYRdUaHpxPS7dvirt'
    LEFT JOIN solana.token_prices_1m ps ON t.token_sold_mint = ps.mint
        AND DATE_TRUNC('minute', t.block_time) = ps.minute
        AND ps.mint <> 'FATYxjEcXNYinyoR8SzHBKtzLz8qYRdUaHpxPS7dvirt'
    WHERE DATE_TRUNC('month', t.block_date) = DATE('2025-04-01')
      AND t.block_date < CURRENT_DATE
      AND (t.token_sold_mint = 'So11111111111111111111111111111111111111112'
           OR t.token_bought_mint = 'So11111111111111111111111111111111111111112'
           OR ss.mint IS NOT NULL
           OR sb.mint IS NOT NULL)
      AND NOT (
          (t.token_sold_mint = 'So11111111111111111111111111111111111111112' OR ss.mint IS NOT NULL)
          AND (t.token_bought_mint = 'So11111111111111111111111111111111111111112' OR sb.mint IS NOT NULL)
      )
      AND t.pool_address NOT IN (SELECT pool_address FROM excluded_pools)
    GROUP BY 1, 2
),
ranked AS (
    SELECT *, ROW_NUMBER() OVER (ORDER BY volume_usd DESC) as rn
    FROM pair_volumes
)

SELECT 
    DATE('2025-04-01') as month,
    CONCAT(COALESCE(fa.symbol, 'UNKNOWN'), '-', COALESCE(fb.symbol, 'UNKNOWN')) as pair,
    r.token_a,
    r.token_b,
    ROUND(r.volume_usd, 2) as volume_usd
FROM ranked r
LEFT JOIN solana.fungible_token_info fa ON r.token_a = fa.address
LEFT JOIN solana.fungible_token_info fb ON r.token_b = fb.address
WHERE r.rn = 1

 LIMIT 10000]
(Background on this error at: https://sqlalche.me/e/20/e3q8)
      Fetching 2025-03-01 (10/12)... ❌ Error: Execution failed on sql '-- Description: Weekly top 1 token pair by volume
-- Volume calculated using only SOL and stablecoin price references

/*
Logic:
- Normalize pair: smaller address first
- Only count trades where at least one side is SOL or stablecoin
- Volume from SOL/stablecoin side only
- Aggregate over the week, rank pairs, keep top 1
*/

WITH excluded_pools AS (
    SELECT DISTINCT pool_address
    FROM orca.whirlpool_config
    WHERE config <> '2LecshUwdy9xi7meFgHtFJQNSKk4KdTrcpvaB56dP2NQ'
),
stablecoins AS (
    SELECT mint FROM (VALUES
        ('EPjFWdd5AufqSSqeM2qN1xzybapC8G4wEGGkZwyTDt1v'),
        ('Es9vMFrzaCERmJfrF4H2FYD4KCoNkY11McCe8BenwNYB'),
        ('2b1kV6DkPAnxd5ixfnxCpjxmKwqjjaYmCZfHsFu24GXo'),
        ('DEkqHyPN7GMRJ5cArtQFAWefqbZb33Hyf6s5iCwjEonT'),
        ('USDSwr9ApdHk5bvJKMjzff41FfuX8bSxdKcR81vTwcA'),
        ('9zNQRsGLjNKwCUU5Gq5LR8beUCPzQMVMqKAi3SSZh54u'),
        ('HzwqbKZw8HxMN6bF2yFZNrht3c2iXXzpKcFu7uBEDKtr'),
        ('susdabGDNbhrnCa6ncrYo81u4s9GM8ecK2UwMyZiq4X'),
        ('AUSD1jCcCyPLybk1YnvPWsHQSrZ46dxwoMniN4N2UEB9'),
        ('2VhjJ9WxaGC3EZFwJG9BDUs9KxKCAjQY4vgd1qxgYWVg'),
        ('A1KLoBrKBde8Ty9qtNQUtq3C2ortoC3u7twggz7sEto6'),
        ('2u1tszSeqZ3qBWF3uNGPFc8TzMk2tdiwknnRMWGWjGWH'),
        ('5H4voZhzySsVvwVYDAKku8MZGuYBC7cXaBKDPW4YHWW1'),
        ('C4Kkr9NZU3VbyedcgutU6LKmi6MKz81sx6gRmk5pX519'),
        ('AhhdRu5YZdjVkKR3wbnUDaymVQL2ucjMQ63sZ3LFHsch'),
        ('9TPL8droGJ7jThsq4momaoz6uhTcvX2SeMqipoPmNa8R'),
        ('Crn4x1Y2HUKko7ox2EZMT6N2t2ZyH7eKtwkBGVnhEq1g'),
        ('FrBfWJ4qE5sCzKm3k3JaAtqZcXUh4LvJygDeketsrsH4'),
        ('AvZZF1YaZDziPY2RCK4oJrRVrbN3mTD9NL24hPeaZeUj'),
        ('6FrrzDk5mQARGc1TDYoyVnSyRdds1t4PbtohCD6p3tgG'),
        ('USD1ttGY1N17NEEHLmELoaybftRBUSErhqYiQzvEmuB')
    ) AS t(mint)
),
pair_volumes AS (
    SELECT 
        LEAST(t.token_sold_mint, t.token_bought_mint) as token_a,
        GREATEST(t.token_sold_mint, t.token_bought_mint) as token_b,
        SUM(
            CASE
                WHEN t.token_bought_mint = 'So11111111111111111111111111111111111111112'
                THEN t.token_bought_amount * COALESCE(psol.price_in_usd, 0)
                WHEN t.token_sold_mint = 'So11111111111111111111111111111111111111112'
                THEN t.token_sold_amount * COALESCE(psol.price_in_usd, 0)
                WHEN sb.mint IS NOT NULL
                THEN t.token_bought_amount * COALESCE(pb.price_in_usd, 0)
                WHEN ss.mint IS NOT NULL
                THEN t.token_sold_amount * COALESCE(ps.price_in_usd, 0)
                ELSE 0
            END
        ) as volume_usd
    FROM solana.dex_trades t
    LEFT JOIN stablecoins ss ON t.token_sold_mint = ss.mint
    LEFT JOIN stablecoins sb ON t.token_bought_mint = sb.mint
    LEFT JOIN solana.token_prices_1m psol ON psol.mint = 'So11111111111111111111111111111111111111112'
        AND DATE_TRUNC('minute', t.block_time) = psol.minute
    LEFT JOIN solana.token_prices_1m pb ON t.token_bought_mint = pb.mint
        AND DATE_TRUNC('minute', t.block_time) = pb.minute
        AND pb.mint <> 'FATYxjEcXNYinyoR8SzHBKtzLz8qYRdUaHpxPS7dvirt'
    LEFT JOIN solana.token_prices_1m ps ON t.token_sold_mint = ps.mint
        AND DATE_TRUNC('minute', t.block_time) = ps.minute
        AND ps.mint <> 'FATYxjEcXNYinyoR8SzHBKtzLz8qYRdUaHpxPS7dvirt'
    WHERE DATE_TRUNC('month', t.block_date) = DATE('2025-03-01')
      AND t.block_date < CURRENT_DATE
      AND (t.token_sold_mint = 'So11111111111111111111111111111111111111112'
           OR t.token_bought_mint = 'So11111111111111111111111111111111111111112'
           OR ss.mint IS NOT NULL
           OR sb.mint IS NOT NULL)
      AND NOT (
          (t.token_sold_mint = 'So11111111111111111111111111111111111111112' OR ss.mint IS NOT NULL)
          AND (t.token_bought_mint = 'So11111111111111111111111111111111111111112' OR sb.mint IS NOT NULL)
      )
      AND t.pool_address NOT IN (SELECT pool_address FROM excluded_pools)
    GROUP BY 1, 2
),
ranked AS (
    SELECT *, ROW_NUMBER() OVER (ORDER BY volume_usd DESC) as rn
    FROM pair_volumes
)

SELECT 
    DATE('2025-03-01') as month,
    CONCAT(COALESCE(fa.symbol, 'UNKNOWN'), '-', COALESCE(fb.symbol, 'UNKNOWN')) as pair,
    r.token_a,
    r.token_b,
    ROUND(r.volume_usd, 2) as volume_usd
FROM ranked r
LEFT JOIN solana.fungible_token_info fa ON r.token_a = fa.address
LEFT JOIN solana.fungible_token_info fb ON r.token_b = fb.address
WHERE r.rn = 1

 LIMIT 10000': (trino.exceptions.TrinoExternalError) TrinoExternalError(type=EXTERNAL, name=ICEBERG_CANNOT_OPEN_SPLIT, message="Error opening Iceberg split s3://iceberg-warehouse/solana/token_prices_1m/data/block_date=2026-03-05/20260305_200001_13681_tt3h2-c9d4e98c-5fc7-4d5c-846b-991e73fa0507.parquet (offset=4, length=363690): Failed to open S3 file: s3://iceberg-warehouse/solana/token_prices_1m/data/block_date=2026-03-05/20260305_200001_13681_tt3h2-c9d4e98c-5fc7-4d5c-846b-991e73fa0507.parquet", query_id=20260310_095313_00673_tt3h2)
[SQL: -- Description: Weekly top 1 token pair by volume
-- Volume calculated using only SOL and stablecoin price references

/*
Logic:
- Normalize pair: smaller address first
- Only count trades where at least one side is SOL or stablecoin
- Volume from SOL/stablecoin side only
- Aggregate over the week, rank pairs, keep top 1
*/

WITH excluded_pools AS (
    SELECT DISTINCT pool_address
    FROM orca.whirlpool_config
    WHERE config <> '2LecshUwdy9xi7meFgHtFJQNSKk4KdTrcpvaB56dP2NQ'
),
stablecoins AS (
    SELECT mint FROM (VALUES
        ('EPjFWdd5AufqSSqeM2qN1xzybapC8G4wEGGkZwyTDt1v'),
        ('Es9vMFrzaCERmJfrF4H2FYD4KCoNkY11McCe8BenwNYB'),
        ('2b1kV6DkPAnxd5ixfnxCpjxmKwqjjaYmCZfHsFu24GXo'),
        ('DEkqHyPN7GMRJ5cArtQFAWefqbZb33Hyf6s5iCwjEonT'),
        ('USDSwr9ApdHk5bvJKMjzff41FfuX8bSxdKcR81vTwcA'),
        ('9zNQRsGLjNKwCUU5Gq5LR8beUCPzQMVMqKAi3SSZh54u'),
        ('HzwqbKZw8HxMN6bF2yFZNrht3c2iXXzpKcFu7uBEDKtr'),
        ('susdabGDNbhrnCa6ncrYo81u4s9GM8ecK2UwMyZiq4X'),
        ('AUSD1jCcCyPLybk1YnvPWsHQSrZ46dxwoMniN4N2UEB9'),
        ('2VhjJ9WxaGC3EZFwJG9BDUs9KxKCAjQY4vgd1qxgYWVg'),
        ('A1KLoBrKBde8Ty9qtNQUtq3C2ortoC3u7twggz7sEto6'),
        ('2u1tszSeqZ3qBWF3uNGPFc8TzMk2tdiwknnRMWGWjGWH'),
        ('5H4voZhzySsVvwVYDAKku8MZGuYBC7cXaBKDPW4YHWW1'),
        ('C4Kkr9NZU3VbyedcgutU6LKmi6MKz81sx6gRmk5pX519'),
        ('AhhdRu5YZdjVkKR3wbnUDaymVQL2ucjMQ63sZ3LFHsch'),
        ('9TPL8droGJ7jThsq4momaoz6uhTcvX2SeMqipoPmNa8R'),
        ('Crn4x1Y2HUKko7ox2EZMT6N2t2ZyH7eKtwkBGVnhEq1g'),
        ('FrBfWJ4qE5sCzKm3k3JaAtqZcXUh4LvJygDeketsrsH4'),
        ('AvZZF1YaZDziPY2RCK4oJrRVrbN3mTD9NL24hPeaZeUj'),
        ('6FrrzDk5mQARGc1TDYoyVnSyRdds1t4PbtohCD6p3tgG'),
        ('USD1ttGY1N17NEEHLmELoaybftRBUSErhqYiQzvEmuB')
    ) AS t(mint)
),
pair_volumes AS (
    SELECT 
        LEAST(t.token_sold_mint, t.token_bought_mint) as token_a,
        GREATEST(t.token_sold_mint, t.token_bought_mint) as token_b,
        SUM(
            CASE
                WHEN t.token_bought_mint = 'So11111111111111111111111111111111111111112'
                THEN t.token_bought_amount * COALESCE(psol.price_in_usd, 0)
                WHEN t.token_sold_mint = 'So11111111111111111111111111111111111111112'
                THEN t.token_sold_amount * COALESCE(psol.price_in_usd, 0)
                WHEN sb.mint IS NOT NULL
                THEN t.token_bought_amount * COALESCE(pb.price_in_usd, 0)
                WHEN ss.mint IS NOT NULL
                THEN t.token_sold_amount * COALESCE(ps.price_in_usd, 0)
                ELSE 0
            END
        ) as volume_usd
    FROM solana.dex_trades t
    LEFT JOIN stablecoins ss ON t.token_sold_mint = ss.mint
    LEFT JOIN stablecoins sb ON t.token_bought_mint = sb.mint
    LEFT JOIN solana.token_prices_1m psol ON psol.mint = 'So11111111111111111111111111111111111111112'
        AND DATE_TRUNC('minute', t.block_time) = psol.minute
    LEFT JOIN solana.token_prices_1m pb ON t.token_bought_mint = pb.mint
        AND DATE_TRUNC('minute', t.block_time) = pb.minute
        AND pb.mint <> 'FATYxjEcXNYinyoR8SzHBKtzLz8qYRdUaHpxPS7dvirt'
    LEFT JOIN solana.token_prices_1m ps ON t.token_sold_mint = ps.mint
        AND DATE_TRUNC('minute', t.block_time) = ps.minute
        AND ps.mint <> 'FATYxjEcXNYinyoR8SzHBKtzLz8qYRdUaHpxPS7dvirt'
    WHERE DATE_TRUNC('month', t.block_date) = DATE('2025-03-01')
      AND t.block_date < CURRENT_DATE
      AND (t.token_sold_mint = 'So11111111111111111111111111111111111111112'
           OR t.token_bought_mint = 'So11111111111111111111111111111111111111112'
           OR ss.mint IS NOT NULL
           OR sb.mint IS NOT NULL)
      AND NOT (
          (t.token_sold_mint = 'So11111111111111111111111111111111111111112' OR ss.mint IS NOT NULL)
          AND (t.token_bought_mint = 'So11111111111111111111111111111111111111112' OR sb.mint IS NOT NULL)
      )
      AND t.pool_address NOT IN (SELECT pool_address FROM excluded_pools)
    GROUP BY 1, 2
),
ranked AS (
    SELECT *, ROW_NUMBER() OVER (ORDER BY volume_usd DESC) as rn
    FROM pair_volumes
)

SELECT 
    DATE('2025-03-01') as month,
    CONCAT(COALESCE(fa.symbol, 'UNKNOWN'), '-', COALESCE(fb.symbol, 'UNKNOWN')) as pair,
    r.token_a,
    r.token_b,
    ROUND(r.volume_usd, 2) as volume_usd
FROM ranked r
LEFT JOIN solana.fungible_token_info fa ON r.token_a = fa.address
LEFT JOIN solana.fungible_token_info fb ON r.token_b = fb.address
WHERE r.rn = 1

 LIMIT 10000]
(Background on this error at: https://sqlalche.me/e/20/e3q8)
      Fetching 2025-02-01 (11/12)... ❌ Error: Execution failed on sql '-- Description: Weekly top 1 token pair by volume
-- Volume calculated using only SOL and stablecoin price references

/*
Logic:
- Normalize pair: smaller address first
- Only count trades where at least one side is SOL or stablecoin
- Volume from SOL/stablecoin side only
- Aggregate over the week, rank pairs, keep top 1
*/

WITH excluded_pools AS (
    SELECT DISTINCT pool_address
    FROM orca.whirlpool_config
    WHERE config <> '2LecshUwdy9xi7meFgHtFJQNSKk4KdTrcpvaB56dP2NQ'
),
stablecoins AS (
    SELECT mint FROM (VALUES
        ('EPjFWdd5AufqSSqeM2qN1xzybapC8G4wEGGkZwyTDt1v'),
        ('Es9vMFrzaCERmJfrF4H2FYD4KCoNkY11McCe8BenwNYB'),
        ('2b1kV6DkPAnxd5ixfnxCpjxmKwqjjaYmCZfHsFu24GXo'),
        ('DEkqHyPN7GMRJ5cArtQFAWefqbZb33Hyf6s5iCwjEonT'),
        ('USDSwr9ApdHk5bvJKMjzff41FfuX8bSxdKcR81vTwcA'),
        ('9zNQRsGLjNKwCUU5Gq5LR8beUCPzQMVMqKAi3SSZh54u'),
        ('HzwqbKZw8HxMN6bF2yFZNrht3c2iXXzpKcFu7uBEDKtr'),
        ('susdabGDNbhrnCa6ncrYo81u4s9GM8ecK2UwMyZiq4X'),
        ('AUSD1jCcCyPLybk1YnvPWsHQSrZ46dxwoMniN4N2UEB9'),
        ('2VhjJ9WxaGC3EZFwJG9BDUs9KxKCAjQY4vgd1qxgYWVg'),
        ('A1KLoBrKBde8Ty9qtNQUtq3C2ortoC3u7twggz7sEto6'),
        ('2u1tszSeqZ3qBWF3uNGPFc8TzMk2tdiwknnRMWGWjGWH'),
        ('5H4voZhzySsVvwVYDAKku8MZGuYBC7cXaBKDPW4YHWW1'),
        ('C4Kkr9NZU3VbyedcgutU6LKmi6MKz81sx6gRmk5pX519'),
        ('AhhdRu5YZdjVkKR3wbnUDaymVQL2ucjMQ63sZ3LFHsch'),
        ('9TPL8droGJ7jThsq4momaoz6uhTcvX2SeMqipoPmNa8R'),
        ('Crn4x1Y2HUKko7ox2EZMT6N2t2ZyH7eKtwkBGVnhEq1g'),
        ('FrBfWJ4qE5sCzKm3k3JaAtqZcXUh4LvJygDeketsrsH4'),
        ('AvZZF1YaZDziPY2RCK4oJrRVrbN3mTD9NL24hPeaZeUj'),
        ('6FrrzDk5mQARGc1TDYoyVnSyRdds1t4PbtohCD6p3tgG'),
        ('USD1ttGY1N17NEEHLmELoaybftRBUSErhqYiQzvEmuB')
    ) AS t(mint)
),
pair_volumes AS (
    SELECT 
        LEAST(t.token_sold_mint, t.token_bought_mint) as token_a,
        GREATEST(t.token_sold_mint, t.token_bought_mint) as token_b,
        SUM(
            CASE
                WHEN t.token_bought_mint = 'So11111111111111111111111111111111111111112'
                THEN t.token_bought_amount * COALESCE(psol.price_in_usd, 0)
                WHEN t.token_sold_mint = 'So11111111111111111111111111111111111111112'
                THEN t.token_sold_amount * COALESCE(psol.price_in_usd, 0)
                WHEN sb.mint IS NOT NULL
                THEN t.token_bought_amount * COALESCE(pb.price_in_usd, 0)
                WHEN ss.mint IS NOT NULL
                THEN t.token_sold_amount * COALESCE(ps.price_in_usd, 0)
                ELSE 0
            END
        ) as volume_usd
    FROM solana.dex_trades t
    LEFT JOIN stablecoins ss ON t.token_sold_mint = ss.mint
    LEFT JOIN stablecoins sb ON t.token_bought_mint = sb.mint
    LEFT JOIN solana.token_prices_1m psol ON psol.mint = 'So11111111111111111111111111111111111111112'
        AND DATE_TRUNC('minute', t.block_time) = psol.minute
    LEFT JOIN solana.token_prices_1m pb ON t.token_bought_mint = pb.mint
        AND DATE_TRUNC('minute', t.block_time) = pb.minute
        AND pb.mint <> 'FATYxjEcXNYinyoR8SzHBKtzLz8qYRdUaHpxPS7dvirt'
    LEFT JOIN solana.token_prices_1m ps ON t.token_sold_mint = ps.mint
        AND DATE_TRUNC('minute', t.block_time) = ps.minute
        AND ps.mint <> 'FATYxjEcXNYinyoR8SzHBKtzLz8qYRdUaHpxPS7dvirt'
    WHERE DATE_TRUNC('month', t.block_date) = DATE('2025-02-01')
      AND t.block_date < CURRENT_DATE
      AND (t.token_sold_mint = 'So11111111111111111111111111111111111111112'
           OR t.token_bought_mint = 'So11111111111111111111111111111111111111112'
           OR ss.mint IS NOT NULL
           OR sb.mint IS NOT NULL)
      AND NOT (
          (t.token_sold_mint = 'So11111111111111111111111111111111111111112' OR ss.mint IS NOT NULL)
          AND (t.token_bought_mint = 'So11111111111111111111111111111111111111112' OR sb.mint IS NOT NULL)
      )
      AND t.pool_address NOT IN (SELECT pool_address FROM excluded_pools)
    GROUP BY 1, 2
),
ranked AS (
    SELECT *, ROW_NUMBER() OVER (ORDER BY volume_usd DESC) as rn
    FROM pair_volumes
)

SELECT 
    DATE('2025-02-01') as month,
    CONCAT(COALESCE(fa.symbol, 'UNKNOWN'), '-', COALESCE(fb.symbol, 'UNKNOWN')) as pair,
    r.token_a,
    r.token_b,
    ROUND(r.volume_usd, 2) as volume_usd
FROM ranked r
LEFT JOIN solana.fungible_token_info fa ON r.token_a = fa.address
LEFT JOIN solana.fungible_token_info fb ON r.token_b = fb.address
WHERE r.rn = 1

 LIMIT 10000': (trino.exceptions.TrinoExternalError) TrinoExternalError(type=EXTERNAL, name=ICEBERG_CANNOT_OPEN_SPLIT, message="Error opening Iceberg split s3://iceberg-warehouse/orca/whirlpool_config/data/00000-0-df759139-41e6-4635-a69e-8cce2278f5c8.parquet (offset=4, length=11275175): Failed to open S3 file: s3://iceberg-warehouse/orca/whirlpool_config/data/00000-0-df759139-41e6-4635-a69e-8cce2278f5c8.parquet", query_id=20260310_095315_00675_tt3h2)
[SQL: -- Description: Weekly top 1 token pair by volume
-- Volume calculated using only SOL and stablecoin price references

/*
Logic:
- Normalize pair: smaller address first
- Only count trades where at least one side is SOL or stablecoin
- Volume from SOL/stablecoin side only
- Aggregate over the week, rank pairs, keep top 1
*/

WITH excluded_pools AS (
    SELECT DISTINCT pool_address
    FROM orca.whirlpool_config
    WHERE config <> '2LecshUwdy9xi7meFgHtFJQNSKk4KdTrcpvaB56dP2NQ'
),
stablecoins AS (
    SELECT mint FROM (VALUES
        ('EPjFWdd5AufqSSqeM2qN1xzybapC8G4wEGGkZwyTDt1v'),
        ('Es9vMFrzaCERmJfrF4H2FYD4KCoNkY11McCe8BenwNYB'),
        ('2b1kV6DkPAnxd5ixfnxCpjxmKwqjjaYmCZfHsFu24GXo'),
        ('DEkqHyPN7GMRJ5cArtQFAWefqbZb33Hyf6s5iCwjEonT'),
        ('USDSwr9ApdHk5bvJKMjzff41FfuX8bSxdKcR81vTwcA'),
        ('9zNQRsGLjNKwCUU5Gq5LR8beUCPzQMVMqKAi3SSZh54u'),
        ('HzwqbKZw8HxMN6bF2yFZNrht3c2iXXzpKcFu7uBEDKtr'),
        ('susdabGDNbhrnCa6ncrYo81u4s9GM8ecK2UwMyZiq4X'),
        ('AUSD1jCcCyPLybk1YnvPWsHQSrZ46dxwoMniN4N2UEB9'),
        ('2VhjJ9WxaGC3EZFwJG9BDUs9KxKCAjQY4vgd1qxgYWVg'),
        ('A1KLoBrKBde8Ty9qtNQUtq3C2ortoC3u7twggz7sEto6'),
        ('2u1tszSeqZ3qBWF3uNGPFc8TzMk2tdiwknnRMWGWjGWH'),
        ('5H4voZhzySsVvwVYDAKku8MZGuYBC7cXaBKDPW4YHWW1'),
        ('C4Kkr9NZU3VbyedcgutU6LKmi6MKz81sx6gRmk5pX519'),
        ('AhhdRu5YZdjVkKR3wbnUDaymVQL2ucjMQ63sZ3LFHsch'),
        ('9TPL8droGJ7jThsq4momaoz6uhTcvX2SeMqipoPmNa8R'),
        ('Crn4x1Y2HUKko7ox2EZMT6N2t2ZyH7eKtwkBGVnhEq1g'),
        ('FrBfWJ4qE5sCzKm3k3JaAtqZcXUh4LvJygDeketsrsH4'),
        ('AvZZF1YaZDziPY2RCK4oJrRVrbN3mTD9NL24hPeaZeUj'),
        ('6FrrzDk5mQARGc1TDYoyVnSyRdds1t4PbtohCD6p3tgG'),
        ('USD1ttGY1N17NEEHLmELoaybftRBUSErhqYiQzvEmuB')
    ) AS t(mint)
),
pair_volumes AS (
    SELECT 
        LEAST(t.token_sold_mint, t.token_bought_mint) as token_a,
        GREATEST(t.token_sold_mint, t.token_bought_mint) as token_b,
        SUM(
            CASE
                WHEN t.token_bought_mint = 'So11111111111111111111111111111111111111112'
                THEN t.token_bought_amount * COALESCE(psol.price_in_usd, 0)
                WHEN t.token_sold_mint = 'So11111111111111111111111111111111111111112'
                THEN t.token_sold_amount * COALESCE(psol.price_in_usd, 0)
                WHEN sb.mint IS NOT NULL
                THEN t.token_bought_amount * COALESCE(pb.price_in_usd, 0)
                WHEN ss.mint IS NOT NULL
                THEN t.token_sold_amount * COALESCE(ps.price_in_usd, 0)
                ELSE 0
            END
        ) as volume_usd
    FROM solana.dex_trades t
    LEFT JOIN stablecoins ss ON t.token_sold_mint = ss.mint
    LEFT JOIN stablecoins sb ON t.token_bought_mint = sb.mint
    LEFT JOIN solana.token_prices_1m psol ON psol.mint = 'So11111111111111111111111111111111111111112'
        AND DATE_TRUNC('minute', t.block_time) = psol.minute
    LEFT JOIN solana.token_prices_1m pb ON t.token_bought_mint = pb.mint
        AND DATE_TRUNC('minute', t.block_time) = pb.minute
        AND pb.mint <> 'FATYxjEcXNYinyoR8SzHBKtzLz8qYRdUaHpxPS7dvirt'
    LEFT JOIN solana.token_prices_1m ps ON t.token_sold_mint = ps.mint
        AND DATE_TRUNC('minute', t.block_time) = ps.minute
        AND ps.mint <> 'FATYxjEcXNYinyoR8SzHBKtzLz8qYRdUaHpxPS7dvirt'
    WHERE DATE_TRUNC('month', t.block_date) = DATE('2025-02-01')
      AND t.block_date < CURRENT_DATE
      AND (t.token_sold_mint = 'So11111111111111111111111111111111111111112'
           OR t.token_bought_mint = 'So11111111111111111111111111111111111111112'
           OR ss.mint IS NOT NULL
           OR sb.mint IS NOT NULL)
      AND NOT (
          (t.token_sold_mint = 'So11111111111111111111111111111111111111112' OR ss.mint IS NOT NULL)
          AND (t.token_bought_mint = 'So11111111111111111111111111111111111111112' OR sb.mint IS NOT NULL)
      )
      AND t.pool_address NOT IN (SELECT pool_address FROM excluded_pools)
    GROUP BY 1, 2
),
ranked AS (
    SELECT *, ROW_NUMBER() OVER (ORDER BY volume_usd DESC) as rn
    FROM pair_volumes
)

SELECT 
    DATE('2025-02-01') as month,
    CONCAT(COALESCE(fa.symbol, 'UNKNOWN'), '-', COALESCE(fb.symbol, 'UNKNOWN')) as pair,
    r.token_a,
    r.token_b,
    ROUND(r.volume_usd, 2) as volume_usd
FROM ranked r
LEFT JOIN solana.fungible_token_info fa ON r.token_a = fa.address
LEFT JOIN solana.fungible_token_info fb ON r.token_b = fb.address
WHERE r.rn = 1

 LIMIT 10000]
(Background on this error at: https://sqlalche.me/e/20/e3q8)
      Fetching 2025-01-01 (12/12)... ❌ Error: Execution failed on sql '-- Description: Weekly top 1 token pair by volume
-- Volume calculated using only SOL and stablecoin price references

/*
Logic:
- Normalize pair: smaller address first
- Only count trades where at least one side is SOL or stablecoin
- Volume from SOL/stablecoin side only
- Aggregate over the week, rank pairs, keep top 1
*/

WITH excluded_pools AS (
    SELECT DISTINCT pool_address
    FROM orca.whirlpool_config
    WHERE config <> '2LecshUwdy9xi7meFgHtFJQNSKk4KdTrcpvaB56dP2NQ'
),
stablecoins AS (
    SELECT mint FROM (VALUES
        ('EPjFWdd5AufqSSqeM2qN1xzybapC8G4wEGGkZwyTDt1v'),
        ('Es9vMFrzaCERmJfrF4H2FYD4KCoNkY11McCe8BenwNYB'),
        ('2b1kV6DkPAnxd5ixfnxCpjxmKwqjjaYmCZfHsFu24GXo'),
        ('DEkqHyPN7GMRJ5cArtQFAWefqbZb33Hyf6s5iCwjEonT'),
        ('USDSwr9ApdHk5bvJKMjzff41FfuX8bSxdKcR81vTwcA'),
        ('9zNQRsGLjNKwCUU5Gq5LR8beUCPzQMVMqKAi3SSZh54u'),
        ('HzwqbKZw8HxMN6bF2yFZNrht3c2iXXzpKcFu7uBEDKtr'),
        ('susdabGDNbhrnCa6ncrYo81u4s9GM8ecK2UwMyZiq4X'),
        ('AUSD1jCcCyPLybk1YnvPWsHQSrZ46dxwoMniN4N2UEB9'),
        ('2VhjJ9WxaGC3EZFwJG9BDUs9KxKCAjQY4vgd1qxgYWVg'),
        ('A1KLoBrKBde8Ty9qtNQUtq3C2ortoC3u7twggz7sEto6'),
        ('2u1tszSeqZ3qBWF3uNGPFc8TzMk2tdiwknnRMWGWjGWH'),
        ('5H4voZhzySsVvwVYDAKku8MZGuYBC7cXaBKDPW4YHWW1'),
        ('C4Kkr9NZU3VbyedcgutU6LKmi6MKz81sx6gRmk5pX519'),
        ('AhhdRu5YZdjVkKR3wbnUDaymVQL2ucjMQ63sZ3LFHsch'),
        ('9TPL8droGJ7jThsq4momaoz6uhTcvX2SeMqipoPmNa8R'),
        ('Crn4x1Y2HUKko7ox2EZMT6N2t2ZyH7eKtwkBGVnhEq1g'),
        ('FrBfWJ4qE5sCzKm3k3JaAtqZcXUh4LvJygDeketsrsH4'),
        ('AvZZF1YaZDziPY2RCK4oJrRVrbN3mTD9NL24hPeaZeUj'),
        ('6FrrzDk5mQARGc1TDYoyVnSyRdds1t4PbtohCD6p3tgG'),
        ('USD1ttGY1N17NEEHLmELoaybftRBUSErhqYiQzvEmuB')
    ) AS t(mint)
),
pair_volumes AS (
    SELECT 
        LEAST(t.token_sold_mint, t.token_bought_mint) as token_a,
        GREATEST(t.token_sold_mint, t.token_bought_mint) as token_b,
        SUM(
            CASE
                WHEN t.token_bought_mint = 'So11111111111111111111111111111111111111112'
                THEN t.token_bought_amount * COALESCE(psol.price_in_usd, 0)
                WHEN t.token_sold_mint = 'So11111111111111111111111111111111111111112'
                THEN t.token_sold_amount * COALESCE(psol.price_in_usd, 0)
                WHEN sb.mint IS NOT NULL
                THEN t.token_bought_amount * COALESCE(pb.price_in_usd, 0)
                WHEN ss.mint IS NOT NULL
                THEN t.token_sold_amount * COALESCE(ps.price_in_usd, 0)
                ELSE 0
            END
        ) as volume_usd
    FROM solana.dex_trades t
    LEFT JOIN stablecoins ss ON t.token_sold_mint = ss.mint
    LEFT JOIN stablecoins sb ON t.token_bought_mint = sb.mint
    LEFT JOIN solana.token_prices_1m psol ON psol.mint = 'So11111111111111111111111111111111111111112'
        AND DATE_TRUNC('minute', t.block_time) = psol.minute
    LEFT JOIN solana.token_prices_1m pb ON t.token_bought_mint = pb.mint
        AND DATE_TRUNC('minute', t.block_time) = pb.minute
        AND pb.mint <> 'FATYxjEcXNYinyoR8SzHBKtzLz8qYRdUaHpxPS7dvirt'
    LEFT JOIN solana.token_prices_1m ps ON t.token_sold_mint = ps.mint
        AND DATE_TRUNC('minute', t.block_time) = ps.minute
        AND ps.mint <> 'FATYxjEcXNYinyoR8SzHBKtzLz8qYRdUaHpxPS7dvirt'
    WHERE DATE_TRUNC('month', t.block_date) = DATE('2025-01-01')
      AND t.block_date < CURRENT_DATE
      AND (t.token_sold_mint = 'So11111111111111111111111111111111111111112'
           OR t.token_bought_mint = 'So11111111111111111111111111111111111111112'
           OR ss.mint IS NOT NULL
           OR sb.mint IS NOT NULL)
      AND NOT (
          (t.token_sold_mint = 'So11111111111111111111111111111111111111112' OR ss.mint IS NOT NULL)
          AND (t.token_bought_mint = 'So11111111111111111111111111111111111111112' OR sb.mint IS NOT NULL)
      )
      AND t.pool_address NOT IN (SELECT pool_address FROM excluded_pools)
    GROUP BY 1, 2
),
ranked AS (
    SELECT *, ROW_NUMBER() OVER (ORDER BY volume_usd DESC) as rn
    FROM pair_volumes
)

SELECT 
    DATE('2025-01-01') as month,
    CONCAT(COALESCE(fa.symbol, 'UNKNOWN'), '-', COALESCE(fb.symbol, 'UNKNOWN')) as pair,
    r.token_a,
    r.token_b,
    ROUND(r.volume_usd, 2) as volume_usd
FROM ranked r
LEFT JOIN solana.fungible_token_info fa ON r.token_a = fa.address
LEFT JOIN solana.fungible_token_info fb ON r.token_b = fb.address
WHERE r.rn = 1

 LIMIT 10000': (trino.exceptions.TrinoExternalError) TrinoExternalError(type=EXTERNAL, name=ICEBERG_CANNOT_OPEN_SPLIT, message="Error opening Iceberg split s3://iceberg-warehouse/solana/token_prices_1m/data/block_date=2026-03-05/20260305_220002_13738_tt3h2-bea57105-c17e-48ab-a3c8-822f7e84fbb0.parquet (offset=4, length=350601): Failed to open S3 file: s3://iceberg-warehouse/solana/token_prices_1m/data/block_date=2026-03-05/20260305_220002_13738_tt3h2-bea57105-c17e-48ab-a3c8-822f7e84fbb0.parquet", query_id=20260310_095316_00677_tt3h2)
[SQL: -- Description: Weekly top 1 token pair by volume
-- Volume calculated using only SOL and stablecoin price references

/*
Logic:
- Normalize pair: smaller address first
- Only count trades where at least one side is SOL or stablecoin
- Volume from SOL/stablecoin side only
- Aggregate over the week, rank pairs, keep top 1
*/

WITH excluded_pools AS (
    SELECT DISTINCT pool_address
    FROM orca.whirlpool_config
    WHERE config <> '2LecshUwdy9xi7meFgHtFJQNSKk4KdTrcpvaB56dP2NQ'
),
stablecoins AS (
    SELECT mint FROM (VALUES
        ('EPjFWdd5AufqSSqeM2qN1xzybapC8G4wEGGkZwyTDt1v'),
        ('Es9vMFrzaCERmJfrF4H2FYD4KCoNkY11McCe8BenwNYB'),
        ('2b1kV6DkPAnxd5ixfnxCpjxmKwqjjaYmCZfHsFu24GXo'),
        ('DEkqHyPN7GMRJ5cArtQFAWefqbZb33Hyf6s5iCwjEonT'),
        ('USDSwr9ApdHk5bvJKMjzff41FfuX8bSxdKcR81vTwcA'),
        ('9zNQRsGLjNKwCUU5Gq5LR8beUCPzQMVMqKAi3SSZh54u'),
        ('HzwqbKZw8HxMN6bF2yFZNrht3c2iXXzpKcFu7uBEDKtr'),
        ('susdabGDNbhrnCa6ncrYo81u4s9GM8ecK2UwMyZiq4X'),
        ('AUSD1jCcCyPLybk1YnvPWsHQSrZ46dxwoMniN4N2UEB9'),
        ('2VhjJ9WxaGC3EZFwJG9BDUs9KxKCAjQY4vgd1qxgYWVg'),
        ('A1KLoBrKBde8Ty9qtNQUtq3C2ortoC3u7twggz7sEto6'),
        ('2u1tszSeqZ3qBWF3uNGPFc8TzMk2tdiwknnRMWGWjGWH'),
        ('5H4voZhzySsVvwVYDAKku8MZGuYBC7cXaBKDPW4YHWW1'),
        ('C4Kkr9NZU3VbyedcgutU6LKmi6MKz81sx6gRmk5pX519'),
        ('AhhdRu5YZdjVkKR3wbnUDaymVQL2ucjMQ63sZ3LFHsch'),
        ('9TPL8droGJ7jThsq4momaoz6uhTcvX2SeMqipoPmNa8R'),
        ('Crn4x1Y2HUKko7ox2EZMT6N2t2ZyH7eKtwkBGVnhEq1g'),
        ('FrBfWJ4qE5sCzKm3k3JaAtqZcXUh4LvJygDeketsrsH4'),
        ('AvZZF1YaZDziPY2RCK4oJrRVrbN3mTD9NL24hPeaZeUj'),
        ('6FrrzDk5mQARGc1TDYoyVnSyRdds1t4PbtohCD6p3tgG'),
        ('USD1ttGY1N17NEEHLmELoaybftRBUSErhqYiQzvEmuB')
    ) AS t(mint)
),
pair_volumes AS (
    SELECT 
        LEAST(t.token_sold_mint, t.token_bought_mint) as token_a,
        GREATEST(t.token_sold_mint, t.token_bought_mint) as token_b,
        SUM(
            CASE
                WHEN t.token_bought_mint = 'So11111111111111111111111111111111111111112'
                THEN t.token_bought_amount * COALESCE(psol.price_in_usd, 0)
                WHEN t.token_sold_mint = 'So11111111111111111111111111111111111111112'
                THEN t.token_sold_amount * COALESCE(psol.price_in_usd, 0)
                WHEN sb.mint IS NOT NULL
                THEN t.token_bought_amount * COALESCE(pb.price_in_usd, 0)
                WHEN ss.mint IS NOT NULL
                THEN t.token_sold_amount * COALESCE(ps.price_in_usd, 0)
                ELSE 0
            END
        ) as volume_usd
    FROM solana.dex_trades t
    LEFT JOIN stablecoins ss ON t.token_sold_mint = ss.mint
    LEFT JOIN stablecoins sb ON t.token_bought_mint = sb.mint
    LEFT JOIN solana.token_prices_1m psol ON psol.mint = 'So11111111111111111111111111111111111111112'
        AND DATE_TRUNC('minute', t.block_time) = psol.minute
    LEFT JOIN solana.token_prices_1m pb ON t.token_bought_mint = pb.mint
        AND DATE_TRUNC('minute', t.block_time) = pb.minute
        AND pb.mint <> 'FATYxjEcXNYinyoR8SzHBKtzLz8qYRdUaHpxPS7dvirt'
    LEFT JOIN solana.token_prices_1m ps ON t.token_sold_mint = ps.mint
        AND DATE_TRUNC('minute', t.block_time) = ps.minute
        AND ps.mint <> 'FATYxjEcXNYinyoR8SzHBKtzLz8qYRdUaHpxPS7dvirt'
    WHERE DATE_TRUNC('month', t.block_date) = DATE('2025-01-01')
      AND t.block_date < CURRENT_DATE
      AND (t.token_sold_mint = 'So11111111111111111111111111111111111111112'
           OR t.token_bought_mint = 'So11111111111111111111111111111111111111112'
           OR ss.mint IS NOT NULL
           OR sb.mint IS NOT NULL)
      AND NOT (
          (t.token_sold_mint = 'So11111111111111111111111111111111111111112' OR ss.mint IS NOT NULL)
          AND (t.token_bought_mint = 'So11111111111111111111111111111111111111112' OR sb.mint IS NOT NULL)
      )
      AND t.pool_address NOT IN (SELECT pool_address FROM excluded_pools)
    GROUP BY 1, 2
),
ranked AS (
    SELECT *, ROW_NUMBER() OVER (ORDER BY volume_usd DESC) as rn
    FROM pair_volumes
)

SELECT 
    DATE('2025-01-01') as month,
    CONCAT(COALESCE(fa.symbol, 'UNKNOWN'), '-', COALESCE(fb.symbol, 'UNKNOWN')) as pair,
    r.token_a,
    r.token_b,
    ROUND(r.volume_usd, 2) as volume_usd
FROM ranked r
LEFT JOIN solana.fungible_token_info fa ON r.token_a = fa.address
LEFT JOIN solana.fungible_token_info fb ON r.token_b = fb.address
WHERE r.rn = 1

 LIMIT 10000]
(Background on this error at: https://sqlalche.me/e/20/e3q8)
   ⚠️  No new data to merge
   ⚠️  Backfill (resume) partial: 0 new rows, total 9 rows (6 periods failed)
⚠️  Job #349 PARTIALLY SUCCESSFUL: 9 rows saved

⏳ No pending jobs. Waiting 10s... (processed 10 jobs so far)

⏳ No pending jobs. Waiting 10s... (processed 10 jobs so far)

⏳ No pending jobs. Waiting 10s... (processed 10 jobs so far)

⏳ No pending jobs. Waiting 10s... (processed 10 jobs so far)

⏳ No pending jobs. Waiting 10s... (processed 10 jobs so far)

⏳ No pending jobs. Waiting 10s... (processed 10 jobs so far)

⏳ No pending jobs. Waiting 10s... (processed 10 jobs so far)

⏳ No pending jobs. Waiting 10s... (processed 10 jobs so far)

⏳ No pending jobs. Waiting 10s... (processed 10 jobs so far)

⏳ No pending jobs. Waiting 10s... (processed 10 jobs so far)

⏳ No pending jobs. Waiting 10s... (processed 10 jobs so far)

⏳ No pending jobs. Waiting 10s... (processed 10 jobs so far)

⏳ No pending jobs. Waiting 10s... (processed 10 jobs so far)

⏳ No pending jobs. Waiting 10s... (processed 10 jobs so far)

⏳ No pending jobs. Waiting 10s... (processed 10 jobs so far)

⏳ No pending jobs. Waiting 10s... (processed 10 jobs so far)

⏳ No pending jobs. Waiting 10s... (processed 10 jobs so far)

⏳ No pending jobs. Waiting 10s... (processed 10 jobs so far)

⏳ No pending jobs. Waiting 10s... (processed 10 jobs so far)

⏳ No pending jobs. Waiting 10s... (processed 10 jobs so far)

⏳ No pending jobs. Waiting 10s... (processed 10 jobs so far)

⏳ No pending jobs. Waiting 10s... (processed 10 jobs so far)

⏳ No pending jobs. Waiting 10s... (processed 10 jobs so far)

⏳ No pending jobs. Waiting 10s... (processed 10 jobs so far)

⏳ No pending jobs. Waiting 10s... (processed 10 jobs so far)

⏳ No pending jobs. Waiting 10s... (processed 10 jobs so far)

⏳ No pending jobs. Waiting 10s... (processed 10 jobs so far)

🔄 Processing job #349 (backfill) - attempt 3/3
   SQL hash: 73fce63b2b2a283fe426b1260e8c9118
   📅 Backfill (resume): existing 9 rows (9 months), 6 missing months
   🔧 Filling 6 missing months...
      Fetching 2025-10-01 (1/6)... ✅ 1 rows 💾
      Fetching 2025-05-01 (2/6)... ✅ 1 rows 💾
      Fetching 2025-04-01 (3/6)... ✅ 1 rows 💾
      Fetching 2025-03-01 (4/6)... ✅ 1 rows 💾
      Fetching 2025-02-01 (5/6)... ✅ 1 rows 💾
      Fetching 2025-01-01 (6/6)... ✅ 1 rows 💾
   ⚠️  No new data to merge
✅ Job #349 SUCCESSFUL: 15 rows

⏳ No pending jobs. Waiting 10s... (processed 11 jobs so far)

⏳ No pending jobs. Waiting 10s... (processed 11 jobs so far)

⏳ No pending jobs. Waiting 10s... (processed 11 jobs so far)

⏳ No pending jobs. Waiting 10s... (processed 11 jobs so far)

⏳ No pending jobs. Waiting 10s... (processed 11 jobs so far)

⏳ No pending jobs. Waiting 10s... (processed 11 jobs so far)

⏳ No pending jobs. Waiting 10s... (processed 11 jobs so far)

⏳ No pending jobs. Waiting 10s... (processed 11 jobs so far)

⏳ No pending jobs. Waiting 10s... (processed 11 jobs so far)

⏳ No pending jobs. Waiting 10s... (processed 11 jobs so far)

⏳ No pending jobs. Waiting 10s... (processed 11 jobs so far)

⏳ No pending jobs. Waiting 10s... (processed 11 jobs so far)

⏳ No pending jobs. Waiting 10s... (processed 11 jobs so far)

⏳ No pending jobs. Waiting 10s... (processed 11 jobs so far)

⏳ No pending jobs. Waiting 10s... (processed 11 jobs so far)

⏳ No pending jobs. Waiting 10s... (processed 11 jobs so far)

⏳ No pending jobs. Waiting 10s... (processed 11 jobs so far)

⏳ No pending jobs. Waiting 10s... (processed 11 jobs so far)

⏳ No pending jobs. Waiting 10s... (processed 11 jobs so far)

⏳ No pending jobs. Waiting 10s... (processed 11 jobs so far)

⏳ No pending jobs. Waiting 10s... (processed 11 jobs so far)

⏳ No pending jobs. Waiting 10s... (processed 11 jobs so far)

⏳ No pending jobs. Waiting 10s... (processed 11 jobs so far)

⏳ No pending jobs. Waiting 10s... (processed 11 jobs so far)

⏳ No pending jobs. Waiting 10s... (processed 11 jobs so far)

⏳ No pending jobs. Waiting 10s... (processed 11 jobs so far)

⏳ No pending jobs. Waiting 10s... (processed 11 jobs so far)

⏳ No pending jobs. Waiting 10s... (processed 11 jobs so far)

⏳ No pending jobs. Waiting 10s... (processed 11 jobs so far)

⏳ No pending jobs. Waiting 10s... (processed 11 jobs so far)

⏳ No pending jobs. Waiting 10s... (processed 11 jobs so far)

⏳ No pending jobs. Waiting 10s... (processed 11 jobs so far)

⏳ No pending jobs. Waiting 10s... (processed 11 jobs so far)

⏳ No pending jobs. Waiting 10s... (processed 11 jobs so far)

⏳ No pending jobs. Waiting 10s... (processed 11 jobs so far)

🔄 Processing job #350 (backfill) - attempt 2/3
   SQL hash: db21a300444909785449840ae0797b71
   📅 Backfill (full): 2026-03-10 → 2025-01-01
      Fetching month 2026-03-01 (1/15)... ✅ 1 rows
      💾 Checkpoint: 1 months processed
      Fetching month 2026-02-01 (2/15)... ✅ 1 rows
      💾 Checkpoint: 2 months processed
      Fetching month 2026-01-01 (3/15)... ✅ 1 rows
      💾 Checkpoint: 3 months processed
      Fetching month 2025-12-01 (4/15)... ✅ 1 rows
      💾 Checkpoint: 4 months processed
      Fetching month 2025-11-01 (5/15)... ✅ 1 rows
      💾 Checkpoint: 5 months processed
      Fetching month 2025-10-01 (6/15)... ✅ 1 rows
      💾 Checkpoint: 6 months processed
      Fetching month 2025-09-01 (7/15)... ✅ 1 rows
      💾 Checkpoint: 7 months processed
      Fetching month 2025-08-01 (8/15)... ✅ 1 rows
      💾 Checkpoint: 8 months processed
      Fetching month 2025-07-01 (9/15)... ✅ 1 rows
      💾 Checkpoint: 9 months processed
      Fetching month 2025-06-01 (10/15)... ✅ 1 rows
      💾 Checkpoint: 10 months processed
      Fetching month 2025-05-01 (11/15)... ✅ 1 rows
      💾 Checkpoint: 11 months processed
      Fetching month 2025-04-01 (12/15)... ✅ 1 rows
      💾 Checkpoint: 12 months processed
      Fetching month 2025-03-01 (13/15)... ✅ 1 rows
      💾 Checkpoint: 13 months processed
      Fetching month 2025-02-01 (14/15)... ✅ 1 rows
      💾 Checkpoint: 14 months processed
      Fetching month 2025-01-01 (15/15)... ✅ 1 rows
      💾 Checkpoint: 15 months processed
   ✅ Backfill (full) complete: 15 total rows
✅ Job #350 SUCCESSFUL: 15 rows

⏳ No pending jobs. Waiting 10s... (processed 12 jobs so far)

⏳ No pending jobs. Waiting 10s... (processed 12 jobs so far)

⏳ No pending jobs. Waiting 10s... (processed 12 jobs so far)

⏳ No pending jobs. Waiting 10s... (processed 12 jobs so far)

⏳ No pending jobs. Waiting 10s... (processed 12 jobs so far)

⏳ No pending jobs. Waiting 10s... (processed 12 jobs so far)

⏳ No pending jobs. Waiting 10s... (processed 12 jobs so far)

⏳ No pending jobs. Waiting 10s... (processed 12 jobs so far)

⏳ No pending jobs. Waiting 10s... (processed 12 jobs so far)

⏳ No pending jobs. Waiting 10s... (processed 12 jobs so far)

⏳ No pending jobs. Waiting 10s... (processed 12 jobs so far)

⏳ No pending jobs. Waiting 10s... (processed 12 jobs so far)

⏳ No pending jobs. Waiting 10s... (processed 12 jobs so far)

⏳ No pending jobs. Waiting 10s... (processed 12 jobs so far)

⏳ No pending jobs. Waiting 10s... (processed 12 jobs so far)

⏳ No pending jobs. Waiting 10s... (processed 12 jobs so far)

⏳ No pending jobs. Waiting 10s... (processed 12 jobs so far)

⏳ No pending jobs. Waiting 10s... (processed 12 jobs so far)

⏳ No pending jobs. Waiting 10s... (processed 12 jobs so far)

⏳ No pending jobs. Waiting 10s... (processed 12 jobs so far)

⏳ No pending jobs. Waiting 10s... (processed 12 jobs so far)

⏳ No pending jobs. Waiting 10s... (processed 12 jobs so far)

⏳ No pending jobs. Waiting 10s... (processed 12 jobs so far)

⏳ No pending jobs. Waiting 10s... (processed 12 jobs so far)

⏳ No pending jobs. Waiting 10s... (processed 12 jobs so far)

⏳ No pending jobs. Waiting 10s... (processed 12 jobs so far)

⏳ No pending jobs. Waiting 10s... (processed 12 jobs so far)

⏳ No pending jobs. Waiting 10s... (processed 12 jobs so far)

⏳ No pending jobs. Waiting 10s... (processed 12 jobs so far)

⏳ No pending jobs. Waiting 10s... (processed 12 jobs so far)

⏳ No pending jobs. Waiting 10s... (processed 12 jobs so far)

⏳ No pending jobs. Waiting 10s... (processed 12 jobs so far)

⏳ No pending jobs. Waiting 10s... (processed 12 jobs so far)

⏳ No pending jobs. Waiting 10s... (processed 12 jobs so far)

⏳ No pending jobs. Waiting 10s... (processed 12 jobs so far)

⏳ No pending jobs. Waiting 10s... (processed 12 jobs so far)

⏳ No pending jobs. Waiting 10s... (processed 12 jobs so far)

⏳ No pending jobs. Waiting 10s... (processed 12 jobs so far)

⏳ No pending jobs. Waiting 10s... (processed 12 jobs so far)

⏳ No pending jobs. Waiting 10s... (processed 12 jobs so far)

⏳ No pending jobs. Waiting 10s... (processed 12 jobs so far)

⏳ No pending jobs. Waiting 10s... (processed 12 jobs so far)

⏳ No pending jobs. Waiting 10s... (processed 12 jobs so far)

⏳ No pending jobs. Waiting 10s... (processed 12 jobs so far)

⏳ No pending jobs. Waiting 10s... (processed 12 jobs so far)

⏳ No pending jobs. Waiting 10s... (processed 12 jobs so far)

⏳ No pending jobs. Waiting 10s... (processed 12 jobs so far)

⏳ No pending jobs. Waiting 10s... (processed 12 jobs so far)

⏳ No pending jobs. Waiting 10s... (processed 12 jobs so far)

⏳ No pending jobs. Waiting 10s... (processed 12 jobs so far)

⏳ No pending jobs. Waiting 10s... (processed 12 jobs so far)

⏳ No pending jobs. Waiting 10s... (processed 12 jobs so far)

⏳ No pending jobs. Waiting 10s... (processed 12 jobs so far)

⏳ No pending jobs. Waiting 10s... (processed 12 jobs so far)

⏳ No pending jobs. Waiting 10s... (processed 12 jobs so far)

⏳ No pending jobs. Waiting 10s... (processed 12 jobs so far)

⏳ No pending jobs. Waiting 10s... (processed 12 jobs so far)

⏳ No pending jobs. Waiting 10s... (processed 12 jobs so far)

⏳ No pending jobs. Waiting 10s... (processed 12 jobs so far)

⏳ No pending jobs. Waiting 10s... (processed 12 jobs so far)

⏳ No pending jobs. Waiting 10s... (processed 12 jobs so far)

⏳ No pending jobs. Waiting 10s... (processed 12 jobs so far)

⏳ No pending jobs. Waiting 10s... (processed 12 jobs so far)

⏳ No pending jobs. Waiting 10s... (processed 12 jobs so far)

⏳ No pending jobs. Waiting 10s... (processed 12 jobs so far)

⏳ No pending jobs. Waiting 10s... (processed 12 jobs so far)

⏳ No pending jobs. Waiting 10s... (processed 12 jobs so far)

⏳ No pending jobs. Waiting 10s... (processed 12 jobs so far)

⏳ No pending jobs. Waiting 10s... (processed 12 jobs so far)

⏳ No pending jobs. Waiting 10s... (processed 12 jobs so far)

⏳ No pending jobs. Waiting 10s... (processed 12 jobs so far)

⏳ No pending jobs. Waiting 10s... (processed 12 jobs so far)

⏳ No pending jobs. Waiting 10s... (processed 12 jobs so far)

⏳ No pending jobs. Waiting 10s... (processed 12 jobs so far)

⏳ No pending jobs. Waiting 10s... (processed 12 jobs so far)

⏳ No pending jobs. Waiting 10s... (processed 12 jobs so far)

⏳ No pending jobs. Waiting 10s... (processed 12 jobs so far)

⏳ No pending jobs. Waiting 10s... (processed 12 jobs so far)

⏳ No pending jobs. Waiting 10s... (processed 12 jobs so far)

⏳ No pending jobs. Waiting 10s... (processed 12 jobs so far)

⏳ No pending jobs. Waiting 10s... (processed 12 jobs so far)

⏳ No pending jobs. Waiting 10s... (processed 12 jobs so far)

🔄 Processing job #354 (backfill) - attempt 1/3
   SQL hash: 0fd6c6c2e3665b6d124b92b97982193e
   📅 Backfill (full): 2026-03-10 → 2025-01-01
      Fetching month 2026-03-01 (1/15)... ✅ 4 rows
      💾 Checkpoint: 1 months processed
      Fetching month 2026-02-01 (2/15)... ❌ Error: Execution failed on sql '-- Description: Monthly active traders by category
-- Shows monthly unique active traders per protocol category
-- Categories: public_amm, prop_amm, aggregator, launchpad

WITH program_names AS (
    SELECT * FROM (VALUES
        -- Public AMM
        ('675kPX9MHTjS2zt1qfr1NYHuzeLXfQM9H24wFSUt1Mp8', 'Raydium V4', 'public_amm'),
        ('CAMMCzo5YL8w4VFF8KVHrK22GGUsp5VTaW7grrKgrWqK', 'Raydium CLMM', 'public_amm'),
        ('CPMMoo8L3F4NbTegBCKVNunggL7H1ZpdTHKxQB5qKP1C', 'Raydium CPMM', 'public_amm'),
        ('5quBtoiQqxF9Jv6KYKctB59NT3gtJD2Y65kdnB1Uev3h', 'Raydium Stable', 'public_amm'),
        ('LanMV9sAd7wArD4vJFi2qDdfnVhFxYSUg6eADduJ3uj', 'Raydium Launchlab', 'public_amm'),
        ('LBUZKhRxPF3XUpBCjp4YzTKgLccjZhTSDM9YuVaPwxo', 'Meteora DLMM', 'public_amm'),
        ('cpamdpZCGKUy5JxQXB4dcpGPiikHawvSWAd6mEn1sGG', 'Meteora DAMM v2', 'public_amm'),
        ('Eo7WjKq67rjJQSZxS6z3YkapzY3eMj6Xy8X5EQVn5UaB', 'Meteora', 'public_amm'),
        ('whirLbMiicVdio4qvUfM5KAg6Ct8VwpYzGff3uctyCc', 'Whirlpool', 'public_amm'),
        ('PhoeNiXZ8ByJGLkxNfZRnkUfjvmuYqLR89jjFHGqdXY', 'Phoenix', 'public_amm'),
        ('2wT8Yq49kHgDzXuPxZSaeLaH1qbmGXtEyPy64bL7aD3c', 'Lifinity Swap V2', 'public_amm'),
        ('SSwpkEEcbUqx4vtoEByFjSkhKdCT862DNVb52nZg1UZ', 'Saber', 'public_amm'),
        ('DecZY86MU5Gj7kppfUCEmd4LbXXuyZH1yHaP2NTqdiZB', 'Saber Decimals', 'public_amm'),
        ('SSwapUtytfBdBn1b9NUGG6foMVPtcWgpRU32HToDUZr', 'Saros', 'public_amm'),
        ('1qbkdrr3z4ryLA7pZykqvxWPoeifcVKo6ZG9CfkvVE', 'Saros DLMM', 'public_amm'),
        ('5ocnV1qiCgaQR8Jb8xWnVbApfaygJ8tNoZfgPwsgx9kx', 'Sanctum Infinity', 'public_amm'),
        ('stkitrT1Uoy18Dk1fTrgPw8W6MVzoCfYoAFT4MLsmhq', 'Sanctum', 'public_amm'),
        ('opnb2LAfJYbRMAHHvqjCwQxanZn7ReEHp1k81EohpZb', 'OpenBook V2', 'public_amm'),
        ('HpNfyc2Saw7RKkQd8nEL4khUcuPhQ7WwY1B2qjx8jxFq', 'PancakeSwap', 'public_amm'),
        ('MNFSTqtC93rEfYHB6hF82sKdZpUDFWkViLByLd1k1Ms', 'Manifest', 'public_amm'),
        ('WooFif76YGRNjk1pA8wCsN67aQsD9f9iLsz4NcJ1AVb', 'Woofi', 'public_amm'),
        ('swapNyd8XiQwJ6ianp9snpu4brUqFxadzvHebnAXjJZ', 'Stabble Stable', 'public_amm'),
        ('AMM55ShdkoGRB5jVYPjWziwk8m5MpwyDgsMWHaMSQWH6', 'Aldrin', 'public_amm'),
        ('CURVGoZn8zycx6FXwwevgBTB2gVvdbGTEpvMJDbgs2t4', 'Aldrin V2', 'public_amm'),
        ('FLUXubRmkEi2q6K3Y9kBPg9248ggaZVsoSFhtJHSrm1X', 'FluxBeam', 'public_amm'),
        ('srAMMzfVHVAtgSJc8iH6CfKzuWuUTzLHVCE81QU1rgi', 'Gavel', 'public_amm'),
        ('FW6zUqn4iKRaeopwwhwsquTY6ABWLLgjxtrC3VPnaWBf', 'WhaleStreet', 'public_amm'),
        ('REALQqNEomY6cQGZJUGwywTBD2UmDT32rZcNnfxQ5N2', 'Byreal', 'public_amm'),
        ('Dooar9JkhdZ7J3LHN3A7YCuoGRUggXhQaG4kijfLGU2j', 'StepN', 'public_amm'),
        ('HEAVENoP2qxoeuF8Dj2oT1GHEnu49U5mJYkdeC8BAX2o', 'Heaven', 'public_amm'),
        ('MoonCVVNZFSYkqNXP6bxHLPL6QQJiMagDL3qcqUQTrG', 'Moonit', 'public_amm'),
        ('vrTGoBuy5rYSxAfV3jaRJWHH6nN9WK4NRExGxsk1bCJ', 'Vertigo', 'public_amm'),
        ('5U3EU2ubXtK84QcRjWVmYt9RaDyA8gKxdUrPFXmZyaki', 'Virtuals', 'public_amm'),
        ('deus4Bvftd5QKcEkE5muQaWGWDoma8GrySvPFrBPjhS', 'Mastermind', 'public_amm'),
        ('boop8hVGQGqehUK2iVEMEnMrL5RbjywRzHKBmBE7ry4', 'Boop.fun', 'public_amm'),
        
        -- Prop AMM
        ('ZERor4xhbUycZ6gb9ntrhqscUcZmAbQDjEAtCf4hbZY', 'ZeroFi', 'prop_amm'),
        ('9H6tua7jkLhdm3w8BvgpTn5LZNU7g4ZynDmCiNN3q6Rp', 'HumidiFi', 'prop_amm'),
        ('ALPHAQmeA7bjrVuccPsYPiCvsi428SNwte66Srvs4pHA', 'AlphaQ', 'prop_amm'),
        ('SV2EYYJyRz2YhfXwXnhNAevDEui5Q6yrfyo13WtupPF', 'SolFi V2', 'prop_amm'),
        ('goonERTdGsjnkZqWuVjs73BZ3Pb9qoCUdBUL17BnS5j', 'GoonFi', 'prop_amm'),
        ('TessVdML9pBGgG9yGks7o4HewRaXVAMuoVj4x83GLQH', 'TesseraV', 'prop_amm'),
        ('obriQD1zbpyLz95G5n7nJe6a4DPjpFwa5XYPoNm113y', 'Obric V2', 'prop_amm'),
        ('AQU1FRd7papthgdrwPTTq5JacJh8YtwEXaBfKU3bTz45', 'Aquifer', 'prop_amm'),
        ('BiSoNHVpsVZW2F7rx2eQ59yQwKxzU5NvBcmKshCSUypi', 'BisonFi', 'prop_amm'),
        
        -- Aggregator
        ('JUP6LkbZbjS1jKKwapdHNy74zcZ3tLUZoi5QNyVTaV4', 'Jupiter', 'aggregator'),
        ('6m2CDdhRgxpH4WjvdzxAYbGxwdGUz5MziiL5jek2kBma', 'OKX V1', 'aggregator'),
        ('proVF4pMXVaYqmy4NjniPh4pqKNfMmsihgd4wdkCX3u', 'OKX V2', 'aggregator'),
        ('T1TANpTeScyeqVzzgNViGDNrkQ6qHz9KrSBS4aNXvGT', 'Titan', 'aggregator'),
        ('DF1ow4tspfHX9JwWJsAb9epbkA8hmpSEAtxXy1V27QBF', 'DFlow', 'aggregator'),
        
        -- Launchpad
        ('pAMMBay6oceH9fJKBRHGP5D4bD4sWpmSwMn52FMfXEA', 'Pump.fun AMM', 'public_amm'),
        ('6EF8rrecthR5Dkzon8Nwu78hRvfCKubJ14M5uBEwF6P', 'Pump.fun', 'launchpad'),
        ('dbcij3LWUppWqq96dh6gJWwBifmcGfLSB5D4DuSMaqN', 'Meteora DBC', 'launchpad')
    ) AS t(program, program_name, category)
),
active_traders_by_category AS (
    SELECT
        pn.category,
        COUNT(DISTINCT t.signer) as active_traders
    FROM solana.dex_trades t
    JOIN program_names pn ON t.outer_program = pn.program
    WHERE DATE_TRUNC('month', t.block_date) = DATE('2026-02-01')
      AND t.block_date < CURRENT_DATE
    GROUP BY pn.category
)

SELECT
    DATE('2026-02-01') as month,
    category,
    active_traders
FROM active_traders_by_category
ORDER BY active_traders DESC
': (trino.exceptions.TrinoQueryError) TrinoQueryError(type=INTERNAL_ERROR, name=GENERIC_INTERNAL_ERROR, message="java.io.IOException: Failed to open S3 file: s3://iceberg-warehouse/solana/dex_trades_v2/data/block_date=2026-02-09/data-00000-fdedc5c2-157f-4a8a-a865-330ad5086906.parquet", query_id=20260310_103412_00004_tvaaa)
[SQL: -- Description: Monthly active traders by category
-- Shows monthly unique active traders per protocol category
-- Categories: public_amm, prop_amm, aggregator, launchpad

WITH program_names AS (
    SELECT * FROM (VALUES
        -- Public AMM
        ('675kPX9MHTjS2zt1qfr1NYHuzeLXfQM9H24wFSUt1Mp8', 'Raydium V4', 'public_amm'),
        ('CAMMCzo5YL8w4VFF8KVHrK22GGUsp5VTaW7grrKgrWqK', 'Raydium CLMM', 'public_amm'),
        ('CPMMoo8L3F4NbTegBCKVNunggL7H1ZpdTHKxQB5qKP1C', 'Raydium CPMM', 'public_amm'),
        ('5quBtoiQqxF9Jv6KYKctB59NT3gtJD2Y65kdnB1Uev3h', 'Raydium Stable', 'public_amm'),
        ('LanMV9sAd7wArD4vJFi2qDdfnVhFxYSUg6eADduJ3uj', 'Raydium Launchlab', 'public_amm'),
        ('LBUZKhRxPF3XUpBCjp4YzTKgLccjZhTSDM9YuVaPwxo', 'Meteora DLMM', 'public_amm'),
        ('cpamdpZCGKUy5JxQXB4dcpGPiikHawvSWAd6mEn1sGG', 'Meteora DAMM v2', 'public_amm'),
        ('Eo7WjKq67rjJQSZxS6z3YkapzY3eMj6Xy8X5EQVn5UaB', 'Meteora', 'public_amm'),
        ('whirLbMiicVdio4qvUfM5KAg6Ct8VwpYzGff3uctyCc', 'Whirlpool', 'public_amm'),
        ('PhoeNiXZ8ByJGLkxNfZRnkUfjvmuYqLR89jjFHGqdXY', 'Phoenix', 'public_amm'),
        ('2wT8Yq49kHgDzXuPxZSaeLaH1qbmGXtEyPy64bL7aD3c', 'Lifinity Swap V2', 'public_amm'),
        ('SSwpkEEcbUqx4vtoEByFjSkhKdCT862DNVb52nZg1UZ', 'Saber', 'public_amm'),
        ('DecZY86MU5Gj7kppfUCEmd4LbXXuyZH1yHaP2NTqdiZB', 'Saber Decimals', 'public_amm'),
        ('SSwapUtytfBdBn1b9NUGG6foMVPtcWgpRU32HToDUZr', 'Saros', 'public_amm'),
        ('1qbkdrr3z4ryLA7pZykqvxWPoeifcVKo6ZG9CfkvVE', 'Saros DLMM', 'public_amm'),
        ('5ocnV1qiCgaQR8Jb8xWnVbApfaygJ8tNoZfgPwsgx9kx', 'Sanctum Infinity', 'public_amm'),
        ('stkitrT1Uoy18Dk1fTrgPw8W6MVzoCfYoAFT4MLsmhq', 'Sanctum', 'public_amm'),
        ('opnb2LAfJYbRMAHHvqjCwQxanZn7ReEHp1k81EohpZb', 'OpenBook V2', 'public_amm'),
        ('HpNfyc2Saw7RKkQd8nEL4khUcuPhQ7WwY1B2qjx8jxFq', 'PancakeSwap', 'public_amm'),
        ('MNFSTqtC93rEfYHB6hF82sKdZpUDFWkViLByLd1k1Ms', 'Manifest', 'public_amm'),
        ('WooFif76YGRNjk1pA8wCsN67aQsD9f9iLsz4NcJ1AVb', 'Woofi', 'public_amm'),
        ('swapNyd8XiQwJ6ianp9snpu4brUqFxadzvHebnAXjJZ', 'Stabble Stable', 'public_amm'),
        ('AMM55ShdkoGRB5jVYPjWziwk8m5MpwyDgsMWHaMSQWH6', 'Aldrin', 'public_amm'),
        ('CURVGoZn8zycx6FXwwevgBTB2gVvdbGTEpvMJDbgs2t4', 'Aldrin V2', 'public_amm'),
        ('FLUXubRmkEi2q6K3Y9kBPg9248ggaZVsoSFhtJHSrm1X', 'FluxBeam', 'public_amm'),
        ('srAMMzfVHVAtgSJc8iH6CfKzuWuUTzLHVCE81QU1rgi', 'Gavel', 'public_amm'),
        ('FW6zUqn4iKRaeopwwhwsquTY6ABWLLgjxtrC3VPnaWBf', 'WhaleStreet', 'public_amm'),
        ('REALQqNEomY6cQGZJUGwywTBD2UmDT32rZcNnfxQ5N2', 'Byreal', 'public_amm'),
        ('Dooar9JkhdZ7J3LHN3A7YCuoGRUggXhQaG4kijfLGU2j', 'StepN', 'public_amm'),
        ('HEAVENoP2qxoeuF8Dj2oT1GHEnu49U5mJYkdeC8BAX2o', 'Heaven', 'public_amm'),
        ('MoonCVVNZFSYkqNXP6bxHLPL6QQJiMagDL3qcqUQTrG', 'Moonit', 'public_amm'),
        ('vrTGoBuy5rYSxAfV3jaRJWHH6nN9WK4NRExGxsk1bCJ', 'Vertigo', 'public_amm'),
        ('5U3EU2ubXtK84QcRjWVmYt9RaDyA8gKxdUrPFXmZyaki', 'Virtuals', 'public_amm'),
        ('deus4Bvftd5QKcEkE5muQaWGWDoma8GrySvPFrBPjhS', 'Mastermind', 'public_amm'),
        ('boop8hVGQGqehUK2iVEMEnMrL5RbjywRzHKBmBE7ry4', 'Boop.fun', 'public_amm'),
        
        -- Prop AMM
        ('ZERor4xhbUycZ6gb9ntrhqscUcZmAbQDjEAtCf4hbZY', 'ZeroFi', 'prop_amm'),
        ('9H6tua7jkLhdm3w8BvgpTn5LZNU7g4ZynDmCiNN3q6Rp', 'HumidiFi', 'prop_amm'),
        ('ALPHAQmeA7bjrVuccPsYPiCvsi428SNwte66Srvs4pHA', 'AlphaQ', 'prop_amm'),
        ('SV2EYYJyRz2YhfXwXnhNAevDEui5Q6yrfyo13WtupPF', 'SolFi V2', 'prop_amm'),
        ('goonERTdGsjnkZqWuVjs73BZ3Pb9qoCUdBUL17BnS5j', 'GoonFi', 'prop_amm'),
        ('TessVdML9pBGgG9yGks7o4HewRaXVAMuoVj4x83GLQH', 'TesseraV', 'prop_amm'),
        ('obriQD1zbpyLz95G5n7nJe6a4DPjpFwa5XYPoNm113y', 'Obric V2', 'prop_amm'),
        ('AQU1FRd7papthgdrwPTTq5JacJh8YtwEXaBfKU3bTz45', 'Aquifer', 'prop_amm'),
        ('BiSoNHVpsVZW2F7rx2eQ59yQwKxzU5NvBcmKshCSUypi', 'BisonFi', 'prop_amm'),
        
        -- Aggregator
        ('JUP6LkbZbjS1jKKwapdHNy74zcZ3tLUZoi5QNyVTaV4', 'Jupiter', 'aggregator'),
        ('6m2CDdhRgxpH4WjvdzxAYbGxwdGUz5MziiL5jek2kBma', 'OKX V1', 'aggregator'),
        ('proVF4pMXVaYqmy4NjniPh4pqKNfMmsihgd4wdkCX3u', 'OKX V2', 'aggregator'),
        ('T1TANpTeScyeqVzzgNViGDNrkQ6qHz9KrSBS4aNXvGT', 'Titan', 'aggregator'),
        ('DF1ow4tspfHX9JwWJsAb9epbkA8hmpSEAtxXy1V27QBF', 'DFlow', 'aggregator'),
        
        -- Launchpad
        ('pAMMBay6oceH9fJKBRHGP5D4bD4sWpmSwMn52FMfXEA', 'Pump.fun AMM', 'public_amm'),
        ('6EF8rrecthR5Dkzon8Nwu78hRvfCKubJ14M5uBEwF6P', 'Pump.fun', 'launchpad'),
        ('dbcij3LWUppWqq96dh6gJWwBifmcGfLSB5D4DuSMaqN', 'Meteora DBC', 'launchpad')
    ) AS t(program, program_name, category)
),
active_traders_by_category AS (
    SELECT
        pn.category,
        COUNT(DISTINCT t.signer) as active_traders
    FROM solana.dex_trades t
    JOIN program_names pn ON t.outer_program = pn.program
    WHERE DATE_TRUNC('month', t.block_date) = DATE('2026-02-01')
      AND t.block_date < CURRENT_DATE
    GROUP BY pn.category
)

SELECT
    DATE('2026-02-01') as month,
    category,
    active_traders
FROM active_traders_by_category
ORDER BY active_traders DESC
]
(Background on this error at: https://sqlalche.me/e/20/dbapi)
❌ Trino query error: Execution failed on sql '-- Description: Monthly active traders by category
-- Shows monthly unique active traders per protocol category
-- Categories: public_amm, prop_amm, aggregator, launchpad

WITH program_names AS (
    SELECT * FROM (VALUES
        -- Public AMM
        ('675kPX9MHTjS2zt1qfr1NYHuzeLXfQM9H24wFSUt1Mp8', 'Raydium V4', 'public_amm'),
        ('CAMMCzo5YL8w4VFF8KVHrK22GGUsp5VTaW7grrKgrWqK', 'Raydium CLMM', 'public_amm'),
        ('CPMMoo8L3F4NbTegBCKVNunggL7H1ZpdTHKxQB5qKP1C', 'Raydium CPMM', 'public_amm'),
        ('5quBtoiQqxF9Jv6KYKctB59NT3gtJD2Y65kdnB1Uev3h', 'Raydium Stable', 'public_amm'),
        ('LanMV9sAd7wArD4vJFi2qDdfnVhFxYSUg6eADduJ3uj', 'Raydium Launchlab', 'public_amm'),
        ('LBUZKhRxPF3XUpBCjp4YzTKgLccjZhTSDM9YuVaPwxo', 'Meteora DLMM', 'public_amm'),
        ('cpamdpZCGKUy5JxQXB4dcpGPiikHawvSWAd6mEn1sGG', 'Meteora DAMM v2', 'public_amm'),
        ('Eo7WjKq67rjJQSZxS6z3YkapzY3eMj6Xy8X5EQVn5UaB', 'Meteora', 'public_amm'),
        ('whirLbMiicVdio4qvUfM5KAg6Ct8VwpYzGff3uctyCc', 'Whirlpool', 'public_amm'),
        ('PhoeNiXZ8ByJGLkxNfZRnkUfjvmuYqLR89jjFHGqdXY', 'Phoenix', 'public_amm'),
        ('2wT8Yq49kHgDzXuPxZSaeLaH1qbmGXtEyPy64bL7aD3c', 'Lifinity Swap V2', 'public_amm'),
        ('SSwpkEEcbUqx4vtoEByFjSkhKdCT862DNVb52nZg1UZ', 'Saber', 'public_amm'),
        ('DecZY86MU5Gj7kppfUCEmd4LbXXuyZH1yHaP2NTqdiZB', 'Saber Decimals', 'public_amm'),
        ('SSwapUtytfBdBn1b9NUGG6foMVPtcWgpRU32HToDUZr', 'Saros', 'public_amm'),
        ('1qbkdrr3z4ryLA7pZykqvxWPoeifcVKo6ZG9CfkvVE', 'Saros DLMM', 'public_amm'),
        ('5ocnV1qiCgaQR8Jb8xWnVbApfaygJ8tNoZfgPwsgx9kx', 'Sanctum Infinity', 'public_amm'),
        ('stkitrT1Uoy18Dk1fTrgPw8W6MVzoCfYoAFT4MLsmhq', 'Sanctum', 'public_amm'),
        ('opnb2LAfJYbRMAHHvqjCwQxanZn7ReEHp1k81EohpZb', 'OpenBook V2', 'public_amm'),
        ('HpNfyc2Saw7RKkQd8nEL4khUcuPhQ7WwY1B2qjx8jxFq', 'PancakeSwap', 'public_amm'),
        ('MNFSTqtC93rEfYHB6hF82sKdZpUDFWkViLByLd1k1Ms', 'Manifest', 'public_amm'),
        ('WooFif76YGRNjk1pA8wCsN67aQsD9f9iLsz4NcJ1AVb', 'Woofi', 'public_amm'),
        ('swapNyd8XiQwJ6ianp9snpu4brUqFxadzvHebnAXjJZ', 'Stabble Stable', 'public_amm'),
        ('AMM55ShdkoGRB5jVYPjWziwk8m5MpwyDgsMWHaMSQWH6', 'Aldrin', 'public_amm'),
        ('CURVGoZn8zycx6FXwwevgBTB2gVvdbGTEpvMJDbgs2t4', 'Aldrin V2', 'public_amm'),
        ('FLUXubRmkEi2q6K3Y9kBPg9248ggaZVsoSFhtJHSrm1X', 'FluxBeam', 'public_amm'),
        ('srAMMzfVHVAtgSJc8iH6CfKzuWuUTzLHVCE81QU1rgi', 'Gavel', 'public_amm'),
        ('FW6zUqn4iKRaeopwwhwsquTY6ABWLLgjxtrC3VPnaWBf', 'WhaleStreet', 'public_amm'),
        ('REALQqNEomY6cQGZJUGwywTBD2UmDT32rZcNnfxQ5N2', 'Byreal', 'public_amm'),
        ('Dooar9JkhdZ7J3LHN3A7YCuoGRUggXhQaG4kijfLGU2j', 'StepN', 'public_amm'),
        ('HEAVENoP2qxoeuF8Dj2oT1GHEnu49U5mJYkdeC8BAX2o', 'Heaven', 'public_amm'),
        ('MoonCVVNZFSYkqNXP6bxHLPL6QQJiMagDL3qcqUQTrG', 'Moonit', 'public_amm'),
        ('vrTGoBuy5rYSxAfV3jaRJWHH6nN9WK4NRExGxsk1bCJ', 'Vertigo', 'public_amm'),
        ('5U3EU2ubXtK84QcRjWVmYt9RaDyA8gKxdUrPFXmZyaki', 'Virtuals', 'public_amm'),
        ('deus4Bvftd5QKcEkE5muQaWGWDoma8GrySvPFrBPjhS', 'Mastermind', 'public_amm'),
        ('boop8hVGQGqehUK2iVEMEnMrL5RbjywRzHKBmBE7ry4', 'Boop.fun', 'public_amm'),
        
        -- Prop AMM
        ('ZERor4xhbUycZ6gb9ntrhqscUcZmAbQDjEAtCf4hbZY', 'ZeroFi', 'prop_amm'),
        ('9H6tua7jkLhdm3w8BvgpTn5LZNU7g4ZynDmCiNN3q6Rp', 'HumidiFi', 'prop_amm'),
        ('ALPHAQmeA7bjrVuccPsYPiCvsi428SNwte66Srvs4pHA', 'AlphaQ', 'prop_amm'),
        ('SV2EYYJyRz2YhfXwXnhNAevDEui5Q6yrfyo13WtupPF', 'SolFi V2', 'prop_amm'),
        ('goonERTdGsjnkZqWuVjs73BZ3Pb9qoCUdBUL17BnS5j', 'GoonFi', 'prop_amm'),
        ('TessVdML9pBGgG9yGks7o4HewRaXVAMuoVj4x83GLQH', 'TesseraV', 'prop_amm'),
        ('obriQD1zbpyLz95G5n7nJe6a4DPjpFwa5XYPoNm113y', 'Obric V2', 'prop_amm'),
        ('AQU1FRd7papthgdrwPTTq5JacJh8YtwEXaBfKU3bTz45', 'Aquifer', 'prop_amm'),
        ('BiSoNHVpsVZW2F7rx2eQ59yQwKxzU5NvBcmKshCSUypi', 'BisonFi', 'prop_amm'),
        
        -- Aggregator
        ('JUP6LkbZbjS1jKKwapdHNy74zcZ3tLUZoi5QNyVTaV4', 'Jupiter', 'aggregator'),
        ('6m2CDdhRgxpH4WjvdzxAYbGxwdGUz5MziiL5jek2kBma', 'OKX V1', 'aggregator'),
        ('proVF4pMXVaYqmy4NjniPh4pqKNfMmsihgd4wdkCX3u', 'OKX V2', 'aggregator'),
        ('T1TANpTeScyeqVzzgNViGDNrkQ6qHz9KrSBS4aNXvGT', 'Titan', 'aggregator'),
        ('DF1ow4tspfHX9JwWJsAb9epbkA8hmpSEAtxXy1V27QBF', 'DFlow', 'aggregator'),
        
        -- Launchpad
        ('pAMMBay6oceH9fJKBRHGP5D4bD4sWpmSwMn52FMfXEA', 'Pump.fun AMM', 'public_amm'),
        ('6EF8rrecthR5Dkzon8Nwu78hRvfCKubJ14M5uBEwF6P', 'Pump.fun', 'launchpad'),
        ('dbcij3LWUppWqq96dh6gJWwBifmcGfLSB5D4DuSMaqN', 'Meteora DBC', 'launchpad')
    ) AS t(program, program_name, category)
),
active_traders_by_category AS (
    SELECT
        pn.category,
        COUNT(DISTINCT t.signer) as active_traders
    FROM solana.dex_trades t
    JOIN program_names pn ON t.outer_program = pn.program
    WHERE DATE_TRUNC('month', t.block_date) = DATE('2026-02-01')
      AND t.block_date < CURRENT_DATE
    GROUP BY pn.category
)

SELECT
    DATE('2026-02-01') as month,
    category,
    active_traders
FROM active_traders_by_category
ORDER BY active_traders DESC
': (trino.exceptions.TrinoQueryError) TrinoQueryError(type=INTERNAL_ERROR, name=GENERIC_INTERNAL_ERROR, message="java.io.IOException: Failed to open S3 file: s3://iceberg-warehouse/solana/dex_trades_v2/data/block_date=2026-02-09/data-00000-fdedc5c2-157f-4a8a-a865-330ad5086906.parquet", query_id=20260310_103412_00004_tvaaa)
[SQL: -- Description: Monthly active traders by category
-- Shows monthly unique active traders per protocol category
-- Categories: public_amm, prop_amm, aggregator, launchpad

WITH program_names AS (
    SELECT * FROM (VALUES
        -- Public AMM
        ('675kPX9MHTjS2zt1qfr1NYHuzeLXfQM9H24wFSUt1Mp8', 'Raydium V4', 'public_amm'),
        ('CAMMCzo5YL8w4VFF8KVHrK22GGUsp5VTaW7grrKgrWqK', 'Raydium CLMM', 'public_amm'),
        ('CPMMoo8L3F4NbTegBCKVNunggL7H1ZpdTHKxQB5qKP1C', 'Raydium CPMM', 'public_amm'),
        ('5quBtoiQqxF9Jv6KYKctB59NT3gtJD2Y65kdnB1Uev3h', 'Raydium Stable', 'public_amm'),
        ('LanMV9sAd7wArD4vJFi2qDdfnVhFxYSUg6eADduJ3uj', 'Raydium Launchlab', 'public_amm'),
        ('LBUZKhRxPF3XUpBCjp4YzTKgLccjZhTSDM9YuVaPwxo', 'Meteora DLMM', 'public_amm'),
        ('cpamdpZCGKUy5JxQXB4dcpGPiikHawvSWAd6mEn1sGG', 'Meteora DAMM v2', 'public_amm'),
        ('Eo7WjKq67rjJQSZxS6z3YkapzY3eMj6Xy8X5EQVn5UaB', 'Meteora', 'public_amm'),
        ('whirLbMiicVdio4qvUfM5KAg6Ct8VwpYzGff3uctyCc', 'Whirlpool', 'public_amm'),
        ('PhoeNiXZ8ByJGLkxNfZRnkUfjvmuYqLR89jjFHGqdXY', 'Phoenix', 'public_amm'),
        ('2wT8Yq49kHgDzXuPxZSaeLaH1qbmGXtEyPy64bL7aD3c', 'Lifinity Swap V2', 'public_amm'),
        ('SSwpkEEcbUqx4vtoEByFjSkhKdCT862DNVb52nZg1UZ', 'Saber', 'public_amm'),
        ('DecZY86MU5Gj7kppfUCEmd4LbXXuyZH1yHaP2NTqdiZB', 'Saber Decimals', 'public_amm'),
        ('SSwapUtytfBdBn1b9NUGG6foMVPtcWgpRU32HToDUZr', 'Saros', 'public_amm'),
        ('1qbkdrr3z4ryLA7pZykqvxWPoeifcVKo6ZG9CfkvVE', 'Saros DLMM', 'public_amm'),
        ('5ocnV1qiCgaQR8Jb8xWnVbApfaygJ8tNoZfgPwsgx9kx', 'Sanctum Infinity', 'public_amm'),
        ('stkitrT1Uoy18Dk1fTrgPw8W6MVzoCfYoAFT4MLsmhq', 'Sanctum', 'public_amm'),
        ('opnb2LAfJYbRMAHHvqjCwQxanZn7ReEHp1k81EohpZb', 'OpenBook V2', 'public_amm'),
        ('HpNfyc2Saw7RKkQd8nEL4khUcuPhQ7WwY1B2qjx8jxFq', 'PancakeSwap', 'public_amm'),
        ('MNFSTqtC93rEfYHB6hF82sKdZpUDFWkViLByLd1k1Ms', 'Manifest', 'public_amm'),
        ('WooFif76YGRNjk1pA8wCsN67aQsD9f9iLsz4NcJ1AVb', 'Woofi', 'public_amm'),
        ('swapNyd8XiQwJ6ianp9snpu4brUqFxadzvHebnAXjJZ', 'Stabble Stable', 'public_amm'),
        ('AMM55ShdkoGRB5jVYPjWziwk8m5MpwyDgsMWHaMSQWH6', 'Aldrin', 'public_amm'),
        ('CURVGoZn8zycx6FXwwevgBTB2gVvdbGTEpvMJDbgs2t4', 'Aldrin V2', 'public_amm'),
        ('FLUXubRmkEi2q6K3Y9kBPg9248ggaZVsoSFhtJHSrm1X', 'FluxBeam', 'public_amm'),
        ('srAMMzfVHVAtgSJc8iH6CfKzuWuUTzLHVCE81QU1rgi', 'Gavel', 'public_amm'),
        ('FW6zUqn4iKRaeopwwhwsquTY6ABWLLgjxtrC3VPnaWBf', 'WhaleStreet', 'public_amm'),
        ('REALQqNEomY6cQGZJUGwywTBD2UmDT32rZcNnfxQ5N2', 'Byreal', 'public_amm'),
        ('Dooar9JkhdZ7J3LHN3A7YCuoGRUggXhQaG4kijfLGU2j', 'StepN', 'public_amm'),
        ('HEAVENoP2qxoeuF8Dj2oT1GHEnu49U5mJYkdeC8BAX2o', 'Heaven', 'public_amm'),
        ('MoonCVVNZFSYkqNXP6bxHLPL6QQJiMagDL3qcqUQTrG', 'Moonit', 'public_amm'),
        ('vrTGoBuy5rYSxAfV3jaRJWHH6nN9WK4NRExGxsk1bCJ', 'Vertigo', 'public_amm'),
        ('5U3EU2ubXtK84QcRjWVmYt9RaDyA8gKxdUrPFXmZyaki', 'Virtuals', 'public_amm'),
        ('deus4Bvftd5QKcEkE5muQaWGWDoma8GrySvPFrBPjhS', 'Mastermind', 'public_amm'),
        ('boop8hVGQGqehUK2iVEMEnMrL5RbjywRzHKBmBE7ry4', 'Boop.fun', 'public_amm'),
        
        -- Prop AMM
        ('ZERor4xhbUycZ6gb9ntrhqscUcZmAbQDjEAtCf4hbZY', 'ZeroFi', 'prop_amm'),
        ('9H6tua7jkLhdm3w8BvgpTn5LZNU7g4ZynDmCiNN3q6Rp', 'HumidiFi', 'prop_amm'),
        ('ALPHAQmeA7bjrVuccPsYPiCvsi428SNwte66Srvs4pHA', 'AlphaQ', 'prop_amm'),
        ('SV2EYYJyRz2YhfXwXnhNAevDEui5Q6yrfyo13WtupPF', 'SolFi V2', 'prop_amm'),
        ('goonERTdGsjnkZqWuVjs73BZ3Pb9qoCUdBUL17BnS5j', 'GoonFi', 'prop_amm'),
        ('TessVdML9pBGgG9yGks7o4HewRaXVAMuoVj4x83GLQH', 'TesseraV', 'prop_amm'),
        ('obriQD1zbpyLz95G5n7nJe6a4DPjpFwa5XYPoNm113y', 'Obric V2', 'prop_amm'),
        ('AQU1FRd7papthgdrwPTTq5JacJh8YtwEXaBfKU3bTz45', 'Aquifer', 'prop_amm'),
        ('BiSoNHVpsVZW2F7rx2eQ59yQwKxzU5NvBcmKshCSUypi', 'BisonFi', 'prop_amm'),
        
        -- Aggregator
        ('JUP6LkbZbjS1jKKwapdHNy74zcZ3tLUZoi5QNyVTaV4', 'Jupiter', 'aggregator'),
        ('6m2CDdhRgxpH4WjvdzxAYbGxwdGUz5MziiL5jek2kBma', 'OKX V1', 'aggregator'),
        ('proVF4pMXVaYqmy4NjniPh4pqKNfMmsihgd4wdkCX3u', 'OKX V2', 'aggregator'),
        ('T1TANpTeScyeqVzzgNViGDNrkQ6qHz9KrSBS4aNXvGT', 'Titan', 'aggregator'),
        ('DF1ow4tspfHX9JwWJsAb9epbkA8hmpSEAtxXy1V27QBF', 'DFlow', 'aggregator'),
        
        -- Launchpad
        ('pAMMBay6oceH9fJKBRHGP5D4bD4sWpmSwMn52FMfXEA', 'Pump.fun AMM', 'public_amm'),
        ('6EF8rrecthR5Dkzon8Nwu78hRvfCKubJ14M5uBEwF6P', 'Pump.fun', 'launchpad'),
        ('dbcij3LWUppWqq96dh6gJWwBifmcGfLSB5D4DuSMaqN', 'Meteora DBC', 'launchpad')
    ) AS t(program, program_name, category)
),
active_traders_by_category AS (
    SELECT
        pn.category,
        COUNT(DISTINCT t.signer) as active_traders
    FROM solana.dex_trades t
    JOIN program_names pn ON t.outer_program = pn.program
    WHERE DATE_TRUNC('month', t.block_date) = DATE('2026-02-01')
      AND t.block_date < CURRENT_DATE
    GROUP BY pn.category
)

SELECT
    DATE('2026-02-01') as month,
    category,
    active_traders
FROM active_traders_by_category
ORDER BY active_traders DESC
]
(Background on this error at: https://sqlalche.me/e/20/dbapi)
   ❌ Error during processing: Execution failed on sql '-- Description: Monthly active traders by category
-- Shows monthly unique active traders per protocol category
-- Categories: public_amm, prop_amm, aggregator, launchpad

WITH program_names AS (
    SELECT * FROM (VALUES
        -- Public AMM
        ('675kPX9MHTjS2zt1qfr1NYHuzeLXfQM9H24wFSUt1Mp8', 'Raydium V4', 'public_amm'),
        ('CAMMCzo5YL8w4VFF8KVHrK22GGUsp5VTaW7grrKgrWqK', 'Raydium CLMM', 'public_amm'),
        ('CPMMoo8L3F4NbTegBCKVNunggL7H1ZpdTHKxQB5qKP1C', 'Raydium CPMM', 'public_amm'),
        ('5quBtoiQqxF9Jv6KYKctB59NT3gtJD2Y65kdnB1Uev3h', 'Raydium Stable', 'public_amm'),
        ('LanMV9sAd7wArD4vJFi2qDdfnVhFxYSUg6eADduJ3uj', 'Raydium Launchlab', 'public_amm'),
        ('LBUZKhRxPF3XUpBCjp4YzTKgLccjZhTSDM9YuVaPwxo', 'Meteora DLMM', 'public_amm'),
        ('cpamdpZCGKUy5JxQXB4dcpGPiikHawvSWAd6mEn1sGG', 'Meteora DAMM v2', 'public_amm'),
        ('Eo7WjKq67rjJQSZxS6z3YkapzY3eMj6Xy8X5EQVn5UaB', 'Meteora', 'public_amm'),
        ('whirLbMiicVdio4qvUfM5KAg6Ct8VwpYzGff3uctyCc', 'Whirlpool', 'public_amm'),
        ('PhoeNiXZ8ByJGLkxNfZRnkUfjvmuYqLR89jjFHGqdXY', 'Phoenix', 'public_amm'),
        ('2wT8Yq49kHgDzXuPxZSaeLaH1qbmGXtEyPy64bL7aD3c', 'Lifinity Swap V2', 'public_amm'),
        ('SSwpkEEcbUqx4vtoEByFjSkhKdCT862DNVb52nZg1UZ', 'Saber', 'public_amm'),
        ('DecZY86MU5Gj7kppfUCEmd4LbXXuyZH1yHaP2NTqdiZB', 'Saber Decimals', 'public_amm'),
        ('SSwapUtytfBdBn1b9NUGG6foMVPtcWgpRU32HToDUZr', 'Saros', 'public_amm'),
        ('1qbkdrr3z4ryLA7pZykqvxWPoeifcVKo6ZG9CfkvVE', 'Saros DLMM', 'public_amm'),
        ('5ocnV1qiCgaQR8Jb8xWnVbApfaygJ8tNoZfgPwsgx9kx', 'Sanctum Infinity', 'public_amm'),
        ('stkitrT1Uoy18Dk1fTrgPw8W6MVzoCfYoAFT4MLsmhq', 'Sanctum', 'public_amm'),
        ('opnb2LAfJYbRMAHHvqjCwQxanZn7ReEHp1k81EohpZb', 'OpenBook V2', 'public_amm'),
        ('HpNfyc2Saw7RKkQd8nEL4khUcuPhQ7WwY1B2qjx8jxFq', 'PancakeSwap', 'public_amm'),
        ('MNFSTqtC93rEfYHB6hF82sKdZpUDFWkViLByLd1k1Ms', 'Manifest', 'public_amm'),
        ('WooFif76YGRNjk1pA8wCsN67aQsD9f9iLsz4NcJ1AVb', 'Woofi', 'public_amm'),
        ('swapNyd8XiQwJ6ianp9snpu4brUqFxadzvHebnAXjJZ', 'Stabble Stable', 'public_amm'),
        ('AMM55ShdkoGRB5jVYPjWziwk8m5MpwyDgsMWHaMSQWH6', 'Aldrin', 'public_amm'),
        ('CURVGoZn8zycx6FXwwevgBTB2gVvdbGTEpvMJDbgs2t4', 'Aldrin V2', 'public_amm'),
        ('FLUXubRmkEi2q6K3Y9kBPg9248ggaZVsoSFhtJHSrm1X', 'FluxBeam', 'public_amm'),
        ('srAMMzfVHVAtgSJc8iH6CfKzuWuUTzLHVCE81QU1rgi', 'Gavel', 'public_amm'),
        ('FW6zUqn4iKRaeopwwhwsquTY6ABWLLgjxtrC3VPnaWBf', 'WhaleStreet', 'public_amm'),
        ('REALQqNEomY6cQGZJUGwywTBD2UmDT32rZcNnfxQ5N2', 'Byreal', 'public_amm'),
        ('Dooar9JkhdZ7J3LHN3A7YCuoGRUggXhQaG4kijfLGU2j', 'StepN', 'public_amm'),
        ('HEAVENoP2qxoeuF8Dj2oT1GHEnu49U5mJYkdeC8BAX2o', 'Heaven', 'public_amm'),
        ('MoonCVVNZFSYkqNXP6bxHLPL6QQJiMagDL3qcqUQTrG', 'Moonit', 'public_amm'),
        ('vrTGoBuy5rYSxAfV3jaRJWHH6nN9WK4NRExGxsk1bCJ', 'Vertigo', 'public_amm'),
        ('5U3EU2ubXtK84QcRjWVmYt9RaDyA8gKxdUrPFXmZyaki', 'Virtuals', 'public_amm'),
        ('deus4Bvftd5QKcEkE5muQaWGWDoma8GrySvPFrBPjhS', 'Mastermind', 'public_amm'),
        ('boop8hVGQGqehUK2iVEMEnMrL5RbjywRzHKBmBE7ry4', 'Boop.fun', 'public_amm'),
        
        -- Prop AMM
        ('ZERor4xhbUycZ6gb9ntrhqscUcZmAbQDjEAtCf4hbZY', 'ZeroFi', 'prop_amm'),
        ('9H6tua7jkLhdm3w8BvgpTn5LZNU7g4ZynDmCiNN3q6Rp', 'HumidiFi', 'prop_amm'),
        ('ALPHAQmeA7bjrVuccPsYPiCvsi428SNwte66Srvs4pHA', 'AlphaQ', 'prop_amm'),
        ('SV2EYYJyRz2YhfXwXnhNAevDEui5Q6yrfyo13WtupPF', 'SolFi V2', 'prop_amm'),
        ('goonERTdGsjnkZqWuVjs73BZ3Pb9qoCUdBUL17BnS5j', 'GoonFi', 'prop_amm'),
        ('TessVdML9pBGgG9yGks7o4HewRaXVAMuoVj4x83GLQH', 'TesseraV', 'prop_amm'),
        ('obriQD1zbpyLz95G5n7nJe6a4DPjpFwa5XYPoNm113y', 'Obric V2', 'prop_amm'),
        ('AQU1FRd7papthgdrwPTTq5JacJh8YtwEXaBfKU3bTz45', 'Aquifer', 'prop_amm'),
        ('BiSoNHVpsVZW2F7rx2eQ59yQwKxzU5NvBcmKshCSUypi', 'BisonFi', 'prop_amm'),
        
        -- Aggregator
        ('JUP6LkbZbjS1jKKwapdHNy74zcZ3tLUZoi5QNyVTaV4', 'Jupiter', 'aggregator'),
        ('6m2CDdhRgxpH4WjvdzxAYbGxwdGUz5MziiL5jek2kBma', 'OKX V1', 'aggregator'),
        ('proVF4pMXVaYqmy4NjniPh4pqKNfMmsihgd4wdkCX3u', 'OKX V2', 'aggregator'),
        ('T1TANpTeScyeqVzzgNViGDNrkQ6qHz9KrSBS4aNXvGT', 'Titan', 'aggregator'),
        ('DF1ow4tspfHX9JwWJsAb9epbkA8hmpSEAtxXy1V27QBF', 'DFlow', 'aggregator'),
        
        -- Launchpad
        ('pAMMBay6oceH9fJKBRHGP5D4bD4sWpmSwMn52FMfXEA', 'Pump.fun AMM', 'public_amm'),
        ('6EF8rrecthR5Dkzon8Nwu78hRvfCKubJ14M5uBEwF6P', 'Pump.fun', 'launchpad'),
        ('dbcij3LWUppWqq96dh6gJWwBifmcGfLSB5D4DuSMaqN', 'Meteora DBC', 'launchpad')
    ) AS t(program, program_name, category)
),
active_traders_by_category AS (
    SELECT
        pn.category,
        COUNT(DISTINCT t.signer) as active_traders
    FROM solana.dex_trades t
    JOIN program_names pn ON t.outer_program = pn.program
    WHERE DATE_TRUNC('month', t.block_date) = DATE('2026-02-01')
      AND t.block_date < CURRENT_DATE
    GROUP BY pn.category
)

SELECT
    DATE('2026-02-01') as month,
    category,
    active_traders
FROM active_traders_by_category
ORDER BY active_traders DESC
': (trino.exceptions.TrinoQueryError) TrinoQueryError(type=INTERNAL_ERROR, name=GENERIC_INTERNAL_ERROR, message="java.io.IOException: Failed to open S3 file: s3://iceberg-warehouse/solana/dex_trades_v2/data/block_date=2026-02-09/data-00000-fdedc5c2-157f-4a8a-a865-330ad5086906.parquet", query_id=20260310_103412_00004_tvaaa)
[SQL: -- Description: Monthly active traders by category
-- Shows monthly unique active traders per protocol category
-- Categories: public_amm, prop_amm, aggregator, launchpad

WITH program_names AS (
    SELECT * FROM (VALUES
        -- Public AMM
        ('675kPX9MHTjS2zt1qfr1NYHuzeLXfQM9H24wFSUt1Mp8', 'Raydium V4', 'public_amm'),
        ('CAMMCzo5YL8w4VFF8KVHrK22GGUsp5VTaW7grrKgrWqK', 'Raydium CLMM', 'public_amm'),
        ('CPMMoo8L3F4NbTegBCKVNunggL7H1ZpdTHKxQB5qKP1C', 'Raydium CPMM', 'public_amm'),
        ('5quBtoiQqxF9Jv6KYKctB59NT3gtJD2Y65kdnB1Uev3h', 'Raydium Stable', 'public_amm'),
        ('LanMV9sAd7wArD4vJFi2qDdfnVhFxYSUg6eADduJ3uj', 'Raydium Launchlab', 'public_amm'),
        ('LBUZKhRxPF3XUpBCjp4YzTKgLccjZhTSDM9YuVaPwxo', 'Meteora DLMM', 'public_amm'),
        ('cpamdpZCGKUy5JxQXB4dcpGPiikHawvSWAd6mEn1sGG', 'Meteora DAMM v2', 'public_amm'),
        ('Eo7WjKq67rjJQSZxS6z3YkapzY3eMj6Xy8X5EQVn5UaB', 'Meteora', 'public_amm'),
        ('whirLbMiicVdio4qvUfM5KAg6Ct8VwpYzGff3uctyCc', 'Whirlpool', 'public_amm'),
        ('PhoeNiXZ8ByJGLkxNfZRnkUfjvmuYqLR89jjFHGqdXY', 'Phoenix', 'public_amm'),
        ('2wT8Yq49kHgDzXuPxZSaeLaH1qbmGXtEyPy64bL7aD3c', 'Lifinity Swap V2', 'public_amm'),
        ('SSwpkEEcbUqx4vtoEByFjSkhKdCT862DNVb52nZg1UZ', 'Saber', 'public_amm'),
        ('DecZY86MU5Gj7kppfUCEmd4LbXXuyZH1yHaP2NTqdiZB', 'Saber Decimals', 'public_amm'),
        ('SSwapUtytfBdBn1b9NUGG6foMVPtcWgpRU32HToDUZr', 'Saros', 'public_amm'),
        ('1qbkdrr3z4ryLA7pZykqvxWPoeifcVKo6ZG9CfkvVE', 'Saros DLMM', 'public_amm'),
        ('5ocnV1qiCgaQR8Jb8xWnVbApfaygJ8tNoZfgPwsgx9kx', 'Sanctum Infinity', 'public_amm'),
        ('stkitrT1Uoy18Dk1fTrgPw8W6MVzoCfYoAFT4MLsmhq', 'Sanctum', 'public_amm'),
        ('opnb2LAfJYbRMAHHvqjCwQxanZn7ReEHp1k81EohpZb', 'OpenBook V2', 'public_amm'),
        ('HpNfyc2Saw7RKkQd8nEL4khUcuPhQ7WwY1B2qjx8jxFq', 'PancakeSwap', 'public_amm'),
        ('MNFSTqtC93rEfYHB6hF82sKdZpUDFWkViLByLd1k1Ms', 'Manifest', 'public_amm'),
        ('WooFif76YGRNjk1pA8wCsN67aQsD9f9iLsz4NcJ1AVb', 'Woofi', 'public_amm'),
        ('swapNyd8XiQwJ6ianp9snpu4brUqFxadzvHebnAXjJZ', 'Stabble Stable', 'public_amm'),
        ('AMM55ShdkoGRB5jVYPjWziwk8m5MpwyDgsMWHaMSQWH6', 'Aldrin', 'public_amm'),
        ('CURVGoZn8zycx6FXwwevgBTB2gVvdbGTEpvMJDbgs2t4', 'Aldrin V2', 'public_amm'),
        ('FLUXubRmkEi2q6K3Y9kBPg9248ggaZVsoSFhtJHSrm1X', 'FluxBeam', 'public_amm'),
        ('srAMMzfVHVAtgSJc8iH6CfKzuWuUTzLHVCE81QU1rgi', 'Gavel', 'public_amm'),
        ('FW6zUqn4iKRaeopwwhwsquTY6ABWLLgjxtrC3VPnaWBf', 'WhaleStreet', 'public_amm'),
        ('REALQqNEomY6cQGZJUGwywTBD2UmDT32rZcNnfxQ5N2', 'Byreal', 'public_amm'),
        ('Dooar9JkhdZ7J3LHN3A7YCuoGRUggXhQaG4kijfLGU2j', 'StepN', 'public_amm'),
        ('HEAVENoP2qxoeuF8Dj2oT1GHEnu49U5mJYkdeC8BAX2o', 'Heaven', 'public_amm'),
        ('MoonCVVNZFSYkqNXP6bxHLPL6QQJiMagDL3qcqUQTrG', 'Moonit', 'public_amm'),
        ('vrTGoBuy5rYSxAfV3jaRJWHH6nN9WK4NRExGxsk1bCJ', 'Vertigo', 'public_amm'),
        ('5U3EU2ubXtK84QcRjWVmYt9RaDyA8gKxdUrPFXmZyaki', 'Virtuals', 'public_amm'),
        ('deus4Bvftd5QKcEkE5muQaWGWDoma8GrySvPFrBPjhS', 'Mastermind', 'public_amm'),
        ('boop8hVGQGqehUK2iVEMEnMrL5RbjywRzHKBmBE7ry4', 'Boop.fun', 'public_amm'),
        
        -- Prop AMM
        ('ZERor4xhbUycZ6gb9ntrhqscUcZmAbQDjEAtCf4hbZY', 'ZeroFi', 'prop_amm'),
        ('9H6tua7jkLhdm3w8BvgpTn5LZNU7g4ZynDmCiNN3q6Rp', 'HumidiFi', 'prop_amm'),
        ('ALPHAQmeA7bjrVuccPsYPiCvsi428SNwte66Srvs4pHA', 'AlphaQ', 'prop_amm'),
        ('SV2EYYJyRz2YhfXwXnhNAevDEui5Q6yrfyo13WtupPF', 'SolFi V2', 'prop_amm'),
        ('goonERTdGsjnkZqWuVjs73BZ3Pb9qoCUdBUL17BnS5j', 'GoonFi', 'prop_amm'),
        ('TessVdML9pBGgG9yGks7o4HewRaXVAMuoVj4x83GLQH', 'TesseraV', 'prop_amm'),
        ('obriQD1zbpyLz95G5n7nJe6a4DPjpFwa5XYPoNm113y', 'Obric V2', 'prop_amm'),
        ('AQU1FRd7papthgdrwPTTq5JacJh8YtwEXaBfKU3bTz45', 'Aquifer', 'prop_amm'),
        ('BiSoNHVpsVZW2F7rx2eQ59yQwKxzU5NvBcmKshCSUypi', 'BisonFi', 'prop_amm'),
        
        -- Aggregator
        ('JUP6LkbZbjS1jKKwapdHNy74zcZ3tLUZoi5QNyVTaV4', 'Jupiter', 'aggregator'),
        ('6m2CDdhRgxpH4WjvdzxAYbGxwdGUz5MziiL5jek2kBma', 'OKX V1', 'aggregator'),
        ('proVF4pMXVaYqmy4NjniPh4pqKNfMmsihgd4wdkCX3u', 'OKX V2', 'aggregator'),
        ('T1TANpTeScyeqVzzgNViGDNrkQ6qHz9KrSBS4aNXvGT', 'Titan', 'aggregator'),
        ('DF1ow4tspfHX9JwWJsAb9epbkA8hmpSEAtxXy1V27QBF', 'DFlow', 'aggregator'),
        
        -- Launchpad
        ('pAMMBay6oceH9fJKBRHGP5D4bD4sWpmSwMn52FMfXEA', 'Pump.fun AMM', 'public_amm'),
        ('6EF8rrecthR5Dkzon8Nwu78hRvfCKubJ14M5uBEwF6P', 'Pump.fun', 'launchpad'),
        ('dbcij3LWUppWqq96dh6gJWwBifmcGfLSB5D4DuSMaqN', 'Meteora DBC', 'launchpad')
    ) AS t(program, program_name, category)
),
active_traders_by_category AS (
    SELECT
        pn.category,
        COUNT(DISTINCT t.signer) as active_traders
    FROM solana.dex_trades t
    JOIN program_names pn ON t.outer_program = pn.program
    WHERE DATE_TRUNC('month', t.block_date) = DATE('2026-02-01')
      AND t.block_date < CURRENT_DATE
    GROUP BY pn.category
)

SELECT
    DATE('2026-02-01') as month,
    category,
    active_traders
FROM active_traders_by_category
ORDER BY active_traders DESC
]
(Background on this error at: https://sqlalche.me/e/20/dbapi)
   ℹ️  Partial data saved via checkpoints: 4 rows
⚠️  Job #354 PARTIALLY SUCCESSFUL: 4 rows saved

🔄 Processing job #355 (backfill) - attempt 1/3
   SQL hash: 1ac73290ec62481effa18a64798004da
   📅 Backfill (full): 2026-03-10 → 2025-01-01
      Fetching month 2026-03-01 (1/15)... ✅ 24 rows
      💾 Checkpoint: 1 months processed
      Fetching month 2026-02-01 (2/15)... ✅ 24 rows
      💾 Checkpoint: 2 months processed
      Fetching month 2026-01-01 (3/15)... ✅ 25 rows
      💾 Checkpoint: 3 months processed
      Fetching month 2025-12-01 (4/15)... ✅ 26 rows
      💾 Checkpoint: 4 months processed
      Fetching month 2025-11-01 (5/15)... ✅ 23 rows
      💾 Checkpoint: 5 months processed
      Fetching month 2025-10-01 (6/15)... ✅ 26 rows
      💾 Checkpoint: 6 months processed
      Fetching month 2025-09-01 (7/15)... ❌ Error: Execution failed on sql '-- Description: Monthly active traders by DEX program
-- Shows monthly unique active traders per program

WITH program_names AS (
    SELECT * FROM (VALUES
        -- Public AMM
        ('675kPX9MHTjS2zt1qfr1NYHuzeLXfQM9H24wFSUt1Mp8', 'Raydium V4', 'public_amm'),
        ('CAMMCzo5YL8w4VFF8KVHrK22GGUsp5VTaW7grrKgrWqK', 'Raydium CLMM', 'public_amm'),
        ('CPMMoo8L3F4NbTegBCKVNunggL7H1ZpdTHKxQB5qKP1C', 'Raydium CPMM', 'public_amm'),
        ('5quBtoiQqxF9Jv6KYKctB59NT3gtJD2Y65kdnB1Uev3h', 'Raydium Stable', 'public_amm'),
        ('LanMV9sAd7wArD4vJFi2qDdfnVhFxYSUg6eADduJ3uj', 'Raydium Launchlab', 'public_amm'),
        ('LBUZKhRxPF3XUpBCjp4YzTKgLccjZhTSDM9YuVaPwxo', 'Meteora DLMM', 'public_amm'),
        ('cpamdpZCGKUy5JxQXB4dcpGPiikHawvSWAd6mEn1sGG', 'Meteora DAMM v2', 'public_amm'),
        ('dbcij3LWUppWqq96dh6gJWwBifmcGfLSB5D4DuSMaqN', 'Meteora DBC', 'launchpad'),
        ('Eo7WjKq67rjJQSZxS6z3YkapzY3eMj6Xy8X5EQVn5UaB', 'Meteora', 'public_amm'),
        ('whirLbMiicVdio4qvUfM5KAg6Ct8VwpYzGff3uctyCc', 'Whirlpool', 'public_amm'),
        ('PhoeNiXZ8ByJGLkxNfZRnkUfjvmuYqLR89jjFHGqdXY', 'Phoenix', 'public_amm'),
        ('2wT8Yq49kHgDzXuPxZSaeLaH1qbmGXtEyPy64bL7aD3c', 'Lifinity Swap V2', 'public_amm'),
        ('SSwpkEEcbUqx4vtoEByFjSkhKdCT862DNVb52nZg1UZ', 'Saber', 'public_amm'),
        ('DecZY86MU5Gj7kppfUCEmd4LbXXuyZH1yHaP2NTqdiZB', 'Saber Decimals', 'public_amm'),
        ('SSwapUtytfBdBn1b9NUGG6foMVPtcWgpRU32HToDUZr', 'Saros', 'public_amm'),
        ('1qbkdrr3z4ryLA7pZykqvxWPoeifcVKo6ZG9CfkvVE', 'Saros DLMM', 'public_amm'),
        ('5ocnV1qiCgaQR8Jb8xWnVbApfaygJ8tNoZfgPwsgx9kx', 'Sanctum Infinity', 'public_amm'),
        ('stkitrT1Uoy18Dk1fTrgPw8W6MVzoCfYoAFT4MLsmhq', 'Sanctum', 'public_amm'),
        ('opnb2LAfJYbRMAHHvqjCwQxanZn7ReEHp1k81EohpZb', 'OpenBook V2', 'public_amm'),
        ('HpNfyc2Saw7RKkQd8nEL4khUcuPhQ7WwY1B2qjx8jxFq', 'PancakeSwap', 'public_amm'),
        ('MNFSTqtC93rEfYHB6hF82sKdZpUDFWkViLByLd1k1Ms', 'Manifest', 'public_amm'),
        ('WooFif76YGRNjk1pA8wCsN67aQsD9f9iLsz4NcJ1AVb', 'Woofi', 'public_amm'),
        ('swapNyd8XiQwJ6ianp9snpu4brUqFxadzvHebnAXjJZ', 'Stabble Stable', 'public_amm'),
        ('AMM55ShdkoGRB5jVYPjWziwk8m5MpwyDgsMWHaMSQWH6', 'Aldrin', 'public_amm'),
        ('CURVGoZn8zycx6FXwwevgBTB2gVvdbGTEpvMJDbgs2t4', 'Aldrin V2', 'public_amm'),
        ('FLUXubRmkEi2q6K3Y9kBPg9248ggaZVsoSFhtJHSrm1X', 'FluxBeam', 'public_amm'),
        ('srAMMzfVHVAtgSJc8iH6CfKzuWuUTzLHVCE81QU1rgi', 'Gavel', 'public_amm'),
        ('FW6zUqn4iKRaeopwwhwsquTY6ABWLLgjxtrC3VPnaWBf', 'WhaleStreet', 'public_amm'),
        ('REALQqNEomY6cQGZJUGwywTBD2UmDT32rZcNnfxQ5N2', 'Byreal', 'public_amm'),
        ('Dooar9JkhdZ7J3LHN3A7YCuoGRUggXhQaG4kijfLGU2j', 'StepN', 'public_amm'),
        ('HEAVENoP2qxoeuF8Dj2oT1GHEnu49U5mJYkdeC8BAX2o', 'Heaven', 'public_amm'),
        ('MoonCVVNZFSYkqNXP6bxHLPL6QQJiMagDL3qcqUQTrG', 'Moonit', 'public_amm'),
        ('vrTGoBuy5rYSxAfV3jaRJWHH6nN9WK4NRExGxsk1bCJ', 'Vertigo', 'public_amm'),
        ('5U3EU2ubXtK84QcRjWVmYt9RaDyA8gKxdUrPFXmZyaki', 'Virtuals', 'public_amm'),
        ('deus4Bvftd5QKcEkE5muQaWGWDoma8GrySvPFrBPjhS', 'Mastermind', 'public_amm'),
        ('boop8hVGQGqehUK2iVEMEnMrL5RbjywRzHKBmBE7ry4', 'Boop.fun', 'public_amm'),
        
        -- Prop AMM
        ('ZERor4xhbUycZ6gb9ntrhqscUcZmAbQDjEAtCf4hbZY', 'ZeroFi', 'prop_amm'),
        ('9H6tua7jkLhdm3w8BvgpTn5LZNU7g4ZynDmCiNN3q6Rp', 'HumidiFi', 'prop_amm'),
        ('ALPHAQmeA7bjrVuccPsYPiCvsi428SNwte66Srvs4pHA', 'AlphaQ', 'prop_amm'),
        ('SV2EYYJyRz2YhfXwXnhNAevDEui5Q6yrfyo13WtupPF', 'SolFi V2', 'prop_amm'),
        ('goonERTdGsjnkZqWuVjs73BZ3Pb9qoCUdBUL17BnS5j', 'GoonFi', 'prop_amm'),
        ('TessVdML9pBGgG9yGks7o4HewRaXVAMuoVj4x83GLQH', 'TesseraV', 'prop_amm'),
        ('obriQD1zbpyLz95G5n7nJe6a4DPjpFwa5XYPoNm113y', 'Obric V2', 'prop_amm'),
        ('AQU1FRd7papthgdrwPTTq5JacJh8YtwEXaBfKU3bTz45', 'Aquifer', 'prop_amm'),
        ('BiSoNHVpsVZW2F7rx2eQ59yQwKxzU5NvBcmKshCSUypi', 'BisonFi', 'prop_amm'),
        
        -- Aggregator
        ('JUP6LkbZbjS1jKKwapdHNy74zcZ3tLUZoi5QNyVTaV4', 'Jupiter', 'aggregator'),
        ('6m2CDdhRgxpH4WjvdzxAYbGxwdGUz5MziiL5jek2kBma', 'OKX V1', 'aggregator'),
        ('proVF4pMXVaYqmy4NjniPh4pqKNfMmsihgd4wdkCX3u', 'OKX V2', 'aggregator'),
        ('T1TANpTeScyeqVzzgNViGDNrkQ6qHz9KrSBS4aNXvGT', 'Titan', 'aggregator'),
        ('DF1ow4tspfHX9JwWJsAb9epbkA8hmpSEAtxXy1V27QBF', 'DFlow', 'aggregator'),
        
        -- Launchpad
        ('pAMMBay6oceH9fJKBRHGP5D4bD4sWpmSwMn52FMfXEA', 'Pump.fun AMM', 'public_amm'),
        ('6EF8rrecthR5Dkzon8Nwu78hRvfCKubJ14M5uBEwF6P', 'Pump.fun', 'launchpad')
    ) AS t(program, program_name, category)
),

active_traders_by_program AS (
    SELECT
        pn.program_name,
        COUNT(DISTINCT t.signer) as active_traders
    FROM solana.dex_trades t
    JOIN program_names pn ON t.outer_program = pn.program
    WHERE DATE_TRUNC('month', t.block_date) = DATE('2025-09-01')
      AND t.block_date < CURRENT_DATE
    GROUP BY pn.program_name
)

SELECT
    DATE('2025-09-01') as month,
    program_name,
    active_traders
FROM active_traders_by_program
ORDER BY active_traders DESC
': (trino.exceptions.TrinoQueryError) TrinoQueryError(type=INTERNAL_ERROR, name=GENERIC_INTERNAL_ERROR, message="java.io.IOException: Failed to open S3 file: s3://iceberg-warehouse/solana/dex_trades_v2/data/block_date=2025-09-07/data-00000-05b0f4ac-bb59-4177-babd-6b4a4d27c109.parquet", query_id=20260310_103530_00018_tvaaa)
[SQL: -- Description: Monthly active traders by DEX program
-- Shows monthly unique active traders per program

WITH program_names AS (
    SELECT * FROM (VALUES
        -- Public AMM
        ('675kPX9MHTjS2zt1qfr1NYHuzeLXfQM9H24wFSUt1Mp8', 'Raydium V4', 'public_amm'),
        ('CAMMCzo5YL8w4VFF8KVHrK22GGUsp5VTaW7grrKgrWqK', 'Raydium CLMM', 'public_amm'),
        ('CPMMoo8L3F4NbTegBCKVNunggL7H1ZpdTHKxQB5qKP1C', 'Raydium CPMM', 'public_amm'),
        ('5quBtoiQqxF9Jv6KYKctB59NT3gtJD2Y65kdnB1Uev3h', 'Raydium Stable', 'public_amm'),
        ('LanMV9sAd7wArD4vJFi2qDdfnVhFxYSUg6eADduJ3uj', 'Raydium Launchlab', 'public_amm'),
        ('LBUZKhRxPF3XUpBCjp4YzTKgLccjZhTSDM9YuVaPwxo', 'Meteora DLMM', 'public_amm'),
        ('cpamdpZCGKUy5JxQXB4dcpGPiikHawvSWAd6mEn1sGG', 'Meteora DAMM v2', 'public_amm'),
        ('dbcij3LWUppWqq96dh6gJWwBifmcGfLSB5D4DuSMaqN', 'Meteora DBC', 'launchpad'),
        ('Eo7WjKq67rjJQSZxS6z3YkapzY3eMj6Xy8X5EQVn5UaB', 'Meteora', 'public_amm'),
        ('whirLbMiicVdio4qvUfM5KAg6Ct8VwpYzGff3uctyCc', 'Whirlpool', 'public_amm'),
        ('PhoeNiXZ8ByJGLkxNfZRnkUfjvmuYqLR89jjFHGqdXY', 'Phoenix', 'public_amm'),
        ('2wT8Yq49kHgDzXuPxZSaeLaH1qbmGXtEyPy64bL7aD3c', 'Lifinity Swap V2', 'public_amm'),
        ('SSwpkEEcbUqx4vtoEByFjSkhKdCT862DNVb52nZg1UZ', 'Saber', 'public_amm'),
        ('DecZY86MU5Gj7kppfUCEmd4LbXXuyZH1yHaP2NTqdiZB', 'Saber Decimals', 'public_amm'),
        ('SSwapUtytfBdBn1b9NUGG6foMVPtcWgpRU32HToDUZr', 'Saros', 'public_amm'),
        ('1qbkdrr3z4ryLA7pZykqvxWPoeifcVKo6ZG9CfkvVE', 'Saros DLMM', 'public_amm'),
        ('5ocnV1qiCgaQR8Jb8xWnVbApfaygJ8tNoZfgPwsgx9kx', 'Sanctum Infinity', 'public_amm'),
        ('stkitrT1Uoy18Dk1fTrgPw8W6MVzoCfYoAFT4MLsmhq', 'Sanctum', 'public_amm'),
        ('opnb2LAfJYbRMAHHvqjCwQxanZn7ReEHp1k81EohpZb', 'OpenBook V2', 'public_amm'),
        ('HpNfyc2Saw7RKkQd8nEL4khUcuPhQ7WwY1B2qjx8jxFq', 'PancakeSwap', 'public_amm'),
        ('MNFSTqtC93rEfYHB6hF82sKdZpUDFWkViLByLd1k1Ms', 'Manifest', 'public_amm'),
        ('WooFif76YGRNjk1pA8wCsN67aQsD9f9iLsz4NcJ1AVb', 'Woofi', 'public_amm'),
        ('swapNyd8XiQwJ6ianp9snpu4brUqFxadzvHebnAXjJZ', 'Stabble Stable', 'public_amm'),
        ('AMM55ShdkoGRB5jVYPjWziwk8m5MpwyDgsMWHaMSQWH6', 'Aldrin', 'public_amm'),
        ('CURVGoZn8zycx6FXwwevgBTB2gVvdbGTEpvMJDbgs2t4', 'Aldrin V2', 'public_amm'),
        ('FLUXubRmkEi2q6K3Y9kBPg9248ggaZVsoSFhtJHSrm1X', 'FluxBeam', 'public_amm'),
        ('srAMMzfVHVAtgSJc8iH6CfKzuWuUTzLHVCE81QU1rgi', 'Gavel', 'public_amm'),
        ('FW6zUqn4iKRaeopwwhwsquTY6ABWLLgjxtrC3VPnaWBf', 'WhaleStreet', 'public_amm'),
        ('REALQqNEomY6cQGZJUGwywTBD2UmDT32rZcNnfxQ5N2', 'Byreal', 'public_amm'),
        ('Dooar9JkhdZ7J3LHN3A7YCuoGRUggXhQaG4kijfLGU2j', 'StepN', 'public_amm'),
        ('HEAVENoP2qxoeuF8Dj2oT1GHEnu49U5mJYkdeC8BAX2o', 'Heaven', 'public_amm'),
        ('MoonCVVNZFSYkqNXP6bxHLPL6QQJiMagDL3qcqUQTrG', 'Moonit', 'public_amm'),
        ('vrTGoBuy5rYSxAfV3jaRJWHH6nN9WK4NRExGxsk1bCJ', 'Vertigo', 'public_amm'),
        ('5U3EU2ubXtK84QcRjWVmYt9RaDyA8gKxdUrPFXmZyaki', 'Virtuals', 'public_amm'),
        ('deus4Bvftd5QKcEkE5muQaWGWDoma8GrySvPFrBPjhS', 'Mastermind', 'public_amm'),
        ('boop8hVGQGqehUK2iVEMEnMrL5RbjywRzHKBmBE7ry4', 'Boop.fun', 'public_amm'),
        
        -- Prop AMM
        ('ZERor4xhbUycZ6gb9ntrhqscUcZmAbQDjEAtCf4hbZY', 'ZeroFi', 'prop_amm'),
        ('9H6tua7jkLhdm3w8BvgpTn5LZNU7g4ZynDmCiNN3q6Rp', 'HumidiFi', 'prop_amm'),
        ('ALPHAQmeA7bjrVuccPsYPiCvsi428SNwte66Srvs4pHA', 'AlphaQ', 'prop_amm'),
        ('SV2EYYJyRz2YhfXwXnhNAevDEui5Q6yrfyo13WtupPF', 'SolFi V2', 'prop_amm'),
        ('goonERTdGsjnkZqWuVjs73BZ3Pb9qoCUdBUL17BnS5j', 'GoonFi', 'prop_amm'),
        ('TessVdML9pBGgG9yGks7o4HewRaXVAMuoVj4x83GLQH', 'TesseraV', 'prop_amm'),
        ('obriQD1zbpyLz95G5n7nJe6a4DPjpFwa5XYPoNm113y', 'Obric V2', 'prop_amm'),
        ('AQU1FRd7papthgdrwPTTq5JacJh8YtwEXaBfKU3bTz45', 'Aquifer', 'prop_amm'),
        ('BiSoNHVpsVZW2F7rx2eQ59yQwKxzU5NvBcmKshCSUypi', 'BisonFi', 'prop_amm'),
        
        -- Aggregator
        ('JUP6LkbZbjS1jKKwapdHNy74zcZ3tLUZoi5QNyVTaV4', 'Jupiter', 'aggregator'),
        ('6m2CDdhRgxpH4WjvdzxAYbGxwdGUz5MziiL5jek2kBma', 'OKX V1', 'aggregator'),
        ('proVF4pMXVaYqmy4NjniPh4pqKNfMmsihgd4wdkCX3u', 'OKX V2', 'aggregator'),
        ('T1TANpTeScyeqVzzgNViGDNrkQ6qHz9KrSBS4aNXvGT', 'Titan', 'aggregator'),
        ('DF1ow4tspfHX9JwWJsAb9epbkA8hmpSEAtxXy1V27QBF', 'DFlow', 'aggregator'),
        
        -- Launchpad
        ('pAMMBay6oceH9fJKBRHGP5D4bD4sWpmSwMn52FMfXEA', 'Pump.fun AMM', 'public_amm'),
        ('6EF8rrecthR5Dkzon8Nwu78hRvfCKubJ14M5uBEwF6P', 'Pump.fun', 'launchpad')
    ) AS t(program, program_name, category)
),

active_traders_by_program AS (
    SELECT
        pn.program_name,
        COUNT(DISTINCT t.signer) as active_traders
    FROM solana.dex_trades t
    JOIN program_names pn ON t.outer_program = pn.program
    WHERE DATE_TRUNC('month', t.block_date) = DATE('2025-09-01')
      AND t.block_date < CURRENT_DATE
    GROUP BY pn.program_name
)

SELECT
    DATE('2025-09-01') as month,
    program_name,
    active_traders
FROM active_traders_by_program
ORDER BY active_traders DESC
]
(Background on this error at: https://sqlalche.me/e/20/dbapi)
❌ Trino query error: Execution failed on sql '-- Description: Monthly active traders by DEX program
-- Shows monthly unique active traders per program

WITH program_names AS (
    SELECT * FROM (VALUES
        -- Public AMM
        ('675kPX9MHTjS2zt1qfr1NYHuzeLXfQM9H24wFSUt1Mp8', 'Raydium V4', 'public_amm'),
        ('CAMMCzo5YL8w4VFF8KVHrK22GGUsp5VTaW7grrKgrWqK', 'Raydium CLMM', 'public_amm'),
        ('CPMMoo8L3F4NbTegBCKVNunggL7H1ZpdTHKxQB5qKP1C', 'Raydium CPMM', 'public_amm'),
        ('5quBtoiQqxF9Jv6KYKctB59NT3gtJD2Y65kdnB1Uev3h', 'Raydium Stable', 'public_amm'),
        ('LanMV9sAd7wArD4vJFi2qDdfnVhFxYSUg6eADduJ3uj', 'Raydium Launchlab', 'public_amm'),
        ('LBUZKhRxPF3XUpBCjp4YzTKgLccjZhTSDM9YuVaPwxo', 'Meteora DLMM', 'public_amm'),
        ('cpamdpZCGKUy5JxQXB4dcpGPiikHawvSWAd6mEn1sGG', 'Meteora DAMM v2', 'public_amm'),
        ('dbcij3LWUppWqq96dh6gJWwBifmcGfLSB5D4DuSMaqN', 'Meteora DBC', 'launchpad'),
        ('Eo7WjKq67rjJQSZxS6z3YkapzY3eMj6Xy8X5EQVn5UaB', 'Meteora', 'public_amm'),
        ('whirLbMiicVdio4qvUfM5KAg6Ct8VwpYzGff3uctyCc', 'Whirlpool', 'public_amm'),
        ('PhoeNiXZ8ByJGLkxNfZRnkUfjvmuYqLR89jjFHGqdXY', 'Phoenix', 'public_amm'),
        ('2wT8Yq49kHgDzXuPxZSaeLaH1qbmGXtEyPy64bL7aD3c', 'Lifinity Swap V2', 'public_amm'),
        ('SSwpkEEcbUqx4vtoEByFjSkhKdCT862DNVb52nZg1UZ', 'Saber', 'public_amm'),
        ('DecZY86MU5Gj7kppfUCEmd4LbXXuyZH1yHaP2NTqdiZB', 'Saber Decimals', 'public_amm'),
        ('SSwapUtytfBdBn1b9NUGG6foMVPtcWgpRU32HToDUZr', 'Saros', 'public_amm'),
        ('1qbkdrr3z4ryLA7pZykqvxWPoeifcVKo6ZG9CfkvVE', 'Saros DLMM', 'public_amm'),
        ('5ocnV1qiCgaQR8Jb8xWnVbApfaygJ8tNoZfgPwsgx9kx', 'Sanctum Infinity', 'public_amm'),
        ('stkitrT1Uoy18Dk1fTrgPw8W6MVzoCfYoAFT4MLsmhq', 'Sanctum', 'public_amm'),
        ('opnb2LAfJYbRMAHHvqjCwQxanZn7ReEHp1k81EohpZb', 'OpenBook V2', 'public_amm'),
        ('HpNfyc2Saw7RKkQd8nEL4khUcuPhQ7WwY1B2qjx8jxFq', 'PancakeSwap', 'public_amm'),
        ('MNFSTqtC93rEfYHB6hF82sKdZpUDFWkViLByLd1k1Ms', 'Manifest', 'public_amm'),
        ('WooFif76YGRNjk1pA8wCsN67aQsD9f9iLsz4NcJ1AVb', 'Woofi', 'public_amm'),
        ('swapNyd8XiQwJ6ianp9snpu4brUqFxadzvHebnAXjJZ', 'Stabble Stable', 'public_amm'),
        ('AMM55ShdkoGRB5jVYPjWziwk8m5MpwyDgsMWHaMSQWH6', 'Aldrin', 'public_amm'),
        ('CURVGoZn8zycx6FXwwevgBTB2gVvdbGTEpvMJDbgs2t4', 'Aldrin V2', 'public_amm'),
        ('FLUXubRmkEi2q6K3Y9kBPg9248ggaZVsoSFhtJHSrm1X', 'FluxBeam', 'public_amm'),
        ('srAMMzfVHVAtgSJc8iH6CfKzuWuUTzLHVCE81QU1rgi', 'Gavel', 'public_amm'),
        ('FW6zUqn4iKRaeopwwhwsquTY6ABWLLgjxtrC3VPnaWBf', 'WhaleStreet', 'public_amm'),
        ('REALQqNEomY6cQGZJUGwywTBD2UmDT32rZcNnfxQ5N2', 'Byreal', 'public_amm'),
        ('Dooar9JkhdZ7J3LHN3A7YCuoGRUggXhQaG4kijfLGU2j', 'StepN', 'public_amm'),
        ('HEAVENoP2qxoeuF8Dj2oT1GHEnu49U5mJYkdeC8BAX2o', 'Heaven', 'public_amm'),
        ('MoonCVVNZFSYkqNXP6bxHLPL6QQJiMagDL3qcqUQTrG', 'Moonit', 'public_amm'),
        ('vrTGoBuy5rYSxAfV3jaRJWHH6nN9WK4NRExGxsk1bCJ', 'Vertigo', 'public_amm'),
        ('5U3EU2ubXtK84QcRjWVmYt9RaDyA8gKxdUrPFXmZyaki', 'Virtuals', 'public_amm'),
        ('deus4Bvftd5QKcEkE5muQaWGWDoma8GrySvPFrBPjhS', 'Mastermind', 'public_amm'),
        ('boop8hVGQGqehUK2iVEMEnMrL5RbjywRzHKBmBE7ry4', 'Boop.fun', 'public_amm'),
        
        -- Prop AMM
        ('ZERor4xhbUycZ6gb9ntrhqscUcZmAbQDjEAtCf4hbZY', 'ZeroFi', 'prop_amm'),
        ('9H6tua7jkLhdm3w8BvgpTn5LZNU7g4ZynDmCiNN3q6Rp', 'HumidiFi', 'prop_amm'),
        ('ALPHAQmeA7bjrVuccPsYPiCvsi428SNwte66Srvs4pHA', 'AlphaQ', 'prop_amm'),
        ('SV2EYYJyRz2YhfXwXnhNAevDEui5Q6yrfyo13WtupPF', 'SolFi V2', 'prop_amm'),
        ('goonERTdGsjnkZqWuVjs73BZ3Pb9qoCUdBUL17BnS5j', 'GoonFi', 'prop_amm'),
        ('TessVdML9pBGgG9yGks7o4HewRaXVAMuoVj4x83GLQH', 'TesseraV', 'prop_amm'),
        ('obriQD1zbpyLz95G5n7nJe6a4DPjpFwa5XYPoNm113y', 'Obric V2', 'prop_amm'),
        ('AQU1FRd7papthgdrwPTTq5JacJh8YtwEXaBfKU3bTz45', 'Aquifer', 'prop_amm'),
        ('BiSoNHVpsVZW2F7rx2eQ59yQwKxzU5NvBcmKshCSUypi', 'BisonFi', 'prop_amm'),
        
        -- Aggregator
        ('JUP6LkbZbjS1jKKwapdHNy74zcZ3tLUZoi5QNyVTaV4', 'Jupiter', 'aggregator'),
        ('6m2CDdhRgxpH4WjvdzxAYbGxwdGUz5MziiL5jek2kBma', 'OKX V1', 'aggregator'),
        ('proVF4pMXVaYqmy4NjniPh4pqKNfMmsihgd4wdkCX3u', 'OKX V2', 'aggregator'),
        ('T1TANpTeScyeqVzzgNViGDNrkQ6qHz9KrSBS4aNXvGT', 'Titan', 'aggregator'),
        ('DF1ow4tspfHX9JwWJsAb9epbkA8hmpSEAtxXy1V27QBF', 'DFlow', 'aggregator'),
        
        -- Launchpad
        ('pAMMBay6oceH9fJKBRHGP5D4bD4sWpmSwMn52FMfXEA', 'Pump.fun AMM', 'public_amm'),
        ('6EF8rrecthR5Dkzon8Nwu78hRvfCKubJ14M5uBEwF6P', 'Pump.fun', 'launchpad')
    ) AS t(program, program_name, category)
),

active_traders_by_program AS (
    SELECT
        pn.program_name,
        COUNT(DISTINCT t.signer) as active_traders
    FROM solana.dex_trades t
    JOIN program_names pn ON t.outer_program = pn.program
    WHERE DATE_TRUNC('month', t.block_date) = DATE('2025-09-01')
      AND t.block_date < CURRENT_DATE
    GROUP BY pn.program_name
)

SELECT
    DATE('2025-09-01') as month,
    program_name,
    active_traders
FROM active_traders_by_program
ORDER BY active_traders DESC
': (trino.exceptions.TrinoQueryError) TrinoQueryError(type=INTERNAL_ERROR, name=GENERIC_INTERNAL_ERROR, message="java.io.IOException: Failed to open S3 file: s3://iceberg-warehouse/solana/dex_trades_v2/data/block_date=2025-09-07/data-00000-05b0f4ac-bb59-4177-babd-6b4a4d27c109.parquet", query_id=20260310_103530_00018_tvaaa)
[SQL: -- Description: Monthly active traders by DEX program
-- Shows monthly unique active traders per program

WITH program_names AS (
    SELECT * FROM (VALUES
        -- Public AMM
        ('675kPX9MHTjS2zt1qfr1NYHuzeLXfQM9H24wFSUt1Mp8', 'Raydium V4', 'public_amm'),
        ('CAMMCzo5YL8w4VFF8KVHrK22GGUsp5VTaW7grrKgrWqK', 'Raydium CLMM', 'public_amm'),
        ('CPMMoo8L3F4NbTegBCKVNunggL7H1ZpdTHKxQB5qKP1C', 'Raydium CPMM', 'public_amm'),
        ('5quBtoiQqxF9Jv6KYKctB59NT3gtJD2Y65kdnB1Uev3h', 'Raydium Stable', 'public_amm'),
        ('LanMV9sAd7wArD4vJFi2qDdfnVhFxYSUg6eADduJ3uj', 'Raydium Launchlab', 'public_amm'),
        ('LBUZKhRxPF3XUpBCjp4YzTKgLccjZhTSDM9YuVaPwxo', 'Meteora DLMM', 'public_amm'),
        ('cpamdpZCGKUy5JxQXB4dcpGPiikHawvSWAd6mEn1sGG', 'Meteora DAMM v2', 'public_amm'),
        ('dbcij3LWUppWqq96dh6gJWwBifmcGfLSB5D4DuSMaqN', 'Meteora DBC', 'launchpad'),
        ('Eo7WjKq67rjJQSZxS6z3YkapzY3eMj6Xy8X5EQVn5UaB', 'Meteora', 'public_amm'),
        ('whirLbMiicVdio4qvUfM5KAg6Ct8VwpYzGff3uctyCc', 'Whirlpool', 'public_amm'),
        ('PhoeNiXZ8ByJGLkxNfZRnkUfjvmuYqLR89jjFHGqdXY', 'Phoenix', 'public_amm'),
        ('2wT8Yq49kHgDzXuPxZSaeLaH1qbmGXtEyPy64bL7aD3c', 'Lifinity Swap V2', 'public_amm'),
        ('SSwpkEEcbUqx4vtoEByFjSkhKdCT862DNVb52nZg1UZ', 'Saber', 'public_amm'),
        ('DecZY86MU5Gj7kppfUCEmd4LbXXuyZH1yHaP2NTqdiZB', 'Saber Decimals', 'public_amm'),
        ('SSwapUtytfBdBn1b9NUGG6foMVPtcWgpRU32HToDUZr', 'Saros', 'public_amm'),
        ('1qbkdrr3z4ryLA7pZykqvxWPoeifcVKo6ZG9CfkvVE', 'Saros DLMM', 'public_amm'),
        ('5ocnV1qiCgaQR8Jb8xWnVbApfaygJ8tNoZfgPwsgx9kx', 'Sanctum Infinity', 'public_amm'),
        ('stkitrT1Uoy18Dk1fTrgPw8W6MVzoCfYoAFT4MLsmhq', 'Sanctum', 'public_amm'),
        ('opnb2LAfJYbRMAHHvqjCwQxanZn7ReEHp1k81EohpZb', 'OpenBook V2', 'public_amm'),
        ('HpNfyc2Saw7RKkQd8nEL4khUcuPhQ7WwY1B2qjx8jxFq', 'PancakeSwap', 'public_amm'),
        ('MNFSTqtC93rEfYHB6hF82sKdZpUDFWkViLByLd1k1Ms', 'Manifest', 'public_amm'),
        ('WooFif76YGRNjk1pA8wCsN67aQsD9f9iLsz4NcJ1AVb', 'Woofi', 'public_amm'),
        ('swapNyd8XiQwJ6ianp9snpu4brUqFxadzvHebnAXjJZ', 'Stabble Stable', 'public_amm'),
        ('AMM55ShdkoGRB5jVYPjWziwk8m5MpwyDgsMWHaMSQWH6', 'Aldrin', 'public_amm'),
        ('CURVGoZn8zycx6FXwwevgBTB2gVvdbGTEpvMJDbgs2t4', 'Aldrin V2', 'public_amm'),
        ('FLUXubRmkEi2q6K3Y9kBPg9248ggaZVsoSFhtJHSrm1X', 'FluxBeam', 'public_amm'),
        ('srAMMzfVHVAtgSJc8iH6CfKzuWuUTzLHVCE81QU1rgi', 'Gavel', 'public_amm'),
        ('FW6zUqn4iKRaeopwwhwsquTY6ABWLLgjxtrC3VPnaWBf', 'WhaleStreet', 'public_amm'),
        ('REALQqNEomY6cQGZJUGwywTBD2UmDT32rZcNnfxQ5N2', 'Byreal', 'public_amm'),
        ('Dooar9JkhdZ7J3LHN3A7YCuoGRUggXhQaG4kijfLGU2j', 'StepN', 'public_amm'),
        ('HEAVENoP2qxoeuF8Dj2oT1GHEnu49U5mJYkdeC8BAX2o', 'Heaven', 'public_amm'),
        ('MoonCVVNZFSYkqNXP6bxHLPL6QQJiMagDL3qcqUQTrG', 'Moonit', 'public_amm'),
        ('vrTGoBuy5rYSxAfV3jaRJWHH6nN9WK4NRExGxsk1bCJ', 'Vertigo', 'public_amm'),
        ('5U3EU2ubXtK84QcRjWVmYt9RaDyA8gKxdUrPFXmZyaki', 'Virtuals', 'public_amm'),
        ('deus4Bvftd5QKcEkE5muQaWGWDoma8GrySvPFrBPjhS', 'Mastermind', 'public_amm'),
        ('boop8hVGQGqehUK2iVEMEnMrL5RbjywRzHKBmBE7ry4', 'Boop.fun', 'public_amm'),
        
        -- Prop AMM
        ('ZERor4xhbUycZ6gb9ntrhqscUcZmAbQDjEAtCf4hbZY', 'ZeroFi', 'prop_amm'),
        ('9H6tua7jkLhdm3w8BvgpTn5LZNU7g4ZynDmCiNN3q6Rp', 'HumidiFi', 'prop_amm'),
        ('ALPHAQmeA7bjrVuccPsYPiCvsi428SNwte66Srvs4pHA', 'AlphaQ', 'prop_amm'),
        ('SV2EYYJyRz2YhfXwXnhNAevDEui5Q6yrfyo13WtupPF', 'SolFi V2', 'prop_amm'),
        ('goonERTdGsjnkZqWuVjs73BZ3Pb9qoCUdBUL17BnS5j', 'GoonFi', 'prop_amm'),
        ('TessVdML9pBGgG9yGks7o4HewRaXVAMuoVj4x83GLQH', 'TesseraV', 'prop_amm'),
        ('obriQD1zbpyLz95G5n7nJe6a4DPjpFwa5XYPoNm113y', 'Obric V2', 'prop_amm'),
        ('AQU1FRd7papthgdrwPTTq5JacJh8YtwEXaBfKU3bTz45', 'Aquifer', 'prop_amm'),
        ('BiSoNHVpsVZW2F7rx2eQ59yQwKxzU5NvBcmKshCSUypi', 'BisonFi', 'prop_amm'),
        
        -- Aggregator
        ('JUP6LkbZbjS1jKKwapdHNy74zcZ3tLUZoi5QNyVTaV4', 'Jupiter', 'aggregator'),
        ('6m2CDdhRgxpH4WjvdzxAYbGxwdGUz5MziiL5jek2kBma', 'OKX V1', 'aggregator'),
        ('proVF4pMXVaYqmy4NjniPh4pqKNfMmsihgd4wdkCX3u', 'OKX V2', 'aggregator'),
        ('T1TANpTeScyeqVzzgNViGDNrkQ6qHz9KrSBS4aNXvGT', 'Titan', 'aggregator'),
        ('DF1ow4tspfHX9JwWJsAb9epbkA8hmpSEAtxXy1V27QBF', 'DFlow', 'aggregator'),
        
        -- Launchpad
        ('pAMMBay6oceH9fJKBRHGP5D4bD4sWpmSwMn52FMfXEA', 'Pump.fun AMM', 'public_amm'),
        ('6EF8rrecthR5Dkzon8Nwu78hRvfCKubJ14M5uBEwF6P', 'Pump.fun', 'launchpad')
    ) AS t(program, program_name, category)
),

active_traders_by_program AS (
    SELECT
        pn.program_name,
        COUNT(DISTINCT t.signer) as active_traders
    FROM solana.dex_trades t
    JOIN program_names pn ON t.outer_program = pn.program
    WHERE DATE_TRUNC('month', t.block_date) = DATE('2025-09-01')
      AND t.block_date < CURRENT_DATE
    GROUP BY pn.program_name
)

SELECT
    DATE('2025-09-01') as month,
    program_name,
    active_traders
FROM active_traders_by_program
ORDER BY active_traders DESC
]
(Background on this error at: https://sqlalche.me/e/20/dbapi)
   ❌ Error during processing: Execution failed on sql '-- Description: Monthly active traders by DEX program
-- Shows monthly unique active traders per program

WITH program_names AS (
    SELECT * FROM (VALUES
        -- Public AMM
        ('675kPX9MHTjS2zt1qfr1NYHuzeLXfQM9H24wFSUt1Mp8', 'Raydium V4', 'public_amm'),
        ('CAMMCzo5YL8w4VFF8KVHrK22GGUsp5VTaW7grrKgrWqK', 'Raydium CLMM', 'public_amm'),
        ('CPMMoo8L3F4NbTegBCKVNunggL7H1ZpdTHKxQB5qKP1C', 'Raydium CPMM', 'public_amm'),
        ('5quBtoiQqxF9Jv6KYKctB59NT3gtJD2Y65kdnB1Uev3h', 'Raydium Stable', 'public_amm'),
        ('LanMV9sAd7wArD4vJFi2qDdfnVhFxYSUg6eADduJ3uj', 'Raydium Launchlab', 'public_amm'),
        ('LBUZKhRxPF3XUpBCjp4YzTKgLccjZhTSDM9YuVaPwxo', 'Meteora DLMM', 'public_amm'),
        ('cpamdpZCGKUy5JxQXB4dcpGPiikHawvSWAd6mEn1sGG', 'Meteora DAMM v2', 'public_amm'),
        ('dbcij3LWUppWqq96dh6gJWwBifmcGfLSB5D4DuSMaqN', 'Meteora DBC', 'launchpad'),
        ('Eo7WjKq67rjJQSZxS6z3YkapzY3eMj6Xy8X5EQVn5UaB', 'Meteora', 'public_amm'),
        ('whirLbMiicVdio4qvUfM5KAg6Ct8VwpYzGff3uctyCc', 'Whirlpool', 'public_amm'),
        ('PhoeNiXZ8ByJGLkxNfZRnkUfjvmuYqLR89jjFHGqdXY', 'Phoenix', 'public_amm'),
        ('2wT8Yq49kHgDzXuPxZSaeLaH1qbmGXtEyPy64bL7aD3c', 'Lifinity Swap V2', 'public_amm'),
        ('SSwpkEEcbUqx4vtoEByFjSkhKdCT862DNVb52nZg1UZ', 'Saber', 'public_amm'),
        ('DecZY86MU5Gj7kppfUCEmd4LbXXuyZH1yHaP2NTqdiZB', 'Saber Decimals', 'public_amm'),
        ('SSwapUtytfBdBn1b9NUGG6foMVPtcWgpRU32HToDUZr', 'Saros', 'public_amm'),
        ('1qbkdrr3z4ryLA7pZykqvxWPoeifcVKo6ZG9CfkvVE', 'Saros DLMM', 'public_amm'),
        ('5ocnV1qiCgaQR8Jb8xWnVbApfaygJ8tNoZfgPwsgx9kx', 'Sanctum Infinity', 'public_amm'),
        ('stkitrT1Uoy18Dk1fTrgPw8W6MVzoCfYoAFT4MLsmhq', 'Sanctum', 'public_amm'),
        ('opnb2LAfJYbRMAHHvqjCwQxanZn7ReEHp1k81EohpZb', 'OpenBook V2', 'public_amm'),
        ('HpNfyc2Saw7RKkQd8nEL4khUcuPhQ7WwY1B2qjx8jxFq', 'PancakeSwap', 'public_amm'),
        ('MNFSTqtC93rEfYHB6hF82sKdZpUDFWkViLByLd1k1Ms', 'Manifest', 'public_amm'),
        ('WooFif76YGRNjk1pA8wCsN67aQsD9f9iLsz4NcJ1AVb', 'Woofi', 'public_amm'),
        ('swapNyd8XiQwJ6ianp9snpu4brUqFxadzvHebnAXjJZ', 'Stabble Stable', 'public_amm'),
        ('AMM55ShdkoGRB5jVYPjWziwk8m5MpwyDgsMWHaMSQWH6', 'Aldrin', 'public_amm'),
        ('CURVGoZn8zycx6FXwwevgBTB2gVvdbGTEpvMJDbgs2t4', 'Aldrin V2', 'public_amm'),
        ('FLUXubRmkEi2q6K3Y9kBPg9248ggaZVsoSFhtJHSrm1X', 'FluxBeam', 'public_amm'),
        ('srAMMzfVHVAtgSJc8iH6CfKzuWuUTzLHVCE81QU1rgi', 'Gavel', 'public_amm'),
        ('FW6zUqn4iKRaeopwwhwsquTY6ABWLLgjxtrC3VPnaWBf', 'WhaleStreet', 'public_amm'),
        ('REALQqNEomY6cQGZJUGwywTBD2UmDT32rZcNnfxQ5N2', 'Byreal', 'public_amm'),
        ('Dooar9JkhdZ7J3LHN3A7YCuoGRUggXhQaG4kijfLGU2j', 'StepN', 'public_amm'),
        ('HEAVENoP2qxoeuF8Dj2oT1GHEnu49U5mJYkdeC8BAX2o', 'Heaven', 'public_amm'),
        ('MoonCVVNZFSYkqNXP6bxHLPL6QQJiMagDL3qcqUQTrG', 'Moonit', 'public_amm'),
        ('vrTGoBuy5rYSxAfV3jaRJWHH6nN9WK4NRExGxsk1bCJ', 'Vertigo', 'public_amm'),
        ('5U3EU2ubXtK84QcRjWVmYt9RaDyA8gKxdUrPFXmZyaki', 'Virtuals', 'public_amm'),
        ('deus4Bvftd5QKcEkE5muQaWGWDoma8GrySvPFrBPjhS', 'Mastermind', 'public_amm'),
        ('boop8hVGQGqehUK2iVEMEnMrL5RbjywRzHKBmBE7ry4', 'Boop.fun', 'public_amm'),
        
        -- Prop AMM
        ('ZERor4xhbUycZ6gb9ntrhqscUcZmAbQDjEAtCf4hbZY', 'ZeroFi', 'prop_amm'),
        ('9H6tua7jkLhdm3w8BvgpTn5LZNU7g4ZynDmCiNN3q6Rp', 'HumidiFi', 'prop_amm'),
        ('ALPHAQmeA7bjrVuccPsYPiCvsi428SNwte66Srvs4pHA', 'AlphaQ', 'prop_amm'),
        ('SV2EYYJyRz2YhfXwXnhNAevDEui5Q6yrfyo13WtupPF', 'SolFi V2', 'prop_amm'),
        ('goonERTdGsjnkZqWuVjs73BZ3Pb9qoCUdBUL17BnS5j', 'GoonFi', 'prop_amm'),
        ('TessVdML9pBGgG9yGks7o4HewRaXVAMuoVj4x83GLQH', 'TesseraV', 'prop_amm'),
        ('obriQD1zbpyLz95G5n7nJe6a4DPjpFwa5XYPoNm113y', 'Obric V2', 'prop_amm'),
        ('AQU1FRd7papthgdrwPTTq5JacJh8YtwEXaBfKU3bTz45', 'Aquifer', 'prop_amm'),
        ('BiSoNHVpsVZW2F7rx2eQ59yQwKxzU5NvBcmKshCSUypi', 'BisonFi', 'prop_amm'),
        
        -- Aggregator
        ('JUP6LkbZbjS1jKKwapdHNy74zcZ3tLUZoi5QNyVTaV4', 'Jupiter', 'aggregator'),
        ('6m2CDdhRgxpH4WjvdzxAYbGxwdGUz5MziiL5jek2kBma', 'OKX V1', 'aggregator'),
        ('proVF4pMXVaYqmy4NjniPh4pqKNfMmsihgd4wdkCX3u', 'OKX V2', 'aggregator'),
        ('T1TANpTeScyeqVzzgNViGDNrkQ6qHz9KrSBS4aNXvGT', 'Titan', 'aggregator'),
        ('DF1ow4tspfHX9JwWJsAb9epbkA8hmpSEAtxXy1V27QBF', 'DFlow', 'aggregator'),
        
        -- Launchpad
        ('pAMMBay6oceH9fJKBRHGP5D4bD4sWpmSwMn52FMfXEA', 'Pump.fun AMM', 'public_amm'),
        ('6EF8rrecthR5Dkzon8Nwu78hRvfCKubJ14M5uBEwF6P', 'Pump.fun', 'launchpad')
    ) AS t(program, program_name, category)
),

active_traders_by_program AS (
    SELECT
        pn.program_name,
        COUNT(DISTINCT t.signer) as active_traders
    FROM solana.dex_trades t
    JOIN program_names pn ON t.outer_program = pn.program
    WHERE DATE_TRUNC('month', t.block_date) = DATE('2025-09-01')
      AND t.block_date < CURRENT_DATE
    GROUP BY pn.program_name
)

SELECT
    DATE('2025-09-01') as month,
    program_name,
    active_traders
FROM active_traders_by_program
ORDER BY active_traders DESC
': (trino.exceptions.TrinoQueryError) TrinoQueryError(type=INTERNAL_ERROR, name=GENERIC_INTERNAL_ERROR, message="java.io.IOException: Failed to open S3 file: s3://iceberg-warehouse/solana/dex_trades_v2/data/block_date=2025-09-07/data-00000-05b0f4ac-bb59-4177-babd-6b4a4d27c109.parquet", query_id=20260310_103530_00018_tvaaa)
[SQL: -- Description: Monthly active traders by DEX program
-- Shows monthly unique active traders per program

WITH program_names AS (
    SELECT * FROM (VALUES
        -- Public AMM
        ('675kPX9MHTjS2zt1qfr1NYHuzeLXfQM9H24wFSUt1Mp8', 'Raydium V4', 'public_amm'),
        ('CAMMCzo5YL8w4VFF8KVHrK22GGUsp5VTaW7grrKgrWqK', 'Raydium CLMM', 'public_amm'),
        ('CPMMoo8L3F4NbTegBCKVNunggL7H1ZpdTHKxQB5qKP1C', 'Raydium CPMM', 'public_amm'),
        ('5quBtoiQqxF9Jv6KYKctB59NT3gtJD2Y65kdnB1Uev3h', 'Raydium Stable', 'public_amm'),
        ('LanMV9sAd7wArD4vJFi2qDdfnVhFxYSUg6eADduJ3uj', 'Raydium Launchlab', 'public_amm'),
        ('LBUZKhRxPF3XUpBCjp4YzTKgLccjZhTSDM9YuVaPwxo', 'Meteora DLMM', 'public_amm'),
        ('cpamdpZCGKUy5JxQXB4dcpGPiikHawvSWAd6mEn1sGG', 'Meteora DAMM v2', 'public_amm'),
        ('dbcij3LWUppWqq96dh6gJWwBifmcGfLSB5D4DuSMaqN', 'Meteora DBC', 'launchpad'),
        ('Eo7WjKq67rjJQSZxS6z3YkapzY3eMj6Xy8X5EQVn5UaB', 'Meteora', 'public_amm'),
        ('whirLbMiicVdio4qvUfM5KAg6Ct8VwpYzGff3uctyCc', 'Whirlpool', 'public_amm'),
        ('PhoeNiXZ8ByJGLkxNfZRnkUfjvmuYqLR89jjFHGqdXY', 'Phoenix', 'public_amm'),
        ('2wT8Yq49kHgDzXuPxZSaeLaH1qbmGXtEyPy64bL7aD3c', 'Lifinity Swap V2', 'public_amm'),
        ('SSwpkEEcbUqx4vtoEByFjSkhKdCT862DNVb52nZg1UZ', 'Saber', 'public_amm'),
        ('DecZY86MU5Gj7kppfUCEmd4LbXXuyZH1yHaP2NTqdiZB', 'Saber Decimals', 'public_amm'),
        ('SSwapUtytfBdBn1b9NUGG6foMVPtcWgpRU32HToDUZr', 'Saros', 'public_amm'),
        ('1qbkdrr3z4ryLA7pZykqvxWPoeifcVKo6ZG9CfkvVE', 'Saros DLMM', 'public_amm'),
        ('5ocnV1qiCgaQR8Jb8xWnVbApfaygJ8tNoZfgPwsgx9kx', 'Sanctum Infinity', 'public_amm'),
        ('stkitrT1Uoy18Dk1fTrgPw8W6MVzoCfYoAFT4MLsmhq', 'Sanctum', 'public_amm'),
        ('opnb2LAfJYbRMAHHvqjCwQxanZn7ReEHp1k81EohpZb', 'OpenBook V2', 'public_amm'),
        ('HpNfyc2Saw7RKkQd8nEL4khUcuPhQ7WwY1B2qjx8jxFq', 'PancakeSwap', 'public_amm'),
        ('MNFSTqtC93rEfYHB6hF82sKdZpUDFWkViLByLd1k1Ms', 'Manifest', 'public_amm'),
        ('WooFif76YGRNjk1pA8wCsN67aQsD9f9iLsz4NcJ1AVb', 'Woofi', 'public_amm'),
        ('swapNyd8XiQwJ6ianp9snpu4brUqFxadzvHebnAXjJZ', 'Stabble Stable', 'public_amm'),
        ('AMM55ShdkoGRB5jVYPjWziwk8m5MpwyDgsMWHaMSQWH6', 'Aldrin', 'public_amm'),
        ('CURVGoZn8zycx6FXwwevgBTB2gVvdbGTEpvMJDbgs2t4', 'Aldrin V2', 'public_amm'),
        ('FLUXubRmkEi2q6K3Y9kBPg9248ggaZVsoSFhtJHSrm1X', 'FluxBeam', 'public_amm'),
        ('srAMMzfVHVAtgSJc8iH6CfKzuWuUTzLHVCE81QU1rgi', 'Gavel', 'public_amm'),
        ('FW6zUqn4iKRaeopwwhwsquTY6ABWLLgjxtrC3VPnaWBf', 'WhaleStreet', 'public_amm'),
        ('REALQqNEomY6cQGZJUGwywTBD2UmDT32rZcNnfxQ5N2', 'Byreal', 'public_amm'),
        ('Dooar9JkhdZ7J3LHN3A7YCuoGRUggXhQaG4kijfLGU2j', 'StepN', 'public_amm'),
        ('HEAVENoP2qxoeuF8Dj2oT1GHEnu49U5mJYkdeC8BAX2o', 'Heaven', 'public_amm'),
        ('MoonCVVNZFSYkqNXP6bxHLPL6QQJiMagDL3qcqUQTrG', 'Moonit', 'public_amm'),
        ('vrTGoBuy5rYSxAfV3jaRJWHH6nN9WK4NRExGxsk1bCJ', 'Vertigo', 'public_amm'),
        ('5U3EU2ubXtK84QcRjWVmYt9RaDyA8gKxdUrPFXmZyaki', 'Virtuals', 'public_amm'),
        ('deus4Bvftd5QKcEkE5muQaWGWDoma8GrySvPFrBPjhS', 'Mastermind', 'public_amm'),
        ('boop8hVGQGqehUK2iVEMEnMrL5RbjywRzHKBmBE7ry4', 'Boop.fun', 'public_amm'),
        
        -- Prop AMM
        ('ZERor4xhbUycZ6gb9ntrhqscUcZmAbQDjEAtCf4hbZY', 'ZeroFi', 'prop_amm'),
        ('9H6tua7jkLhdm3w8BvgpTn5LZNU7g4ZynDmCiNN3q6Rp', 'HumidiFi', 'prop_amm'),
        ('ALPHAQmeA7bjrVuccPsYPiCvsi428SNwte66Srvs4pHA', 'AlphaQ', 'prop_amm'),
        ('SV2EYYJyRz2YhfXwXnhNAevDEui5Q6yrfyo13WtupPF', 'SolFi V2', 'prop_amm'),
        ('goonERTdGsjnkZqWuVjs73BZ3Pb9qoCUdBUL17BnS5j', 'GoonFi', 'prop_amm'),
        ('TessVdML9pBGgG9yGks7o4HewRaXVAMuoVj4x83GLQH', 'TesseraV', 'prop_amm'),
        ('obriQD1zbpyLz95G5n7nJe6a4DPjpFwa5XYPoNm113y', 'Obric V2', 'prop_amm'),
        ('AQU1FRd7papthgdrwPTTq5JacJh8YtwEXaBfKU3bTz45', 'Aquifer', 'prop_amm'),
        ('BiSoNHVpsVZW2F7rx2eQ59yQwKxzU5NvBcmKshCSUypi', 'BisonFi', 'prop_amm'),
        
        -- Aggregator
        ('JUP6LkbZbjS1jKKwapdHNy74zcZ3tLUZoi5QNyVTaV4', 'Jupiter', 'aggregator'),
        ('6m2CDdhRgxpH4WjvdzxAYbGxwdGUz5MziiL5jek2kBma', 'OKX V1', 'aggregator'),
        ('proVF4pMXVaYqmy4NjniPh4pqKNfMmsihgd4wdkCX3u', 'OKX V2', 'aggregator'),
        ('T1TANpTeScyeqVzzgNViGDNrkQ6qHz9KrSBS4aNXvGT', 'Titan', 'aggregator'),
        ('DF1ow4tspfHX9JwWJsAb9epbkA8hmpSEAtxXy1V27QBF', 'DFlow', 'aggregator'),
        
        -- Launchpad
        ('pAMMBay6oceH9fJKBRHGP5D4bD4sWpmSwMn52FMfXEA', 'Pump.fun AMM', 'public_amm'),
        ('6EF8rrecthR5Dkzon8Nwu78hRvfCKubJ14M5uBEwF6P', 'Pump.fun', 'launchpad')
    ) AS t(program, program_name, category)
),

active_traders_by_program AS (
    SELECT
        pn.program_name,
        COUNT(DISTINCT t.signer) as active_traders
    FROM solana.dex_trades t
    JOIN program_names pn ON t.outer_program = pn.program
    WHERE DATE_TRUNC('month', t.block_date) = DATE('2025-09-01')
      AND t.block_date < CURRENT_DATE
    GROUP BY pn.program_name
)

SELECT
    DATE('2025-09-01') as month,
    program_name,
    active_traders
FROM active_traders_by_program
ORDER BY active_traders DESC
]
(Background on this error at: https://sqlalche.me/e/20/dbapi)
   ℹ️  Partial data saved via checkpoints: 148 rows
⚠️  Job #355 PARTIALLY SUCCESSFUL: 148 rows saved

⏳ No pending jobs. Waiting 10s... (processed 14 jobs so far)

⏳ No pending jobs. Waiting 10s... (processed 14 jobs so far)

⏳ No pending jobs. Waiting 10s... (processed 14 jobs so far)

⏳ No pending jobs. Waiting 10s... (processed 14 jobs so far)

⏳ No pending jobs. Waiting 10s... (processed 14 jobs so far)

⏳ No pending jobs. Waiting 10s... (processed 14 jobs so far)

⏳ No pending jobs. Waiting 10s... (processed 14 jobs so far)

⏳ No pending jobs. Waiting 10s... (processed 14 jobs so far)

⏳ No pending jobs. Waiting 10s... (processed 14 jobs so far)

⏳ No pending jobs. Waiting 10s... (processed 14 jobs so far)

⏳ No pending jobs. Waiting 10s... (processed 14 jobs so far)

⏳ No pending jobs. Waiting 10s... (processed 14 jobs so far)

⏳ No pending jobs. Waiting 10s... (processed 14 jobs so far)

⏳ No pending jobs. Waiting 10s... (processed 14 jobs so far)

⏳ No pending jobs. Waiting 10s... (processed 14 jobs so far)

⏳ No pending jobs. Waiting 10s... (processed 14 jobs so far)

⏳ No pending jobs. Waiting 10s... (processed 14 jobs so far)

⏳ No pending jobs. Waiting 10s... (processed 14 jobs so far)

⏳ No pending jobs. Waiting 10s... (processed 14 jobs so far)

⏳ No pending jobs. Waiting 10s... (processed 14 jobs so far)

⏳ No pending jobs. Waiting 10s... (processed 14 jobs so far)

⏳ No pending jobs. Waiting 10s... (processed 14 jobs so far)

⏳ No pending jobs. Waiting 10s... (processed 14 jobs so far)

⏳ No pending jobs. Waiting 10s... (processed 14 jobs so far)

⏳ No pending jobs. Waiting 10s... (processed 14 jobs so far)

⏳ No pending jobs. Waiting 10s... (processed 14 jobs so far)

⏳ No pending jobs. Waiting 10s... (processed 14 jobs so far)

⏳ No pending jobs. Waiting 10s... (processed 14 jobs so far)

🔄 Processing job #354 (backfill) - attempt 2/3
   SQL hash: 0fd6c6c2e3665b6d124b92b97982193e
   📅 Backfill (resume): existing 4 rows (1 months), 14 missing months
   🔧 Filling 14 missing months...
      Fetching 2026-02-01 (1/14)... ✅ 4 rows 💾
      Fetching 2026-01-01 (2/14)... ✅ 4 rows 💾
      Fetching 2025-12-01 (3/14)... ✅ 4 rows 💾
      Fetching 2025-11-01 (4/14)... ✅ 4 rows 💾
      Fetching 2025-10-01 (5/14)... ✅ 4 rows 💾
      Fetching 2025-09-01 (6/14)... ✅ 4 rows 💾
      Fetching 2025-08-01 (7/14)... ✅ 4 rows 💾
      Fetching 2025-07-01 (8/14)... ✅ 4 rows 💾
      Fetching 2025-06-01 (9/14)... ✅ 4 rows 💾
      Fetching 2025-05-01 (10/14)... ✅ 4 rows 💾
      Fetching 2025-04-01 (11/14)... ✅ 4 rows 💾
      Fetching 2025-03-01 (12/14)... ✅ 4 rows 💾
      Fetching 2025-02-01 (13/14)... ✅ 4 rows 💾
      Fetching 2025-01-01 (14/14)... ✅ 4 rows