{
  "testDate": "2025-07-19T13:29:23.775Z",
  "testType": "Option 3: Data Aggregation (Best) Performance Test",
  "summary": {
    "totalPagesTest": 10,
    "averageImprovements": {
      "loadTime": -20.022645077435865,
      "fileSize": -55.42315253485909,
      "memoryUsage": -9.407230684386898,
      "renderTime": 23.952774908189788,
      "dataPointsReduction": 29.955231660883364
    },
    "totalSizeReduction": -31.185400074805912,
    "totalPointsReduction": 68.23620025673941,
    "totalOriginalSizeMB": 0.4181556701660156,
    "totalAggregatedSizeMB": 0.5485591888427734,
    "totalOriginalPoints": 19475,
    "totalAggregatedPoints": 6186
  },
  "detailedResults": [
    {
      "pageId": "aggregators",
      "original": {
        "loadTime": 0.7282917022705078,
        "fileSize": 1513,
        "memoryUsage": 4875550.4,
        "renderTime": 0.2186582565307617,
        "dataPoints": 85
      },
      "aggregated": {
        "loadTime": 1.050099754333496,
        "fileSize": 2647,
        "memoryUsage": 4785161.6,
        "renderTime": 0.353087329864502,
        "dataPoints": 85
      },
      "improvements": {
        "loadTime": -44.1866975910512,
        "fileSize": -74.95042961004627,
        "memoryUsage": 1.8539199184568114,
        "renderTime": -61.47907491196348,
        "dataPointsReduction": 0
      }
    },
    {
      "pageId": "btc-tvl",
      "original": {
        "loadTime": 3.035358428955078,
        "fileSize": 57543,
        "memoryUsage": 6390502.4,
        "renderTime": 1.0925168991088867,
        "dataPoints": 4398
      },
      "aggregated": {
        "loadTime": 3.828216552734375,
        "fileSize": 93636,
        "memoryUsage": 6721481.6,
        "renderTime": 0.42654991149902344,
        "dataPoints": 2352
      },
      "improvements": {
        "loadTime": -26.1207413337422,
        "fileSize": -62.723528491736616,
        "memoryUsage": -5.179235986203514,
        "renderTime": 60.95713376635733,
        "dataPointsReduction": 46.52114597544338
      }
    },
    {
      "pageId": "cexs",
      "original": {
        "loadTime": 2.53695011138916,
        "fileSize": 8378,
        "memoryUsage": 6434739.2,
        "renderTime": 0.15600824356079102,
        "dataPoints": 577
      },
      "aggregated": {
        "loadTime": 5.022341537475586,
        "fileSize": 18681,
        "memoryUsage": 7752180.8,
        "renderTime": 0.17030439376831055,
        "dataPoints": 577
      },
      "improvements": {
        "loadTime": -97.96769021703378,
        "fileSize": -122.9768441155407,
        "memoryUsage": -20.473892710368116,
        "renderTime": -9.163714609701906,
        "dataPointsReduction": 0
      }
    },
    {
      "pageId": "compute-units",
      "original": {
        "loadTime": 0.8750251770019531,
        "fileSize": 16021,
        "memoryUsage": 7673585.6,
        "renderTime": 0.3781623840332031,
        "dataPoints": 804
      },
      "aggregated": {
        "loadTime": 1.4996753692626954,
        "fileSize": 28857,
        "memoryUsage": 9668507.2,
        "renderTime": 0.25975828170776366,
        "dataPoints": 804
      },
      "improvements": {
        "loadTime": -71.38653934518138,
        "fileSize": -80.11984270644778,
        "memoryUsage": -25.997254790511487,
        "renderTime": 31.310386047027734,
        "dataPointsReduction": 0
      }
    },
    {
      "pageId": "cu-overspending",
      "original": {
        "loadTime": 0.4728996276855469,
        "fileSize": 4489,
        "memoryUsage": 6796344,
        "renderTime": 0.05979976654052734,
        "dataPoints": 217
      },
      "aggregated": {
        "loadTime": 0.34300823211669923,
        "fileSize": 5876,
        "memoryUsage": 7245118.4,
        "renderTime": 0.0457000732421875,
        "dataPoints": 217
      },
      "improvements": {
        "loadTime": 27.467011594946428,
        "fileSize": -30.89775005569169,
        "memoryUsage": -6.603173706333881,
        "renderTime": 23.578174487996094,
        "dataPointsReduction": 0
      }
    },
    {
      "pageId": "dashboard",
      "original": {
        "loadTime": 0.12955799102783203,
        "fileSize": 1773,
        "memoryUsage": 6600216,
        "renderTime": 0.0213623046875,
        "dataPoints": 69
      },
      "aggregated": {
        "loadTime": 0.18435802459716796,
        "fileSize": 2866,
        "memoryUsage": 6792348.8,
        "renderTime": 0.018137454986572266,
        "dataPoints": 69
      },
      "improvements": {
        "loadTime": -42.297687031565374,
        "fileSize": -61.64692611393119,
        "memoryUsage": -2.9110077609581233,
        "renderTime": 15.095982142857142,
        "dataPointsReduction": 0
      }
    },
    {
      "pageId": "depin",
      "original": {
        "loadTime": 3.7943918228149416,
        "fileSize": 49234,
        "memoryUsage": 10904993.6,
        "renderTime": 0.392337703704834,
        "dataPoints": 1910
      },
      "aggregated": {
        "loadTime": 2.4293001174926756,
        "fileSize": 60419,
        "memoryUsage": 11772736,
        "renderTime": 0.045491600036621095,
        "dataPoints": 303
      },
      "improvements": {
        "loadTime": 35.97656143770484,
        "fileSize": -22.718040378600154,
        "memoryUsage": -7.957293986857547,
        "renderTime": 88.40498896561681,
        "dataPointsReduction": 84.13612565445027
      }
    },
    {
      "pageId": "dex-activity",
      "original": {
        "loadTime": 0.28450832366943357,
        "fileSize": 2229,
        "memoryUsage": 10134827.2,
        "renderTime": 0.024020862579345704,
        "dataPoints": 88
      },
      "aggregated": {
        "loadTime": 0.24727458953857423,
        "fileSize": 3657,
        "memoryUsage": 10390411.2,
        "renderTime": 0.0395665168762207,
        "dataPoints": 88
      },
      "improvements": {
        "loadTime": 13.087045626869154,
        "fileSize": -64.06460296096904,
        "memoryUsage": -2.5218387541920793,
        "renderTime": -64.71730249288342,
        "dataPointsReduction": 0
      }
    },
    {
      "pageId": "dex-ecosystem",
      "original": {
        "loadTime": 14.513699913024903,
        "fileSize": 274069,
        "memoryUsage": 15300092.8,
        "renderTime": 2.9470584869384764,
        "dataPoints": 9941
      },
      "aggregated": {
        "loadTime": 13.546341705322266,
        "fileSize": 332361,
        "memoryUsage": 17549083.2,
        "renderTime": 0.23806657791137695,
        "dataPoints": 1464
      },
      "improvements": {
        "loadTime": 6.665138548403557,
        "fileSize": -21.269096468407593,
        "memoryUsage": -14.699194504232016,
        "renderTime": 91.92189164326054,
        "dataPointsReduction": 85.27311135700634
      }
    },
    {
      "pageId": "dex-summary",
      "original": {
        "loadTime": 0.9382415771484375,
        "fileSize": 23219,
        "memoryUsage": 15726651.2,
        "renderTime": 0.2565459251403809,
        "dataPoints": 1386
      },
      "aggregated": {
        "loadTime": 0.951966667175293,
        "fileSize": 26206,
        "memoryUsage": 17233788.8,
        "renderTime": 0.09333324432373047,
        "dataPoints": 227
      },
      "improvements": {
        "loadTime": -1.4628524637087248,
        "fileSize": -12.86446444721995,
        "memoryUsage": -9.583334562669016,
        "renderTime": 63.61928404333107,
        "dataPointsReduction": 83.62193362193362
      }
    }
  ],
  "expectedUserExperience": {
    "initialLoad": "-20.0% faster (Moderate improvement)",
    "memoryFootprint": "-9.4% lower memory usage",
    "renderingSpeed": "24.0% faster chart rendering",
    "dataTransfer": "-55.4% less bandwidth usage",
    "overallRating": "Minimal (<10% improvement)"
  }
}